id,x,y,deg
001_0,s0.0,s0.0,s224.07799
002_0,s0.0,s0.0,s224.07799
002_1,s-0.148662,s0.371349,s324.138907
003_0,s0.0,s0.0,s224.07799
003_1,s-0.148662,s0.371349,s324.138907
003_2,s-0.433521,s-0.120664,s43.560215
004_0,s0.0,s0.0,s224.07799
004_1,s-0.148662,s0.371349,s324.138907
004_2,s-0.433521,s-0.120664,s43.560215
004_3,s0.190827,s-0.673487,s116.327727
005_0,s0.0,s0.0,s224.07799
005_1,s-0.148662,s0.371349,s324.138907
005_2,s-0.433521,s-0.120664,s43.560215
005_3,s0.190827,s-0.673487,s116.327727
005_4,s-0.913799,s-0.259751,s80.095038
006_0,s0.0,s0.0,s224.07799
006_1,s-0.148662,s0.371349,s324.138907
006_2,s-0.433521,s-0.120664,s43.560215
006_3,s0.190827,s-0.673487,s116.327727
006_4,s-0.913799,s-0.259751,s80.095038
006_5,s-0.447068,s0.663423,s97.607334
007_0,s0.0,s0.0,s224.07799
007_1,s-0.148662,s0.371349,s324.138907
007_2,s-0.433521,s-0.120664,s43.560215
007_3,s0.190827,s-0.673487,s116.327727
007_4,s-0.913799,s-0.259751,s80.095038
007_5,s-0.447068,s0.663423,s97.607334
007_6,s-0.744268,s-0.590394,s194.56315
008_0,s0.0,s0.0,s224.07799
008_1,s-0.148662,s0.371349,s324.138907
008_2,s-0.433521,s-0.120664,s43.560215
008_3,s0.190827,s-0.673487,s116.327727
008_4,s-0.913799,s-0.259751,s80.095038
008_5,s-0.447068,s0.663423,s97.607334
008_6,s-0.744268,s-0.590394,s194.56315
008_7,s-0.067394,s1.047835,s63.289603
009_0,s0.0,s0.0,s224.07799
009_1,s-0.148662,s0.371349,s324.138907
009_2,s-0.433521,s-0.120664,s43.560215
009_3,s0.190827,s-0.673487,s116.327727
009_4,s-0.913799,s-0.259751,s80.095038
009_5,s-0.447068,s0.663423,s97.607334
009_6,s-0.744268,s-0.590394,s194.56315
009_7,s-0.067394,s1.047835,s63.289603
009_8,s0.44541,s0.540009,s230.223708
010_0,s0.0,s0.0,s224.07799
010_1,s-0.148662,s0.371349,s324.138907
010_2,s-0.433521,s-0.120664,s43.560215
010_3,s0.190827,s-0.673487,s116.327727
010_4,s-0.913799,s-0.259751,s80.095038
010_5,s-0.447068,s0.663423,s97.607334
010_6,s-0.744268,s-0.590394,s194.56315
010_7,s-0.067394,s1.047835,s63.289603
010_8,s0.44541,s0.540009,s230.223708
010_9,s1.095233,s-0.350664,s121.948796
011_0,s0.0,s0.0,s224.07799
011_1,s-0.148662,s0.371349,s324.138907
011_2,s-0.433521,s-0.120664,s43.560215
011_3,s0.190827,s-0.673487,s116.327727
011_4,s-0.913799,s-0.259751,s80.095038
011_5,s-0.447068,s0.663423,s97.607334
011_6,s-0.744268,s-0.590394,s194.56315
011_7,s-0.067394,s1.047835,s63.289603
011_8,s0.44541,s0.540009,s230.223708
011_9,s1.095233,s-0.350664,s121.948796
011_10,s0.734919,s-0.948627,s215.942255
012_0,s0.0,s0.0,s224.07799
012_1,s-0.148662,s0.371349,s324.138907
012_2,s-0.433521,s-0.120664,s43.560215
012_3,s0.190827,s-0.673487,s116.327727
012_4,s-0.913799,s-0.259751,s80.095038
012_5,s-0.447068,s0.663423,s97.607334
012_6,s-0.744268,s-0.590394,s194.56315
012_7,s-0.067394,s1.047835,s63.289603
012_8,s0.44541,s0.540009,s230.223708
012_9,s1.095233,s-0.350664,s121.948796
012_10,s0.734919,s-0.948627,s215.942255
012_11,s1.050575,s0.847816,s64.136372
013_0,s0.0,s0.0,s224.07799
013_1,s-0.148662,s0.371349,s324.138907
013_2,s-0.433521,s-0.120664,s43.560215
013_3,s0.190827,s-0.673487,s116.327727
013_4,s-0.913799,s-0.259751,s80.095038
013_5,s-0.447068,s0.663423,s97.607334
013_6,s-0.744268,s-0.590394,s194.56315
013_7,s-0.067394,s1.047835,s63.289603
013_8,s0.44541,s0.540009,s230.223708
013_9,s1.095233,s-0.350664,s121.948796
013_10,s0.734919,s-0.948627,s215.942255
013_11,s1.050575,s0.847816,s64.136372
013_12,s1.373843,s0.46374,s347.862517
014_0,s0.0,s0.0,s224.07799
014_1,s-0.148662,s0.371349,s324.138907
014_2,s-0.433521,s-0.120664,s43.560215
014_3,s0.190827,s-0.673487,s116.327727
014_4,s-0.913799,s-0.259751,s80.095038
014_5,s-0.447068,s0.663423,s97.607334
014_6,s-0.744268,s-0.590394,s194.56315
014_7,s-0.067394,s1.047835,s63.289603
014_8,s0.44541,s0.540009,s230.223708
014_9,s1.095233,s-0.350664,s121.948796
014_10,s0.734919,s-0.948627,s215.942255
014_11,s1.050575,s0.847816,s64.136372
014_12,s1.373843,s0.46374,s347.862517
014_13,s-1.245248,s-0.63981,s125.561183
015_0,s0.0,s0.0,s224.07799
015_1,s-0.148662,s0.371349,s324.138907
015_2,s-0.433521,s-0.120664,s43.560215
015_3,s0.190827,s-0.673487,s116.327727
015_4,s-0.913799,s-0.259751,s80.095038
015_5,s-0.447068,s0.663423,s97.607334
015_6,s-0.744268,s-0.590394,s194.56315
015_7,s-0.067394,s1.047835,s63.289603
015_8,s0.44541,s0.540009,s230.223708
015_9,s1.095233,s-0.350664,s121.948796
015_10,s0.734919,s-0.948627,s215.942255
015_11,s1.050575,s0.847816,s64.136372
015_12,s1.373843,s0.46374,s347.862517
015_13,s-1.245248,s-0.63981,s125.561183
015_14,s0.338793,s-1.306797,s194.028876
016_0,s0.0,s0.0,s224.07799
016_1,s-0.148662,s0.371349,s324.138907
016_2,s-0.433521,s-0.120664,s43.560215
016_3,s0.190827,s-0.673487,s116.327727
016_4,s-0.913799,s-0.259751,s80.095038
016_5,s-0.447068,s0.663423,s97.607334
016_6,s-0.744268,s-0.590394,s194.56315
016_7,s-0.067394,s1.047835,s63.289603
016_8,s0.44541,s0.540009,s230.223708
016_9,s1.095233,s-0.350664,s121.948796
016_10,s0.734919,s-0.948627,s215.942255
016_11,s1.050575,s0.847816,s64.136372
016_12,s1.373843,s0.46374,s347.862517
016_13,s-1.245248,s-0.63981,s125.561183
016_14,s0.338793,s-1.306797,s194.028876
016_15,s-0.179821,s1.640172,s282.801172
017_0,s0.0,s0.0,s224.07799
017_1,s-0.148662,s0.371349,s324.138907
017_2,s-0.433521,s-0.120664,s43.560215
017_3,s0.190827,s-0.673487,s116.327727
017_4,s-0.913799,s-0.259751,s80.095038
017_5,s-0.447068,s0.663423,s97.607334
017_6,s-0.744268,s-0.590394,s194.56315
017_7,s-0.067394,s1.047835,s63.289603
017_8,s0.44541,s0.540009,s230.223708
017_9,s1.095233,s-0.350664,s121.948796
017_10,s0.734919,s-0.948627,s215.942255
017_11,s1.050575,s0.847816,s64.136372
017_12,s1.373843,s0.46374,s347.862517
017_13,s-1.245248,s-0.63981,s125.561183
017_14,s0.338793,s-1.306797,s194.028876
017_15,s-0.179821,s1.640172,s282.801172
017_16,s1.593643,s0.142487,s235.155091
018_0,s0.0,s0.0,s224.07799
018_1,s-0.148662,s0.371349,s324.138907
018_2,s-0.433521,s-0.120664,s43.560215
018_3,s0.190827,s-0.673487,s116.327727
018_4,s-0.913799,s-0.259751,s80.095038
018_5,s-0.447068,s0.663423,s97.607334
018_6,s-0.744268,s-0.590394,s194.56315
018_7,s-0.067394,s1.047835,s63.289603
018_8,s0.44541,s0.540009,s230.223708
018_9,s1.095233,s-0.350664,s121.948796
018_10,s0.734919,s-0.948627,s215.942255
018_11,s1.050575,s0.847816,s64.136372
018_12,s1.373843,s0.46374,s347.862517
018_13,s-1.245248,s-0.63981,s125.561183
018_14,s0.338793,s-1.306797,s194.028876
018_15,s-0.179821,s1.640172,s282.801172
018_16,s1.593643,s0.142487,s235.155091
018_17,s1.541295,s-0.929737,s310.83356
019_0,s0.0,s0.0,s224.07799
019_1,s-0.148662,s0.371349,s324.138907
019_2,s-0.433521,s-0.120664,s43.560215
019_3,s0.190827,s-0.673487,s116.327727
019_4,s-0.913799,s-0.259751,s80.095038
019_5,s-0.447068,s0.663423,s97.607334
019_6,s-0.744268,s-0.590394,s194.56315
019_7,s-0.067394,s1.047835,s63.289603
019_8,s0.44541,s0.540009,s230.223708
019_9,s1.095233,s-0.350664,s121.948796
019_10,s0.734919,s-0.948627,s215.942255
019_11,s1.050575,s0.847816,s64.136372
019_12,s1.373843,s0.46374,s347.862517
019_13,s-1.245248,s-0.63981,s125.561183
019_14,s0.338793,s-1.306797,s194.028876
019_15,s-0.179821,s1.640172,s282.801172
019_16,s1.593643,s0.142487,s235.155091
019_17,s1.541295,s-0.929737,s310.83356
019_18,s-1.250661,s-1.151455,s199.265546
020_0,s0.0,s0.0,s224.07799
020_1,s-0.148662,s0.371349,s324.138907
020_2,s-0.433521,s-0.120664,s43.560215
020_3,s0.190827,s-0.673487,s116.327727
020_4,s-0.913799,s-0.259751,s80.095038
020_5,s-0.447068,s0.663423,s97.607334
020_6,s-0.744268,s-0.590394,s194.56315
020_7,s-0.067394,s1.047835,s63.289603
020_8,s0.44541,s0.540009,s230.223708
020_9,s1.095233,s-0.350664,s121.948796
020_10,s0.734919,s-0.948627,s215.942255
020_11,s1.050575,s0.847816,s64.136372
020_12,s1.373843,s0.46374,s347.862517
020_13,s-1.245248,s-0.63981,s125.561183
020_14,s0.338793,s-1.306797,s194.028876
020_15,s-0.179821,s1.640172,s282.801172
020_16,s1.593643,s0.142487,s235.155091
020_17,s1.541295,s-0.929737,s310.83356
020_18,s-1.250661,s-1.151455,s199.265546
020_19,s0.914429,s1.373433,s12.198963
021_0,s0.0,s0.0,s224.07799
021_1,s-0.148662,s0.371349,s324.138907
021_2,s-0.433521,s-0.120664,s43.560215
021_3,s0.190827,s-0.673487,s116.327727
021_4,s-0.913799,s-0.259751,s80.095038
021_5,s-0.447068,s0.663423,s97.607334
021_6,s-0.744268,s-0.590394,s194.56315
021_7,s-0.067394,s1.047835,s63.289603
021_8,s0.44541,s0.540009,s230.223708
021_9,s1.095233,s-0.350664,s121.948796
021_10,s0.734919,s-0.948627,s215.942255
021_11,s1.050575,s0.847816,s64.136372
021_12,s1.373843,s0.46374,s347.862517
021_13,s-1.245248,s-0.63981,s125.561183
021_14,s0.338793,s-1.306797,s194.028876
021_15,s-0.179821,s1.640172,s282.801172
021_16,s1.593643,s0.142487,s235.155091
021_17,s1.541295,s-0.929737,s310.83356
021_18,s-1.250661,s-1.151455,s199.265546
021_19,s0.914429,s1.373433,s12.198963
021_20,s-0.990518,s0.917264,s50.454835
022_0,s0.0,s0.0,s224.07799
022_1,s-0.148662,s0.371349,s324.138907
022_2,s-0.433521,s-0.120664,s43.560215
022_3,s0.190827,s-0.673487,s116.327727
022_4,s-0.913799,s-0.259751,s80.095038
022_5,s-0.447068,s0.663423,s97.607334
022_6,s-0.744268,s-0.590394,s194.56315
022_7,s-0.067394,s1.047835,s63.289603
022_8,s0.44541,s0.540009,s230.223708
022_9,s1.095233,s-0.350664,s121.948796
022_10,s0.734919,s-0.948627,s215.942255
022_11,s1.050575,s0.847816,s64.136372
022_12,s1.373843,s0.46374,s347.862517
022_13,s-1.245248,s-0.63981,s125.561183
022_14,s0.338793,s-1.306797,s194.028876
022_15,s-0.179821,s1.640172,s282.801172
022_16,s1.593643,s0.142487,s235.155091
022_17,s1.541295,s-0.929737,s310.83356
022_18,s-1.250661,s-1.151455,s199.265546
022_19,s0.914429,s1.373433,s12.198963
022_20,s-0.990518,s0.917264,s50.454835
022_21,s-1.575529,s0.490109,s161.451982
023_0,s0.0,s0.0,s224.07799
023_1,s-0.148662,s0.371349,s324.138907
023_2,s-0.433521,s-0.120664,s43.560215
023_3,s0.190827,s-0.673487,s116.327727
023_4,s-0.913799,s-0.259751,s80.095038
023_5,s-0.447068,s0.663423,s97.607334
023_6,s-0.744268,s-0.590394,s194.56315
023_7,s-0.067394,s1.047835,s63.289603
023_8,s0.44541,s0.540009,s230.223708
023_9,s1.095233,s-0.350664,s121.948796
023_10,s0.734919,s-0.948627,s215.942255
023_11,s1.050575,s0.847816,s64.136372
023_12,s1.373843,s0.46374,s347.862517
023_13,s-1.245248,s-0.63981,s125.561183
023_14,s0.338793,s-1.306797,s194.028876
023_15,s-0.179821,s1.640172,s282.801172
023_16,s1.593643,s0.142487,s235.155091
023_17,s1.541295,s-0.929737,s310.83356
023_18,s-1.250661,s-1.151455,s199.265546
023_19,s0.914429,s1.373433,s12.198963
023_20,s-0.990518,s0.917264,s50.454835
023_21,s-1.575529,s0.490109,s161.451982
023_22,s-1.731787,s0.896333,s41.722179
024_0,s0.0,s0.0,s224.07799
024_1,s-0.148662,s0.371349,s324.138907
024_2,s-0.433521,s-0.120664,s43.560215
024_3,s0.190827,s-0.673487,s116.327727
024_4,s-0.913799,s-0.259751,s80.095038
024_5,s-0.447068,s0.663423,s97.607334
024_6,s-0.744268,s-0.590394,s194.56315
024_7,s-0.067394,s1.047835,s63.289603
024_8,s0.44541,s0.540009,s230.223708
024_9,s1.095233,s-0.350664,s121.948796
024_10,s0.734919,s-0.948627,s215.942255
024_11,s1.050575,s0.847816,s64.136372
024_12,s1.373843,s0.46374,s347.862517
024_13,s-1.245248,s-0.63981,s125.561183
024_14,s0.338793,s-1.306797,s194.028876
024_15,s-0.179821,s1.640172,s282.801172
024_16,s1.593643,s0.142487,s235.155091
024_17,s1.541295,s-0.929737,s310.83356
024_18,s-1.250661,s-1.151455,s199.265546
024_19,s0.914429,s1.373433,s12.198963
024_20,s-0.990518,s0.917264,s50.454835
024_21,s-1.575529,s0.490109,s161.451982
024_22,s-1.731787,s0.896333,s41.722179
024_23,s-0.4896,s-1.523251,s233.738856
025_0,s0.0,s0.0,s224.07799
025_1,s-0.148662,s0.371349,s324.138907
025_2,s-0.433521,s-0.120664,s43.560215
025_3,s0.190827,s-0.673487,s116.327727
025_4,s-0.913799,s-0.259751,s80.095038
025_5,s-0.447068,s0.663423,s97.607334
025_6,s-0.744268,s-0.590394,s194.56315
025_7,s-0.067394,s1.047835,s63.289603
025_8,s0.44541,s0.540009,s230.223708
025_9,s1.095233,s-0.350664,s121.948796
025_10,s0.734919,s-0.948627,s215.942255
025_11,s1.050575,s0.847816,s64.136372
025_12,s1.373843,s0.46374,s347.862517
025_13,s-1.245248,s-0.63981,s125.561183
025_14,s0.338793,s-1.306797,s194.028876
025_15,s-0.179821,s1.640172,s282.801172
025_16,s1.593643,s0.142487,s235.155091
025_17,s1.541295,s-0.929737,s310.83356
025_18,s-1.250661,s-1.151455,s199.265546
025_19,s0.914429,s1.373433,s12.198963
025_20,s-0.990518,s0.917264,s50.454835
025_21,s-1.575529,s0.490109,s161.451982
025_22,s-1.731787,s0.896333,s41.722179
025_23,s-0.4896,s-1.523251,s233.738856
025_24,s-0.59971,s1.855491,s332.670797
026_0,s0.0,s0.0,s224.07799
026_1,s-0.148662,s0.371349,s324.138907
026_2,s-0.433521,s-0.120664,s43.560215
026_3,s0.190827,s-0.673487,s116.327727
026_4,s-0.913799,s-0.259751,s80.095038
026_5,s-0.447068,s0.663423,s97.607334
026_6,s-0.744268,s-0.590394,s194.56315
026_7,s-0.067394,s1.047835,s63.289603
026_8,s0.44541,s0.540009,s230.223708
026_9,s1.095233,s-0.350664,s121.948796
026_10,s0.734919,s-0.948627,s215.942255
026_11,s1.050575,s0.847816,s64.136372
026_12,s1.373843,s0.46374,s347.862517
026_13,s-1.245248,s-0.63981,s125.561183
026_14,s0.338793,s-1.306797,s194.028876
026_15,s-0.179821,s1.640172,s282.801172
026_16,s1.593643,s0.142487,s235.155091
026_17,s1.541295,s-0.929737,s310.83356
026_18,s-1.250661,s-1.151455,s199.265546
026_19,s0.914429,s1.373433,s12.198963
026_20,s-0.990518,s0.917264,s50.454835
026_21,s-1.575529,s0.490109,s161.451982
026_22,s-1.731787,s0.896333,s41.722179
026_23,s-0.4896,s-1.523251,s233.738856
026_24,s-0.59971,s1.855491,s332.670797
026_25,s2.195039,s0.14766,s276.378481
027_0,s0.0,s0.0,s224.07799
027_1,s-0.148662,s0.371349,s324.138907
027_2,s-0.433521,s-0.120664,s43.560215
027_3,s0.190827,s-0.673487,s116.327727
027_4,s-0.913799,s-0.259751,s80.095038
027_5,s-0.447068,s0.663423,s97.607334
027_6,s-0.744268,s-0.590394,s194.56315
027_7,s-0.067394,s1.047835,s63.289603
027_8,s0.44541,s0.540009,s230.223708
027_9,s1.095233,s-0.350664,s121.948796
027_10,s0.734919,s-0.948627,s215.942255
027_11,s1.050575,s0.847816,s64.136372
027_12,s1.373843,s0.46374,s347.862517
027_13,s-1.245248,s-0.63981,s125.561183
027_14,s0.338793,s-1.306797,s194.028876
027_15,s-0.179821,s1.640172,s282.801172
027_16,s1.593643,s0.142487,s235.155091
027_17,s1.541295,s-0.929737,s310.83356
027_18,s-1.250661,s-1.151455,s199.265546
027_19,s0.914429,s1.373433,s12.198963
027_20,s-0.990518,s0.917264,s50.454835
027_21,s-1.575529,s0.490109,s161.451982
027_22,s-1.731787,s0.896333,s41.722179
027_23,s-0.4896,s-1.523251,s233.738856
027_24,s-0.59971,s1.855491,s332.670797
027_25,s2.195039,s0.14766,s276.378481
027_26,s-1.046984,s1.820391,s55.830495
028_0,s0.0,s0.0,s224.07799
028_1,s-0.148662,s0.371349,s324.138907
028_2,s-0.433521,s-0.120664,s43.560215
028_3,s0.190827,s-0.673487,s116.327727
028_4,s-0.913799,s-0.259751,s80.095038
028_5,s-0.447068,s0.663423,s97.607334
028_6,s-0.744268,s-0.590394,s194.56315
028_7,s-0.067394,s1.047835,s63.289603
028_8,s0.44541,s0.540009,s230.223708
028_9,s1.095233,s-0.350664,s121.948796
028_10,s0.734919,s-0.948627,s215.942255
028_11,s1.050575,s0.847816,s64.136372
028_12,s1.373843,s0.46374,s347.862517
028_13,s-1.245248,s-0.63981,s125.561183
028_14,s0.338793,s-1.306797,s194.028876
028_15,s-0.179821,s1.640172,s282.801172
028_16,s1.593643,s0.142487,s235.155091
028_17,s1.541295,s-0.929737,s310.83356
028_18,s-1.250661,s-1.151455,s199.265546
028_19,s0.914429,s1.373433,s12.198963
028_20,s-0.990518,s0.917264,s50.454835
028_21,s-1.575529,s0.490109,s161.451982
028_22,s-1.731787,s0.896333,s41.722179
028_23,s-0.4896,s-1.523251,s233.738856
028_24,s-0.59971,s1.855491,s332.670797
028_25,s2.195039,s0.14766,s276.378481
028_26,s-1.046984,s1.820391,s55.830495
028_27,s1.478226,s1.561201,s231.407036
029_0,s0.0,s0.0,s224.07799
029_1,s-0.148662,s0.371349,s324.138907
029_2,s-0.433521,s-0.120664,s43.560215
029_3,s0.190827,s-0.673487,s116.327727
029_4,s-0.913799,s-0.259751,s80.095038
029_5,s-0.447068,s0.663423,s97.607334
029_6,s-0.744268,s-0.590394,s194.56315
029_7,s-0.067394,s1.047835,s63.289603
029_8,s0.44541,s0.540009,s230.223708
029_9,s1.095233,s-0.350664,s121.948796
029_10,s0.734919,s-0.948627,s215.942255
029_11,s1.050575,s0.847816,s64.136372
029_12,s1.373843,s0.46374,s347.862517
029_13,s-1.245248,s-0.63981,s125.561183
029_14,s0.338793,s-1.306797,s194.028876
029_15,s-0.179821,s1.640172,s282.801172
029_16,s1.593643,s0.142487,s235.155091
029_17,s1.541295,s-0.929737,s310.83356
029_18,s-1.250661,s-1.151455,s199.265546
029_19,s0.914429,s1.373433,s12.198963
029_20,s-0.990518,s0.917264,s50.454835
029_21,s-1.575529,s0.490109,s161.451982
029_22,s-1.731787,s0.896333,s41.722179
029_23,s-0.4896,s-1.523251,s233.738856
029_24,s-0.59971,s1.855491,s332.670797
029_25,s2.195039,s0.14766,s276.378481
029_26,s-1.046984,s1.820391,s55.830495
029_27,s1.478226,s1.561201,s231.407036
029_28,s1.009852,s-1.784012,s287.529052
030_0,s0.0,s0.0,s224.07799
030_1,s-0.148662,s0.371349,s324.138907
030_2,s-0.433521,s-0.120664,s43.560215
030_3,s0.190827,s-0.673487,s116.327727
030_4,s-0.913799,s-0.259751,s80.095038
030_5,s-0.447068,s0.663423,s97.607334
030_6,s-0.744268,s-0.590394,s194.56315
030_7,s-0.067394,s1.047835,s63.289603
030_8,s0.44541,s0.540009,s230.223708
030_9,s1.095233,s-0.350664,s121.948796
030_10,s0.734919,s-0.948627,s215.942255
030_11,s1.050575,s0.847816,s64.136372
030_12,s1.373843,s0.46374,s347.862517
030_13,s-1.245248,s-0.63981,s125.561183
030_14,s0.338793,s-1.306797,s194.028876
030_15,s-0.179821,s1.640172,s282.801172
030_16,s1.593643,s0.142487,s235.155091
030_17,s1.541295,s-0.929737,s310.83356
030_18,s-1.250661,s-1.151455,s199.265546
030_19,s0.914429,s1.373433,s12.198963
030_20,s-0.990518,s0.917264,s50.454835
030_21,s-1.575529,s0.490109,s161.451982
030_22,s-1.731787,s0.896333,s41.722179
030_23,s-0.4896,s-1.523251,s233.738856
030_24,s-0.59971,s1.855491,s332.670797
030_25,s2.195039,s0.14766,s276.378481
030_26,s-1.046984,s1.820391,s55.830495
030_27,s1.478226,s1.561201,s231.407036
030_28,s1.009852,s-1.784012,s287.529052
030_29,s-1.799898,s-1.265056,s121.541619
031_0,s0.0,s0.0,s224.07799
031_1,s-0.148662,s0.371349,s324.138907
031_2,s-0.433521,s-0.120664,s43.560215
031_3,s0.190827,s-0.673487,s116.327727
031_4,s-0.913799,s-0.259751,s80.095038
031_5,s-0.447068,s0.663423,s97.607334
031_6,s-0.744268,s-0.590394,s194.56315
031_7,s-0.067394,s1.047835,s63.289603
031_8,s0.44541,s0.540009,s230.223708
031_9,s1.095233,s-0.350664,s121.948796
031_10,s0.734919,s-0.948627,s215.942255
031_11,s1.050575,s0.847816,s64.136372
031_12,s1.373843,s0.46374,s347.862517
031_13,s-1.245248,s-0.63981,s125.561183
031_14,s0.338793,s-1.306797,s194.028876
031_15,s-0.179821,s1.640172,s282.801172
031_16,s1.593643,s0.142487,s235.155091
031_17,s1.541295,s-0.929737,s310.83356
031_18,s-1.250661,s-1.151455,s199.265546
031_19,s0.914429,s1.373433,s12.198963
031_20,s-0.990518,s0.917264,s50.454835
031_21,s-1.575529,s0.490109,s161.451982
031_22,s-1.731787,s0.896333,s41.722179
031_23,s-0.4896,s-1.523251,s233.738856
031_24,s-0.59971,s1.855491,s332.670797
031_25,s2.195039,s0.14766,s276.378481
031_26,s-1.046984,s1.820391,s55.830495
031_27,s1.478226,s1.561201,s231.407036
031_28,s1.009852,s-1.784012,s287.529052
031_29,s-1.799898,s-1.265056,s121.541619
031_30,s-0.69012,s-2.088955,s218.237921
032_0,s0.0,s0.0,s224.07799
032_1,s-0.148662,s0.371349,s324.138907
032_2,s-0.433521,s-0.120664,s43.560215
032_3,s0.190827,s-0.673487,s116.327727
032_4,s-0.913799,s-0.259751,s80.095038
032_5,s-0.447068,s0.663423,s97.607334
032_6,s-0.744268,s-0.590394,s194.56315
032_7,s-0.067394,s1.047835,s63.289603
032_8,s0.44541,s0.540009,s230.223708
032_9,s1.095233,s-0.350664,s121.948796
032_10,s0.734919,s-0.948627,s215.942255
032_11,s1.050575,s0.847816,s64.136372
032_12,s1.373843,s0.46374,s347.862517
032_13,s-1.245248,s-0.63981,s125.561183
032_14,s0.338793,s-1.306797,s194.028876
032_15,s-0.179821,s1.640172,s282.801172
032_16,s1.593643,s0.142487,s235.155091
032_17,s1.541295,s-0.929737,s310.83356
032_18,s-1.250661,s-1.151455,s199.265546
032_19,s0.914429,s1.373433,s12.198963
032_20,s-0.990518,s0.917264,s50.454835
032_21,s-1.575529,s0.490109,s161.451982
032_22,s-1.731787,s0.896333,s41.722179
032_23,s-0.4896,s-1.523251,s233.738856
032_24,s-0.59971,s1.855491,s332.670797
032_25,s2.195039,s0.14766,s276.378481
032_26,s-1.046984,s1.820391,s55.830495
032_27,s1.478226,s1.561201,s231.407036
032_28,s1.009852,s-1.784012,s287.529052
032_29,s-1.799898,s-1.265056,s121.541619
032_30,s-0.69012,s-2.088955,s218.237921
032_31,s0.424488,s-2.158659,s199.060667
033_0,s0.0,s0.0,s224.07799
033_1,s-0.148662,s0.371349,s324.138907
033_2,s-0.433521,s-0.120664,s43.560215
033_3,s0.190827,s-0.673487,s116.327727
033_4,s-0.913799,s-0.259751,s80.095038
033_5,s-0.447068,s0.663423,s97.607334
033_6,s-0.744268,s-0.590394,s194.56315
033_7,s-0.067394,s1.047835,s63.289603
033_8,s0.44541,s0.540009,s230.223708
033_9,s1.095233,s-0.350664,s121.948796
033_10,s0.734919,s-0.948627,s215.942255
033_11,s1.050575,s0.847816,s64.136372
033_12,s1.373843,s0.46374,s347.862517
033_13,s-1.245248,s-0.63981,s125.561183
033_14,s0.338793,s-1.306797,s194.028876
033_15,s-0.179821,s1.640172,s282.801172
033_16,s1.593643,s0.142487,s235.155091
033_17,s1.541295,s-0.929737,s310.83356
033_18,s-1.250661,s-1.151455,s199.265546
033_19,s0.914429,s1.373433,s12.198963
033_20,s-0.990518,s0.917264,s50.454835
033_21,s-1.575529,s0.490109,s161.451982
033_22,s-1.731787,s0.896333,s41.722179
033_23,s-0.4896,s-1.523251,s233.738856
033_24,s-0.59971,s1.855491,s332.670797
033_25,s2.195039,s0.14766,s276.378481
033_26,s-1.046984,s1.820391,s55.830495
033_27,s1.478226,s1.561201,s231.407036
033_28,s1.009852,s-1.784012,s287.529052
033_29,s-1.799898,s-1.265056,s121.541619
033_30,s-0.69012,s-2.088955,s218.237921
033_31,s0.424488,s-2.158659,s199.060667
033_32,s0.943868,s2.260888,s331.390383
034_0,s0.0,s0.0,s224.07799
034_1,s-0.148662,s0.371349,s324.138907
034_2,s-0.433521,s-0.120664,s43.560215
034_3,s0.190827,s-0.673487,s116.327727
034_4,s-0.913799,s-0.259751,s80.095038
034_5,s-0.447068,s0.663423,s97.607334
034_6,s-0.744268,s-0.590394,s194.56315
034_7,s-0.067394,s1.047835,s63.289603
034_8,s0.44541,s0.540009,s230.223708
034_9,s1.095233,s-0.350664,s121.948796
034_10,s0.734919,s-0.948627,s215.942255
034_11,s1.050575,s0.847816,s64.136372
034_12,s1.373843,s0.46374,s347.862517
034_13,s-1.245248,s-0.63981,s125.561183
034_14,s0.338793,s-1.306797,s194.028876
034_15,s-0.179821,s1.640172,s282.801172
034_16,s1.593643,s0.142487,s235.155091
034_17,s1.541295,s-0.929737,s310.83356
034_18,s-1.250661,s-1.151455,s199.265546
034_19,s0.914429,s1.373433,s12.198963
034_20,s-0.990518,s0.917264,s50.454835
034_21,s-1.575529,s0.490109,s161.451982
034_22,s-1.731787,s0.896333,s41.722179
034_23,s-0.4896,s-1.523251,s233.738856
034_24,s-0.59971,s1.855491,s332.670797
034_25,s2.195039,s0.14766,s276.378481
034_26,s-1.046984,s1.820391,s55.830495
034_27,s1.478226,s1.561201,s231.407036
034_28,s1.009852,s-1.784012,s287.529052
034_29,s-1.799898,s-1.265056,s121.541619
034_30,s-0.69012,s-2.088955,s218.237921
034_31,s0.424488,s-2.158659,s199.060667
034_32,s0.943868,s2.260888,s331.390383
034_33,s-1.284294,s-1.908033,s93.051652
035_0,s0.0,s0.0,s224.07799
035_1,s-0.148662,s0.371349,s324.138907
035_2,s-0.433521,s-0.120664,s43.560215
035_3,s0.190827,s-0.673487,s116.327727
035_4,s-0.913799,s-0.259751,s80.095038
035_5,s-0.447068,s0.663423,s97.607334
035_6,s-0.744268,s-0.590394,s194.56315
035_7,s-0.067394,s1.047835,s63.289603
035_8,s0.44541,s0.540009,s230.223708
035_9,s1.095233,s-0.350664,s121.948796
035_10,s0.734919,s-0.948627,s215.942255
035_11,s1.050575,s0.847816,s64.136372
035_12,s1.373843,s0.46374,s347.862517
035_13,s-1.245248,s-0.63981,s125.561183
035_14,s0.338793,s-1.306797,s194.028876
035_15,s-0.179821,s1.640172,s282.801172
035_16,s1.593643,s0.142487,s235.155091
035_17,s1.541295,s-0.929737,s310.83356
035_18,s-1.250661,s-1.151455,s199.265546
035_19,s0.914429,s1.373433,s12.198963
035_20,s-0.990518,s0.917264,s50.454835
035_21,s-1.575529,s0.490109,s161.451982
035_22,s-1.731787,s0.896333,s41.722179
035_23,s-0.4896,s-1.523251,s233.738856
035_24,s-0.59971,s1.855491,s332.670797
035_25,s2.195039,s0.14766,s276.378481
035_26,s-1.046984,s1.820391,s55.830495
035_27,s1.478226,s1.561201,s231.407036
035_28,s1.009852,s-1.784012,s287.529052
035_29,s-1.799898,s-1.265056,s121.541619
035_30,s-0.69012,s-2.088955,s218.237921
035_31,s0.424488,s-2.158659,s199.060667
035_32,s0.943868,s2.260888,s331.390383
035_33,s-1.284294,s-1.908033,s93.051652
035_34,s-2.436729,s1.041563,s178.101692
036_0,s0.0,s0.0,s224.07799
036_1,s-0.148662,s0.371349,s324.138907
036_2,s-0.433521,s-0.120664,s43.560215
036_3,s0.190827,s-0.673487,s116.327727
036_4,s-0.913799,s-0.259751,s80.095038
036_5,s-0.447068,s0.663423,s97.607334
036_6,s-0.744268,s-0.590394,s194.56315
036_7,s-0.067394,s1.047835,s63.289603
036_8,s0.44541,s0.540009,s230.223708
036_9,s1.095233,s-0.350664,s121.948796
036_10,s0.734919,s-0.948627,s215.942255
036_11,s1.050575,s0.847816,s64.136372
036_12,s1.373843,s0.46374,s347.862517
036_13,s-1.245248,s-0.63981,s125.561183
036_14,s0.338793,s-1.306797,s194.028876
036_15,s-0.179821,s1.640172,s282.801172
036_16,s1.593643,s0.142487,s235.155091
036_17,s1.541295,s-0.929737,s310.83356
036_18,s-1.250661,s-1.151455,s199.265546
036_19,s0.914429,s1.373433,s12.198963
036_20,s-0.990518,s0.917264,s50.454835
036_21,s-1.575529,s0.490109,s161.451982
036_22,s-1.731787,s0.896333,s41.722179
036_23,s-0.4896,s-1.523251,s233.738856
036_24,s-0.59971,s1.855491,s332.670797
036_25,s2.195039,s0.14766,s276.378481
036_26,s-1.046984,s1.820391,s55.830495
036_27,s1.478226,s1.561201,s231.407036
036_28,s1.009852,s-1.784012,s287.529052
036_29,s-1.799898,s-1.265056,s121.541619
036_30,s-0.69012,s-2.088955,s218.237921
036_31,s0.424488,s-2.158659,s199.060667
036_32,s0.943868,s2.260888,s331.390383
036_33,s-1.284294,s-1.908033,s93.051652
036_34,s-2.436729,s1.041563,s178.101692
036_35,s1.524309,s-1.981535,s193.08367
037_0,s0.0,s0.0,s224.07799
037_1,s-0.148662,s0.371349,s324.138907
037_2,s-0.433521,s-0.120664,s43.560215
037_3,s0.190827,s-0.673487,s116.327727
037_4,s-0.913799,s-0.259751,s80.095038
037_5,s-0.447068,s0.663423,s97.607334
037_6,s-0.744268,s-0.590394,s194.56315
037_7,s-0.067394,s1.047835,s63.289603
037_8,s0.44541,s0.540009,s230.223708
037_9,s1.095233,s-0.350664,s121.948796
037_10,s0.734919,s-0.948627,s215.942255
037_11,s1.050575,s0.847816,s64.136372
037_12,s1.373843,s0.46374,s347.862517
037_13,s-1.245248,s-0.63981,s125.561183
037_14,s0.338793,s-1.306797,s194.028876
037_15,s-0.179821,s1.640172,s282.801172
037_16,s1.593643,s0.142487,s235.155091
037_17,s1.541295,s-0.929737,s310.83356
037_18,s-1.250661,s-1.151455,s199.265546
037_19,s0.914429,s1.373433,s12.198963
037_20,s-0.990518,s0.917264,s50.454835
037_21,s-1.575529,s0.490109,s161.451982
037_22,s-1.731787,s0.896333,s41.722179
037_23,s-0.4896,s-1.523251,s233.738856
037_24,s-0.59971,s1.855491,s332.670797
037_25,s2.195039,s0.14766,s276.378481
037_26,s-1.046984,s1.820391,s55.830495
037_27,s1.478226,s1.561201,s231.407036
037_28,s1.009852,s-1.784012,s287.529052
037_29,s-1.799898,s-1.265056,s121.541619
037_30,s-0.69012,s-2.088955,s218.237921
037_31,s0.424488,s-2.158659,s199.060667
037_32,s0.943868,s2.260888,s331.390383
037_33,s-1.284294,s-1.908033,s93.051652
037_34,s-2.436729,s1.041563,s178.101692
037_35,s1.524309,s-1.981535,s193.08367
037_36,s2.128314,s-1.213581,s173.42918
038_0,s0.0,s0.0,s224.07799
038_1,s-0.148662,s0.371349,s324.138907
038_2,s-0.433521,s-0.120664,s43.560215
038_3,s0.190827,s-0.673487,s116.327727
038_4,s-0.913799,s-0.259751,s80.095038
038_5,s-0.447068,s0.663423,s97.607334
038_6,s-0.744268,s-0.590394,s194.56315
038_7,s-0.067394,s1.047835,s63.289603
038_8,s0.44541,s0.540009,s230.223708
038_9,s1.095233,s-0.350664,s121.948796
038_10,s0.734919,s-0.948627,s215.942255
038_11,s1.050575,s0.847816,s64.136372
038_12,s1.373843,s0.46374,s347.862517
038_13,s-1.245248,s-0.63981,s125.561183
038_14,s0.338793,s-1.306797,s194.028876
038_15,s-0.179821,s1.640172,s282.801172
038_16,s1.593643,s0.142487,s235.155091
038_17,s1.541295,s-0.929737,s310.83356
038_18,s-1.250661,s-1.151455,s199.265546
038_19,s0.914429,s1.373433,s12.198963
038_20,s-0.990518,s0.917264,s50.454835
038_21,s-1.575529,s0.490109,s161.451982
038_22,s-1.731787,s0.896333,s41.722179
038_23,s-0.4896,s-1.523251,s233.738856
038_24,s-0.59971,s1.855491,s332.670797
038_25,s2.195039,s0.14766,s276.378481
038_26,s-1.046984,s1.820391,s55.830495
038_27,s1.478226,s1.561201,s231.407036
038_28,s1.009852,s-1.784012,s287.529052
038_29,s-1.799898,s-1.265056,s121.541619
038_30,s-0.69012,s-2.088955,s218.237921
038_31,s0.424488,s-2.158659,s199.060667
038_32,s0.943868,s2.260888,s331.390383
038_33,s-1.284294,s-1.908033,s93.051652
038_34,s-2.436729,s1.041563,s178.101692
038_35,s1.524309,s-1.981535,s193.08367
038_36,s2.128314,s-1.213581,s173.42918
038_37,s2.21165,s1.36697,s351.856848
039_0,s0.0,s0.0,s224.07799
039_1,s-0.148662,s0.371349,s324.138907
039_2,s-0.433521,s-0.120664,s43.560215
039_3,s0.190827,s-0.673487,s116.327727
039_4,s-0.913799,s-0.259751,s80.095038
039_5,s-0.447068,s0.663423,s97.607334
039_6,s-0.744268,s-0.590394,s194.56315
039_7,s-0.067394,s1.047835,s63.289603
039_8,s0.44541,s0.540009,s230.223708
039_9,s1.095233,s-0.350664,s121.948796
039_10,s0.734919,s-0.948627,s215.942255
039_11,s1.050575,s0.847816,s64.136372
039_12,s1.373843,s0.46374,s347.862517
039_13,s-1.245248,s-0.63981,s125.561183
039_14,s0.338793,s-1.306797,s194.028876
039_15,s-0.179821,s1.640172,s282.801172
039_16,s1.593643,s0.142487,s235.155091
039_17,s1.541295,s-0.929737,s310.83356
039_18,s-1.250661,s-1.151455,s199.265546
039_19,s0.914429,s1.373433,s12.198963
039_20,s-0.990518,s0.917264,s50.454835
039_21,s-1.575529,s0.490109,s161.451982
039_22,s-1.731787,s0.896333,s41.722179
039_23,s-0.4896,s-1.523251,s233.738856
039_24,s-0.59971,s1.855491,s332.670797
039_25,s2.195039,s0.14766,s276.378481
039_26,s-1.046984,s1.820391,s55.830495
039_27,s1.478226,s1.561201,s231.407036
039_28,s1.009852,s-1.784012,s287.529052
039_29,s-1.799898,s-1.265056,s121.541619
039_30,s-0.69012,s-2.088955,s218.237921
039_31,s0.424488,s-2.158659,s199.060667
039_32,s0.943868,s2.260888,s331.390383
039_33,s-1.284294,s-1.908033,s93.051652
039_34,s-2.436729,s1.041563,s178.101692
039_35,s1.524309,s-1.981535,s193.08367
039_36,s2.128314,s-1.213581,s173.42918
039_37,s2.21165,s1.36697,s351.856848
039_38,s-1.943709,s-0.471164,s76.317652
040_0,s0.0,s0.0,s224.07799
040_1,s-0.148662,s0.371349,s324.138907
040_2,s-0.433521,s-0.120664,s43.560215
040_3,s0.190827,s-0.673487,s116.327727
040_4,s-0.913799,s-0.259751,s80.095038
040_5,s-0.447068,s0.663423,s97.607334
040_6,s-0.744268,s-0.590394,s194.56315
040_7,s-0.067394,s1.047835,s63.289603
040_8,s0.44541,s0.540009,s230.223708
040_9,s1.095233,s-0.350664,s121.948796
040_10,s0.734919,s-0.948627,s215.942255
040_11,s1.050575,s0.847816,s64.136372
040_12,s1.373843,s0.46374,s347.862517
040_13,s-1.245248,s-0.63981,s125.561183
040_14,s0.338793,s-1.306797,s194.028876
040_15,s-0.179821,s1.640172,s282.801172
040_16,s1.593643,s0.142487,s235.155091
040_17,s1.541295,s-0.929737,s310.83356
040_18,s-1.250661,s-1.151455,s199.265546
040_19,s0.914429,s1.373433,s12.198963
040_20,s-0.990518,s0.917264,s50.454835
040_21,s-1.575529,s0.490109,s161.451982
040_22,s-1.731787,s0.896333,s41.722179
040_23,s-0.4896,s-1.523251,s233.738856
040_24,s-0.59971,s1.855491,s332.670797
040_25,s2.195039,s0.14766,s276.378481
040_26,s-1.046984,s1.820391,s55.830495
040_27,s1.478226,s1.561201,s231.407036
040_28,s1.009852,s-1.784012,s287.529052
040_29,s-1.799898,s-1.265056,s121.541619
040_30,s-0.69012,s-2.088955,s218.237921
040_31,s0.424488,s-2.158659,s199.060667
040_32,s0.943868,s2.260888,s331.390383
040_33,s-1.284294,s-1.908033,s93.051652
040_34,s-2.436729,s1.041563,s178.101692
040_35,s1.524309,s-1.981535,s193.08367
040_36,s2.128314,s-1.213581,s173.42918
040_37,s2.21165,s1.36697,s351.856848
040_38,s-1.943709,s-0.471164,s76.317652
040_39,s-1.7889,s2.282507,s354.121861
041_0,s0.0,s0.0,s224.07799
041_1,s-0.148662,s0.371349,s324.138907
041_2,s-0.433521,s-0.120664,s43.560215
041_3,s0.190827,s-0.673487,s116.327727
041_4,s-0.913799,s-0.259751,s80.095038
041_5,s-0.447068,s0.663423,s97.607334
041_6,s-0.744268,s-0.590394,s194.56315
041_7,s-0.067394,s1.047835,s63.289603
041_8,s0.44541,s0.540009,s230.223708
041_9,s1.095233,s-0.350664,s121.948796
041_10,s0.734919,s-0.948627,s215.942255
041_11,s1.050575,s0.847816,s64.136372
041_12,s1.373843,s0.46374,s347.862517
041_13,s-1.245248,s-0.63981,s125.561183
041_14,s0.338793,s-1.306797,s194.028876
041_15,s-0.179821,s1.640172,s282.801172
041_16,s1.593643,s0.142487,s235.155091
041_17,s1.541295,s-0.929737,s310.83356
041_18,s-1.250661,s-1.151455,s199.265546
041_19,s0.914429,s1.373433,s12.198963
041_20,s-0.990518,s0.917264,s50.454835
041_21,s-1.575529,s0.490109,s161.451982
041_22,s-1.731787,s0.896333,s41.722179
041_23,s-0.4896,s-1.523251,s233.738856
041_24,s-0.59971,s1.855491,s332.670797
041_25,s2.195039,s0.14766,s276.378481
041_26,s-1.046984,s1.820391,s55.830495
041_27,s1.478226,s1.561201,s231.407036
041_28,s1.009852,s-1.784012,s287.529052
041_29,s-1.799898,s-1.265056,s121.541619
041_30,s-0.69012,s-2.088955,s218.237921
041_31,s0.424488,s-2.158659,s199.060667
041_32,s0.943868,s2.260888,s331.390383
041_33,s-1.284294,s-1.908033,s93.051652
041_34,s-2.436729,s1.041563,s178.101692
041_35,s1.524309,s-1.981535,s193.08367
041_36,s2.128314,s-1.213581,s173.42918
041_37,s2.21165,s1.36697,s351.856848
041_38,s-1.943709,s-0.471164,s76.317652
041_39,s-1.7889,s2.282507,s354.121861
041_40,s-1.783567,s1.605891,s35.245421
042_0,s0.0,s0.0,s224.07799
042_1,s-0.148662,s0.371349,s324.138907
042_2,s-0.433521,s-0.120664,s43.560215
042_3,s0.190827,s-0.673487,s116.327727
042_4,s-0.913799,s-0.259751,s80.095038
042_5,s-0.447068,s0.663423,s97.607334
042_6,s-0.744268,s-0.590394,s194.56315
042_7,s-0.067394,s1.047835,s63.289603
042_8,s0.44541,s0.540009,s230.223708
042_9,s1.095233,s-0.350664,s121.948796
042_10,s0.734919,s-0.948627,s215.942255
042_11,s1.050575,s0.847816,s64.136372
042_12,s1.373843,s0.46374,s347.862517
042_13,s-1.245248,s-0.63981,s125.561183
042_14,s0.338793,s-1.306797,s194.028876
042_15,s-0.179821,s1.640172,s282.801172
042_16,s1.593643,s0.142487,s235.155091
042_17,s1.541295,s-0.929737,s310.83356
042_18,s-1.250661,s-1.151455,s199.265546
042_19,s0.914429,s1.373433,s12.198963
042_20,s-0.990518,s0.917264,s50.454835
042_21,s-1.575529,s0.490109,s161.451982
042_22,s-1.731787,s0.896333,s41.722179
042_23,s-0.4896,s-1.523251,s233.738856
042_24,s-0.59971,s1.855491,s332.670797
042_25,s2.195039,s0.14766,s276.378481
042_26,s-1.046984,s1.820391,s55.830495
042_27,s1.478226,s1.561201,s231.407036
042_28,s1.009852,s-1.784012,s287.529052
042_29,s-1.799898,s-1.265056,s121.541619
042_30,s-0.69012,s-2.088955,s218.237921
042_31,s0.424488,s-2.158659,s199.060667
042_32,s0.943868,s2.260888,s331.390383
042_33,s-1.284294,s-1.908033,s93.051652
042_34,s-2.436729,s1.041563,s178.101692
042_35,s1.524309,s-1.981535,s193.08367
042_36,s2.128314,s-1.213581,s173.42918
042_37,s2.21165,s1.36697,s351.856848
042_38,s-1.943709,s-0.471164,s76.317652
042_39,s-1.7889,s2.282507,s354.121861
042_40,s-1.783567,s1.605891,s35.245421
042_41,s2.363303,s0.957756,s214.713346
043_0,s0.0,s0.0,s224.07799
043_1,s-0.148662,s0.371349,s324.138907
043_2,s-0.433521,s-0.120664,s43.560215
043_3,s0.190827,s-0.673487,s116.327727
043_4,s-0.913799,s-0.259751,s80.095038
043_5,s-0.447068,s0.663423,s97.607334
043_6,s-0.744268,s-0.590394,s194.56315
043_7,s-0.067394,s1.047835,s63.289603
043_8,s0.44541,s0.540009,s230.223708
043_9,s1.095233,s-0.350664,s121.948796
043_10,s0.734919,s-0.948627,s215.942255
043_11,s1.050575,s0.847816,s64.136372
043_12,s1.373843,s0.46374,s347.862517
043_13,s-1.245248,s-0.63981,s125.561183
043_14,s0.338793,s-1.306797,s194.028876
043_15,s-0.179821,s1.640172,s282.801172
043_16,s1.593643,s0.142487,s235.155091
043_17,s1.541295,s-0.929737,s310.83356
043_18,s-1.250661,s-1.151455,s199.265546
043_19,s0.914429,s1.373433,s12.198963
043_20,s-0.990518,s0.917264,s50.454835
043_21,s-1.575529,s0.490109,s161.451982
043_22,s-1.731787,s0.896333,s41.722179
043_23,s-0.4896,s-1.523251,s233.738856
043_24,s-0.59971,s1.855491,s332.670797
043_25,s2.195039,s0.14766,s276.378481
043_26,s-1.046984,s1.820391,s55.830495
043_27,s1.478226,s1.561201,s231.407036
043_28,s1.009852,s-1.784012,s287.529052
043_29,s-1.799898,s-1.265056,s121.541619
043_30,s-0.69012,s-2.088955,s218.237921
043_31,s0.424488,s-2.158659,s199.060667
043_32,s0.943868,s2.260888,s331.390383
043_33,s-1.284294,s-1.908033,s93.051652
043_34,s-2.436729,s1.041563,s178.101692
043_35,s1.524309,s-1.981535,s193.08367
043_36,s2.128314,s-1.213581,s173.42918
043_37,s2.21165,s1.36697,s351.856848
043_38,s-1.943709,s-0.471164,s76.317652
043_39,s-1.7889,s2.282507,s354.121861
043_40,s-1.783567,s1.605891,s35.245421
043_41,s2.363303,s0.957756,s214.713346
043_42,s-2.218369,s-0.915881,s115.824923
044_0,s0.0,s0.0,s224.07799
044_1,s-0.148662,s0.371349,s324.138907
044_2,s-0.433521,s-0.120664,s43.560215
044_3,s0.190827,s-0.673487,s116.327727
044_4,s-0.913799,s-0.259751,s80.095038
044_5,s-0.447068,s0.663423,s97.607334
044_6,s-0.744268,s-0.590394,s194.56315
044_7,s-0.067394,s1.047835,s63.289603
044_8,s0.44541,s0.540009,s230.223708
044_9,s1.095233,s-0.350664,s121.948796
044_10,s0.734919,s-0.948627,s215.942255
044_11,s1.050575,s0.847816,s64.136372
044_12,s1.373843,s0.46374,s347.862517
044_13,s-1.245248,s-0.63981,s125.561183
044_14,s0.338793,s-1.306797,s194.028876
044_15,s-0.179821,s1.640172,s282.801172
044_16,s1.593643,s0.142487,s235.155091
044_17,s1.541295,s-0.929737,s310.83356
044_18,s-1.250661,s-1.151455,s199.265546
044_19,s0.914429,s1.373433,s12.198963
044_20,s-0.990518,s0.917264,s50.454835
044_21,s-1.575529,s0.490109,s161.451982
044_22,s-1.731787,s0.896333,s41.722179
044_23,s-0.4896,s-1.523251,s233.738856
044_24,s-0.59971,s1.855491,s332.670797
044_25,s2.195039,s0.14766,s276.378481
044_26,s-1.046984,s1.820391,s55.830495
044_27,s1.478226,s1.561201,s231.407036
044_28,s1.009852,s-1.784012,s287.529052
044_29,s-1.799898,s-1.265056,s121.541619
044_30,s-0.69012,s-2.088955,s218.237921
044_31,s0.424488,s-2.158659,s199.060667
044_32,s0.943868,s2.260888,s331.390383
044_33,s-1.284294,s-1.908033,s93.051652
044_34,s-2.436729,s1.041563,s178.101692
044_35,s1.524309,s-1.981535,s193.08367
044_36,s2.128314,s-1.213581,s173.42918
044_37,s2.21165,s1.36697,s351.856848
044_38,s-1.943709,s-0.471164,s76.317652
044_39,s-1.7889,s2.282507,s354.121861
044_40,s-1.783567,s1.605891,s35.245421
044_41,s2.363303,s0.957756,s214.713346
044_42,s-2.218369,s-0.915881,s115.824923
044_43,s-0.865964,s-2.715254,s242.256704
045_0,s0.0,s0.0,s224.07799
045_1,s-0.148662,s0.371349,s324.138907
045_2,s-0.433521,s-0.120664,s43.560215
045_3,s0.190827,s-0.673487,s116.327727
045_4,s-0.913799,s-0.259751,s80.095038
045_5,s-0.447068,s0.663423,s97.607334
045_6,s-0.744268,s-0.590394,s194.56315
045_7,s-0.067394,s1.047835,s63.289603
045_8,s0.44541,s0.540009,s230.223708
045_9,s1.095233,s-0.350664,s121.948796
045_10,s0.734919,s-0.948627,s215.942255
045_11,s1.050575,s0.847816,s64.136372
045_12,s1.373843,s0.46374,s347.862517
045_13,s-1.245248,s-0.63981,s125.561183
045_14,s0.338793,s-1.306797,s194.028876
045_15,s-0.179821,s1.640172,s282.801172
045_16,s1.593643,s0.142487,s235.155091
045_17,s1.541295,s-0.929737,s310.83356
045_18,s-1.250661,s-1.151455,s199.265546
045_19,s0.914429,s1.373433,s12.198963
045_20,s-0.990518,s0.917264,s50.454835
045_21,s-1.575529,s0.490109,s161.451982
045_22,s-1.731787,s0.896333,s41.722179
045_23,s-0.4896,s-1.523251,s233.738856
045_24,s-0.59971,s1.855491,s332.670797
045_25,s2.195039,s0.14766,s276.378481
045_26,s-1.046984,s1.820391,s55.830495
045_27,s1.478226,s1.561201,s231.407036
045_28,s1.009852,s-1.784012,s287.529052
045_29,s-1.799898,s-1.265056,s121.541619
045_30,s-0.69012,s-2.088955,s218.237921
045_31,s0.424488,s-2.158659,s199.060667
045_32,s0.943868,s2.260888,s331.390383
045_33,s-1.284294,s-1.908033,s93.051652
045_34,s-2.436729,s1.041563,s178.101692
045_35,s1.524309,s-1.981535,s193.08367
045_36,s2.128314,s-1.213581,s173.42918
045_37,s2.21165,s1.36697,s351.856848
045_38,s-1.943709,s-0.471164,s76.317652
045_39,s-1.7889,s2.282507,s354.121861
045_40,s-1.783567,s1.605891,s35.245421
045_41,s2.363303,s0.957756,s214.713346
045_42,s-2.218369,s-0.915881,s115.824923
045_43,s-0.865964,s-2.715254,s242.256704
045_44,s-2.023115,s-2.215176,s153.40833
046_0,s0.0,s0.0,s224.07799
046_1,s-0.148662,s0.371349,s324.138907
046_2,s-0.433521,s-0.120664,s43.560215
046_3,s0.190827,s-0.673487,s116.327727
046_4,s-0.913799,s-0.259751,s80.095038
046_5,s-0.447068,s0.663423,s97.607334
046_6,s-0.744268,s-0.590394,s194.56315
046_7,s-0.067394,s1.047835,s63.289603
046_8,s0.44541,s0.540009,s230.223708
046_9,s1.095233,s-0.350664,s121.948796
046_10,s0.734919,s-0.948627,s215.942255
046_11,s1.050575,s0.847816,s64.136372
046_12,s1.373843,s0.46374,s347.862517
046_13,s-1.245248,s-0.63981,s125.561183
046_14,s0.338793,s-1.306797,s194.028876
046_15,s-0.179821,s1.640172,s282.801172
046_16,s1.593643,s0.142487,s235.155091
046_17,s1.541295,s-0.929737,s310.83356
046_18,s-1.250661,s-1.151455,s199.265546
046_19,s0.914429,s1.373433,s12.198963
046_20,s-0.990518,s0.917264,s50.454835
046_21,s-1.575529,s0.490109,s161.451982
046_22,s-1.731787,s0.896333,s41.722179
046_23,s-0.4896,s-1.523251,s233.738856
046_24,s-0.59971,s1.855491,s332.670797
046_25,s2.195039,s0.14766,s276.378481
046_26,s-1.046984,s1.820391,s55.830495
046_27,s1.478226,s1.561201,s231.407036
046_28,s1.009852,s-1.784012,s287.529052
046_29,s-1.799898,s-1.265056,s121.541619
046_30,s-0.69012,s-2.088955,s218.237921
046_31,s0.424488,s-2.158659,s199.060667
046_32,s0.943868,s2.260888,s331.390383
046_33,s-1.284294,s-1.908033,s93.051652
046_34,s-2.436729,s1.041563,s178.101692
046_35,s1.524309,s-1.981535,s193.08367
046_36,s2.128314,s-1.213581,s173.42918
046_37,s2.21165,s1.36697,s351.856848
046_38,s-1.943709,s-0.471164,s76.317652
046_39,s-1.7889,s2.282507,s354.121861
046_40,s-1.783567,s1.605891,s35.245421
046_41,s2.363303,s0.957756,s214.713346
046_42,s-2.218369,s-0.915881,s115.824923
046_43,s-0.865964,s-2.715254,s242.256704
046_44,s-2.023115,s-2.215176,s153.40833
046_45,s1.539398,s2.157024,s334.41392
047_0,s0.0,s0.0,s224.07799
047_1,s-0.148662,s0.371349,s324.138907
047_2,s-0.433521,s-0.120664,s43.560215
047_3,s0.190827,s-0.673487,s116.327727
047_4,s-0.913799,s-0.259751,s80.095038
047_5,s-0.447068,s0.663423,s97.607334
047_6,s-0.744268,s-0.590394,s194.56315
047_7,s-0.067394,s1.047835,s63.289603
047_8,s0.44541,s0.540009,s230.223708
047_9,s1.095233,s-0.350664,s121.948796
047_10,s0.734919,s-0.948627,s215.942255
047_11,s1.050575,s0.847816,s64.136372
047_12,s1.373843,s0.46374,s347.862517
047_13,s-1.245248,s-0.63981,s125.561183
047_14,s0.338793,s-1.306797,s194.028876
047_15,s-0.179821,s1.640172,s282.801172
047_16,s1.593643,s0.142487,s235.155091
047_17,s1.541295,s-0.929737,s310.83356
047_18,s-1.250661,s-1.151455,s199.265546
047_19,s0.914429,s1.373433,s12.198963
047_20,s-0.990518,s0.917264,s50.454835
047_21,s-1.575529,s0.490109,s161.451982
047_22,s-1.731787,s0.896333,s41.722179
047_23,s-0.4896,s-1.523251,s233.738856
047_24,s-0.59971,s1.855491,s332.670797
047_25,s2.195039,s0.14766,s276.378481
047_26,s-1.046984,s1.820391,s55.830495
047_27,s1.478226,s1.561201,s231.407036
047_28,s1.009852,s-1.784012,s287.529052
047_29,s-1.799898,s-1.265056,s121.541619
047_30,s-0.69012,s-2.088955,s218.237921
047_31,s0.424488,s-2.158659,s199.060667
047_32,s0.943868,s2.260888,s331.390383
047_33,s-1.284294,s-1.908033,s93.051652
047_34,s-2.436729,s1.041563,s178.101692
047_35,s1.524309,s-1.981535,s193.08367
047_36,s2.128314,s-1.213581,s173.42918
047_37,s2.21165,s1.36697,s351.856848
047_38,s-1.943709,s-0.471164,s76.317652
047_39,s-1.7889,s2.282507,s354.121861
047_40,s-1.783567,s1.605891,s35.245421
047_41,s2.363303,s0.957756,s214.713346
047_42,s-2.218369,s-0.915881,s115.824923
047_43,s-0.865964,s-2.715254,s242.256704
047_44,s-2.023115,s-2.215176,s153.40833
047_45,s1.539398,s2.157024,s334.41392
047_46,s-0.56078,s2.641122,s352.15862
048_0,s0.0,s0.0,s224.07799
048_1,s-0.148662,s0.371349,s324.138907
048_2,s-0.433521,s-0.120664,s43.560215
048_3,s0.190827,s-0.673487,s116.327727
048_4,s-0.913799,s-0.259751,s80.095038
048_5,s-0.447068,s0.663423,s97.607334
048_6,s-0.744268,s-0.590394,s194.56315
048_7,s-0.067394,s1.047835,s63.289603
048_8,s0.44541,s0.540009,s230.223708
048_9,s1.095233,s-0.350664,s121.948796
048_10,s0.734919,s-0.948627,s215.942255
048_11,s1.050575,s0.847816,s64.136372
048_12,s1.373843,s0.46374,s347.862517
048_13,s-1.245248,s-0.63981,s125.561183
048_14,s0.338793,s-1.306797,s194.028876
048_15,s-0.179821,s1.640172,s282.801172
048_16,s1.593643,s0.142487,s235.155091
048_17,s1.541295,s-0.929737,s310.83356
048_18,s-1.250661,s-1.151455,s199.265546
048_19,s0.914429,s1.373433,s12.198963
048_20,s-0.990518,s0.917264,s50.454835
048_21,s-1.575529,s0.490109,s161.451982
048_22,s-1.731787,s0.896333,s41.722179
048_23,s-0.4896,s-1.523251,s233.738856
048_24,s-0.59971,s1.855491,s332.670797
048_25,s2.195039,s0.14766,s276.378481
048_26,s-1.046984,s1.820391,s55.830495
048_27,s1.478226,s1.561201,s231.407036
048_28,s1.009852,s-1.784012,s287.529052
048_29,s-1.799898,s-1.265056,s121.541619
048_30,s-0.69012,s-2.088955,s218.237921
048_31,s0.424488,s-2.158659,s199.060667
048_32,s0.943868,s2.260888,s331.390383
048_33,s-1.284294,s-1.908033,s93.051652
048_34,s-2.436729,s1.041563,s178.101692
048_35,s1.524309,s-1.981535,s193.08367
048_36,s2.128314,s-1.213581,s173.42918
048_37,s2.21165,s1.36697,s351.856848
048_38,s-1.943709,s-0.471164,s76.317652
048_39,s-1.7889,s2.282507,s354.121861
048_40,s-1.783567,s1.605891,s35.245421
048_41,s2.363303,s0.957756,s214.713346
048_42,s-2.218369,s-0.915881,s115.824923
048_43,s-0.865964,s-2.715254,s242.256704
048_44,s-2.023115,s-2.215176,s153.40833
048_45,s1.539398,s2.157024,s334.41392
048_46,s-0.56078,s2.641122,s352.15862
048_47,s2.391934,s-0.883827,s342.58859
049_0,s0.0,s0.0,s224.07799
049_1,s-0.148662,s0.371349,s324.138907
049_2,s-0.433521,s-0.120664,s43.560215
049_3,s0.190827,s-0.673487,s116.327727
049_4,s-0.913799,s-0.259751,s80.095038
049_5,s-0.447068,s0.663423,s97.607334
049_6,s-0.744268,s-0.590394,s194.56315
049_7,s-0.067394,s1.047835,s63.289603
049_8,s0.44541,s0.540009,s230.223708
049_9,s1.095233,s-0.350664,s121.948796
049_10,s0.734919,s-0.948627,s215.942255
049_11,s1.050575,s0.847816,s64.136372
049_12,s1.373843,s0.46374,s347.862517
049_13,s-1.245248,s-0.63981,s125.561183
049_14,s0.338793,s-1.306797,s194.028876
049_15,s-0.179821,s1.640172,s282.801172
049_16,s1.593643,s0.142487,s235.155091
049_17,s1.541295,s-0.929737,s310.83356
049_18,s-1.250661,s-1.151455,s199.265546
049_19,s0.914429,s1.373433,s12.198963
049_20,s-0.990518,s0.917264,s50.454835
049_21,s-1.575529,s0.490109,s161.451982
049_22,s-1.731787,s0.896333,s41.722179
049_23,s-0.4896,s-1.523251,s233.738856
049_24,s-0.59971,s1.855491,s332.670797
049_25,s2.195039,s0.14766,s276.378481
049_26,s-1.046984,s1.820391,s55.830495
049_27,s1.478226,s1.561201,s231.407036
049_28,s1.009852,s-1.784012,s287.529052
049_29,s-1.799898,s-1.265056,s121.541619
049_30,s-0.69012,s-2.088955,s218.237921
049_31,s0.424488,s-2.158659,s199.060667
049_32,s0.943868,s2.260888,s331.390383
049_33,s-1.284294,s-1.908033,s93.051652
049_34,s-2.436729,s1.041563,s178.101692
049_35,s1.524309,s-1.981535,s193.08367
049_36,s2.128314,s-1.213581,s173.42918
049_37,s2.21165,s1.36697,s351.856848
049_38,s-1.943709,s-0.471164,s76.317652
049_39,s-1.7889,s2.282507,s354.121861
049_40,s-1.783567,s1.605891,s35.245421
049_41,s2.363303,s0.957756,s214.713346
049_42,s-2.218369,s-0.915881,s115.824923
049_43,s-0.865964,s-2.715254,s242.256704
049_44,s-2.023115,s-2.215176,s153.40833
049_45,s1.539398,s2.157024,s334.41392
049_46,s-0.56078,s2.641122,s352.15862
049_47,s2.391934,s-0.883827,s342.58859
049_48,s0.539859,s2.798402,s102.03545
050_0,s0.0,s0.0,s224.07799
050_1,s-0.148662,s0.371349,s324.138907
050_2,s-0.433521,s-0.120664,s43.560215
050_3,s0.190827,s-0.673487,s116.327727
050_4,s-0.913799,s-0.259751,s80.095038
050_5,s-0.447068,s0.663423,s97.607334
050_6,s-0.744268,s-0.590394,s194.56315
050_7,s-0.067394,s1.047835,s63.289603
050_8,s0.44541,s0.540009,s230.223708
050_9,s1.095233,s-0.350664,s121.948796
050_10,s0.734919,s-0.948627,s215.942255
050_11,s1.050575,s0.847816,s64.136372
050_12,s1.373843,s0.46374,s347.862517
050_13,s-1.245248,s-0.63981,s125.561183
050_14,s0.338793,s-1.306797,s194.028876
050_15,s-0.179821,s1.640172,s282.801172
050_16,s1.593643,s0.142487,s235.155091
050_17,s1.541295,s-0.929737,s310.83356
050_18,s-1.250661,s-1.151455,s199.265546
050_19,s0.914429,s1.373433,s12.198963
050_20,s-0.990518,s0.917264,s50.454835
050_21,s-1.575529,s0.490109,s161.451982
050_22,s-1.731787,s0.896333,s41.722179
050_23,s-0.4896,s-1.523251,s233.738856
050_24,s-0.59971,s1.855491,s332.670797
050_25,s2.195039,s0.14766,s276.378481
050_26,s-1.046984,s1.820391,s55.830495
050_27,s1.478226,s1.561201,s231.407036
050_28,s1.009852,s-1.784012,s287.529052
050_29,s-1.799898,s-1.265056,s121.541619
050_30,s-0.69012,s-2.088955,s218.237921
050_31,s0.424488,s-2.158659,s199.060667
050_32,s0.943868,s2.260888,s331.390383
050_33,s-1.284294,s-1.908033,s93.051652
050_34,s-2.436729,s1.041563,s178.101692
050_35,s1.524309,s-1.981535,s193.08367
050_36,s2.128314,s-1.213581,s173.42918
050_37,s2.21165,s1.36697,s351.856848
050_38,s-1.943709,s-0.471164,s76.317652
050_39,s-1.7889,s2.282507,s354.121861
050_40,s-1.783567,s1.605891,s35.245421
050_41,s2.363303,s0.957756,s214.713346
050_42,s-2.218369,s-0.915881,s115.824923
050_43,s-0.865964,s-2.715254,s242.256704
050_44,s-2.023115,s-2.215176,s153.40833
050_45,s1.539398,s2.157024,s334.41392
050_46,s-0.56078,s2.641122,s352.15862
050_47,s2.391934,s-0.883827,s342.58859
050_48,s0.539859,s2.798402,s102.03545
050_49,s3.14502,s0.590636,s36.746496
051_0,s0.0,s0.0,s224.07799
051_1,s-0.148662,s0.371349,s324.138907
051_2,s-0.433521,s-0.120664,s43.560215
051_3,s0.190827,s-0.673487,s116.327727
051_4,s-0.913799,s-0.259751,s80.095038
051_5,s-0.447068,s0.663423,s97.607334
051_6,s-0.744268,s-0.590394,s194.56315
051_7,s-0.067394,s1.047835,s63.289603
051_8,s0.44541,s0.540009,s230.223708
051_9,s1.095233,s-0.350664,s121.948796
051_10,s0.734919,s-0.948627,s215.942255
051_11,s1.050575,s0.847816,s64.136372
051_12,s1.373843,s0.46374,s347.862517
051_13,s-1.245248,s-0.63981,s125.561183
051_14,s0.338793,s-1.306797,s194.028876
051_15,s-0.179821,s1.640172,s282.801172
051_16,s1.593643,s0.142487,s235.155091
051_17,s1.541295,s-0.929737,s310.83356
051_18,s-1.250661,s-1.151455,s199.265546
051_19,s0.914429,s1.373433,s12.198963
051_20,s-0.990518,s0.917264,s50.454835
051_21,s-1.575529,s0.490109,s161.451982
051_22,s-1.731787,s0.896333,s41.722179
051_23,s-0.4896,s-1.523251,s233.738856
051_24,s-0.59971,s1.855491,s332.670797
051_25,s2.195039,s0.14766,s276.378481
051_26,s-1.046984,s1.820391,s55.830495
051_27,s1.478226,s1.561201,s231.407036
051_28,s1.009852,s-1.784012,s287.529052
051_29,s-1.799898,s-1.265056,s121.541619
051_30,s-0.69012,s-2.088955,s218.237921
051_31,s0.424488,s-2.158659,s199.060667
051_32,s0.943868,s2.260888,s331.390383
051_33,s-1.284294,s-1.908033,s93.051652
051_34,s-2.436729,s1.041563,s178.101692
051_35,s1.524309,s-1.981535,s193.08367
051_36,s2.128314,s-1.213581,s173.42918
051_37,s2.21165,s1.36697,s351.856848
051_38,s-1.943709,s-0.471164,s76.317652
051_39,s-1.7889,s2.282507,s354.121861
051_40,s-1.783567,s1.605891,s35.245421
051_41,s2.363303,s0.957756,s214.713346
051_42,s-2.218369,s-0.915881,s115.824923
051_43,s-0.865964,s-2.715254,s242.256704
051_44,s-2.023115,s-2.215176,s153.40833
051_45,s1.539398,s2.157024,s334.41392
051_46,s-0.56078,s2.641122,s352.15862
051_47,s2.391934,s-0.883827,s342.58859
051_48,s0.539859,s2.798402,s102.03545
051_49,s3.14502,s0.590636,s36.746496
051_50,s2.864552,s-0.452045,s297.59072
052_0,s0.0,s0.0,s224.07799
052_1,s-0.148662,s0.371349,s324.138907
052_2,s-0.433521,s-0.120664,s43.560215
052_3,s0.190827,s-0.673487,s116.327727
052_4,s-0.913799,s-0.259751,s80.095038
052_5,s-0.447068,s0.663423,s97.607334
052_6,s-0.744268,s-0.590394,s194.56315
052_7,s-0.067394,s1.047835,s63.289603
052_8,s0.44541,s0.540009,s230.223708
052_9,s1.095233,s-0.350664,s121.948796
052_10,s0.734919,s-0.948627,s215.942255
052_11,s1.050575,s0.847816,s64.136372
052_12,s1.373843,s0.46374,s347.862517
052_13,s-1.245248,s-0.63981,s125.561183
052_14,s0.338793,s-1.306797,s194.028876
052_15,s-0.179821,s1.640172,s282.801172
052_16,s1.593643,s0.142487,s235.155091
052_17,s1.541295,s-0.929737,s310.83356
052_18,s-1.250661,s-1.151455,s199.265546
052_19,s0.914429,s1.373433,s12.198963
052_20,s-0.990518,s0.917264,s50.454835
052_21,s-1.575529,s0.490109,s161.451982
052_22,s-1.731787,s0.896333,s41.722179
052_23,s-0.4896,s-1.523251,s233.738856
052_24,s-0.59971,s1.855491,s332.670797
052_25,s2.195039,s0.14766,s276.378481
052_26,s-1.046984,s1.820391,s55.830495
052_27,s1.478226,s1.561201,s231.407036
052_28,s1.009852,s-1.784012,s287.529052
052_29,s-1.799898,s-1.265056,s121.541619
052_30,s-0.69012,s-2.088955,s218.237921
052_31,s0.424488,s-2.158659,s199.060667
052_32,s0.943868,s2.260888,s331.390383
052_33,s-1.284294,s-1.908033,s93.051652
052_34,s-2.436729,s1.041563,s178.101692
052_35,s1.524309,s-1.981535,s193.08367
052_36,s2.128314,s-1.213581,s173.42918
052_37,s2.21165,s1.36697,s351.856848
052_38,s-1.943709,s-0.471164,s76.317652
052_39,s-1.7889,s2.282507,s354.121861
052_40,s-1.783567,s1.605891,s35.245421
052_41,s2.363303,s0.957756,s214.713346
052_42,s-2.218369,s-0.915881,s115.824923
052_43,s-0.865964,s-2.715254,s242.256704
052_44,s-2.023115,s-2.215176,s153.40833
052_45,s1.539398,s2.157024,s334.41392
052_46,s-0.56078,s2.641122,s352.15862
052_47,s2.391934,s-0.883827,s342.58859
052_48,s0.539859,s2.798402,s102.03545
052_49,s3.14502,s0.590636,s36.746496
052_50,s2.864552,s-0.452045,s297.59072
052_51,s2.406737,s-1.790983,s273.36504
053_0,s0.0,s0.0,s224.07799
053_1,s-0.148662,s0.371349,s324.138907
053_2,s-0.433521,s-0.120664,s43.560215
053_3,s0.190827,s-0.673487,s116.327727
053_4,s-0.913799,s-0.259751,s80.095038
053_5,s-0.447068,s0.663423,s97.607334
053_6,s-0.744268,s-0.590394,s194.56315
053_7,s-0.067394,s1.047835,s63.289603
053_8,s0.44541,s0.540009,s230.223708
053_9,s1.095233,s-0.350664,s121.948796
053_10,s0.734919,s-0.948627,s215.942255
053_11,s1.050575,s0.847816,s64.136372
053_12,s1.373843,s0.46374,s347.862517
053_13,s-1.245248,s-0.63981,s125.561183
053_14,s0.338793,s-1.306797,s194.028876
053_15,s-0.179821,s1.640172,s282.801172
053_16,s1.593643,s0.142487,s235.155091
053_17,s1.541295,s-0.929737,s310.83356
053_18,s-1.250661,s-1.151455,s199.265546
053_19,s0.914429,s1.373433,s12.198963
053_20,s-0.990518,s0.917264,s50.454835
053_21,s-1.575529,s0.490109,s161.451982
053_22,s-1.731787,s0.896333,s41.722179
053_23,s-0.4896,s-1.523251,s233.738856
053_24,s-0.59971,s1.855491,s332.670797
053_25,s2.195039,s0.14766,s276.378481
053_26,s-1.046984,s1.820391,s55.830495
053_27,s1.478226,s1.561201,s231.407036
053_28,s1.009852,s-1.784012,s287.529052
053_29,s-1.799898,s-1.265056,s121.541619
053_30,s-0.69012,s-2.088955,s218.237921
053_31,s0.424488,s-2.158659,s199.060667
053_32,s0.943868,s2.260888,s331.390383
053_33,s-1.284294,s-1.908033,s93.051652
053_34,s-2.436729,s1.041563,s178.101692
053_35,s1.524309,s-1.981535,s193.08367
053_36,s2.128314,s-1.213581,s173.42918
053_37,s2.21165,s1.36697,s351.856848
053_38,s-1.943709,s-0.471164,s76.317652
053_39,s-1.7889,s2.282507,s354.121861
053_40,s-1.783567,s1.605891,s35.245421
053_41,s2.363303,s0.957756,s214.713346
053_42,s-2.218369,s-0.915881,s115.824923
053_43,s-0.865964,s-2.715254,s242.256704
053_44,s-2.023115,s-2.215176,s153.40833
053_45,s1.539398,s2.157024,s334.41392
053_46,s-0.56078,s2.641122,s352.15862
053_47,s2.391934,s-0.883827,s342.58859
053_48,s0.539859,s2.798402,s102.03545
053_49,s3.14502,s0.590636,s36.746496
053_50,s2.864552,s-0.452045,s297.59072
053_51,s2.406737,s-1.790983,s273.36504
053_52,s1.057025,s-2.646733,s184.135559
054_0,s0.0,s0.0,s224.07799
054_1,s-0.148662,s0.371349,s324.138907
054_2,s-0.433521,s-0.120664,s43.560215
054_3,s0.190827,s-0.673487,s116.327727
054_4,s-0.913799,s-0.259751,s80.095038
054_5,s-0.447068,s0.663423,s97.607334
054_6,s-0.744268,s-0.590394,s194.56315
054_7,s-0.067394,s1.047835,s63.289603
054_8,s0.44541,s0.540009,s230.223708
054_9,s1.095233,s-0.350664,s121.948796
054_10,s0.734919,s-0.948627,s215.942255
054_11,s1.050575,s0.847816,s64.136372
054_12,s1.373843,s0.46374,s347.862517
054_13,s-1.245248,s-0.63981,s125.561183
054_14,s0.338793,s-1.306797,s194.028876
054_15,s-0.179821,s1.640172,s282.801172
054_16,s1.593643,s0.142487,s235.155091
054_17,s1.541295,s-0.929737,s310.83356
054_18,s-1.250661,s-1.151455,s199.265546
054_19,s0.914429,s1.373433,s12.198963
054_20,s-0.990518,s0.917264,s50.454835
054_21,s-1.575529,s0.490109,s161.451982
054_22,s-1.731787,s0.896333,s41.722179
054_23,s-0.4896,s-1.523251,s233.738856
054_24,s-0.59971,s1.855491,s332.670797
054_25,s2.195039,s0.14766,s276.378481
054_26,s-1.046984,s1.820391,s55.830495
054_27,s1.478226,s1.561201,s231.407036
054_28,s1.009852,s-1.784012,s287.529052
054_29,s-1.799898,s-1.265056,s121.541619
054_30,s-0.69012,s-2.088955,s218.237921
054_31,s0.424488,s-2.158659,s199.060667
054_32,s0.943868,s2.260888,s331.390383
054_33,s-1.284294,s-1.908033,s93.051652
054_34,s-2.436729,s1.041563,s178.101692
054_35,s1.524309,s-1.981535,s193.08367
054_36,s2.128314,s-1.213581,s173.42918
054_37,s2.21165,s1.36697,s351.856848
054_38,s-1.943709,s-0.471164,s76.317652
054_39,s-1.7889,s2.282507,s354.121861
054_40,s-1.783567,s1.605891,s35.245421
054_41,s2.363303,s0.957756,s214.713346
054_42,s-2.218369,s-0.915881,s115.824923
054_43,s-0.865964,s-2.715254,s242.256704
054_44,s-2.023115,s-2.215176,s153.40833
054_45,s1.539398,s2.157024,s334.41392
054_46,s-0.56078,s2.641122,s352.15862
054_47,s2.391934,s-0.883827,s342.58859
054_48,s0.539859,s2.798402,s102.03545
054_49,s3.14502,s0.590636,s36.746496
054_50,s2.864552,s-0.452045,s297.59072
054_51,s2.406737,s-1.790983,s273.36504
054_52,s1.057025,s-2.646733,s184.135559
054_53,s-2.394613,s1.635796,s356.642679
055_0,s0.0,s0.0,s224.07799
055_1,s-0.148662,s0.371349,s324.138907
055_2,s-0.433521,s-0.120664,s43.560215
055_3,s0.190827,s-0.673487,s116.327727
055_4,s-0.913799,s-0.259751,s80.095038
055_5,s-0.447068,s0.663423,s97.607334
055_6,s-0.744268,s-0.590394,s194.56315
055_7,s-0.067394,s1.047835,s63.289603
055_8,s0.44541,s0.540009,s230.223708
055_9,s1.095233,s-0.350664,s121.948796
055_10,s0.734919,s-0.948627,s215.942255
055_11,s1.050575,s0.847816,s64.136372
055_12,s1.373843,s0.46374,s347.862517
055_13,s-1.245248,s-0.63981,s125.561183
055_14,s0.338793,s-1.306797,s194.028876
055_15,s-0.179821,s1.640172,s282.801172
055_16,s1.593643,s0.142487,s235.155091
055_17,s1.541295,s-0.929737,s310.83356
055_18,s-1.250661,s-1.151455,s199.265546
055_19,s0.914429,s1.373433,s12.198963
055_20,s-0.990518,s0.917264,s50.454835
055_21,s-1.575529,s0.490109,s161.451982
055_22,s-1.731787,s0.896333,s41.722179
055_23,s-0.4896,s-1.523251,s233.738856
055_24,s-0.59971,s1.855491,s332.670797
055_25,s2.195039,s0.14766,s276.378481
055_26,s-1.046984,s1.820391,s55.830495
055_27,s1.478226,s1.561201,s231.407036
055_28,s1.009852,s-1.784012,s287.529052
055_29,s-1.799898,s-1.265056,s121.541619
055_30,s-0.69012,s-2.088955,s218.237921
055_31,s0.424488,s-2.158659,s199.060667
055_32,s0.943868,s2.260888,s331.390383
055_33,s-1.284294,s-1.908033,s93.051652
055_34,s-2.436729,s1.041563,s178.101692
055_35,s1.524309,s-1.981535,s193.08367
055_36,s2.128314,s-1.213581,s173.42918
055_37,s2.21165,s1.36697,s351.856848
055_38,s-1.943709,s-0.471164,s76.317652
055_39,s-1.7889,s2.282507,s354.121861
055_40,s-1.783567,s1.605891,s35.245421
055_41,s2.363303,s0.957756,s214.713346
055_42,s-2.218369,s-0.915881,s115.824923
055_43,s-0.865964,s-2.715254,s242.256704
055_44,s-2.023115,s-2.215176,s153.40833
055_45,s1.539398,s2.157024,s334.41392
055_46,s-0.56078,s2.641122,s352.15862
055_47,s2.391934,s-0.883827,s342.58859
055_48,s0.539859,s2.798402,s102.03545
055_49,s3.14502,s0.590636,s36.746496
055_50,s2.864552,s-0.452045,s297.59072
055_51,s2.406737,s-1.790983,s273.36504
055_52,s1.057025,s-2.646733,s184.135559
055_53,s-2.394613,s1.635796,s356.642679
055_54,s-2.905277,s0.747906,s72.500196
056_0,s0.0,s0.0,s224.07799
056_1,s-0.148662,s0.371349,s324.138907
056_2,s-0.433521,s-0.120664,s43.560215
056_3,s0.190827,s-0.673487,s116.327727
056_4,s-0.913799,s-0.259751,s80.095038
056_5,s-0.447068,s0.663423,s97.607334
056_6,s-0.744268,s-0.590394,s194.56315
056_7,s-0.067394,s1.047835,s63.289603
056_8,s0.44541,s0.540009,s230.223708
056_9,s1.095233,s-0.350664,s121.948796
056_10,s0.734919,s-0.948627,s215.942255
056_11,s1.050575,s0.847816,s64.136372
056_12,s1.373843,s0.46374,s347.862517
056_13,s-1.245248,s-0.63981,s125.561183
056_14,s0.338793,s-1.306797,s194.028876
056_15,s-0.179821,s1.640172,s282.801172
056_16,s1.593643,s0.142487,s235.155091
056_17,s1.541295,s-0.929737,s310.83356
056_18,s-1.250661,s-1.151455,s199.265546
056_19,s0.914429,s1.373433,s12.198963
056_20,s-0.990518,s0.917264,s50.454835
056_21,s-1.575529,s0.490109,s161.451982
056_22,s-1.731787,s0.896333,s41.722179
056_23,s-0.4896,s-1.523251,s233.738856
056_24,s-0.59971,s1.855491,s332.670797
056_25,s2.195039,s0.14766,s276.378481
056_26,s-1.046984,s1.820391,s55.830495
056_27,s1.478226,s1.561201,s231.407036
056_28,s1.009852,s-1.784012,s287.529052
056_29,s-1.799898,s-1.265056,s121.541619
056_30,s-0.69012,s-2.088955,s218.237921
056_31,s0.424488,s-2.158659,s199.060667
056_32,s0.943868,s2.260888,s331.390383
056_33,s-1.284294,s-1.908033,s93.051652
056_34,s-2.436729,s1.041563,s178.101692
056_35,s1.524309,s-1.981535,s193.08367
056_36,s2.128314,s-1.213581,s173.42918
056_37,s2.21165,s1.36697,s351.856848
056_38,s-1.943709,s-0.471164,s76.317652
056_39,s-1.7889,s2.282507,s354.121861
056_40,s-1.783567,s1.605891,s35.245421
056_41,s2.363303,s0.957756,s214.713346
056_42,s-2.218369,s-0.915881,s115.824923
056_43,s-0.865964,s-2.715254,s242.256704
056_44,s-2.023115,s-2.215176,s153.40833
056_45,s1.539398,s2.157024,s334.41392
056_46,s-0.56078,s2.641122,s352.15862
056_47,s2.391934,s-0.883827,s342.58859
056_48,s0.539859,s2.798402,s102.03545
056_49,s3.14502,s0.590636,s36.746496
056_50,s2.864552,s-0.452045,s297.59072
056_51,s2.406737,s-1.790983,s273.36504
056_52,s1.057025,s-2.646733,s184.135559
056_53,s-2.394613,s1.635796,s356.642679
056_54,s-2.905277,s0.747906,s72.500196
056_55,s-1.029026,s-3.345311,s77.506439
057_0,s0.0,s0.0,s224.07799
057_1,s-0.148662,s0.371349,s324.138907
057_2,s-0.433521,s-0.120664,s43.560215
057_3,s0.190827,s-0.673487,s116.327727
057_4,s-0.913799,s-0.259751,s80.095038
057_5,s-0.447068,s0.663423,s97.607334
057_6,s-0.744268,s-0.590394,s194.56315
057_7,s-0.067394,s1.047835,s63.289603
057_8,s0.44541,s0.540009,s230.223708
057_9,s1.095233,s-0.350664,s121.948796
057_10,s0.734919,s-0.948627,s215.942255
057_11,s1.050575,s0.847816,s64.136372
057_12,s1.373843,s0.46374,s347.862517
057_13,s-1.245248,s-0.63981,s125.561183
057_14,s0.338793,s-1.306797,s194.028876
057_15,s-0.179821,s1.640172,s282.801172
057_16,s1.593643,s0.142487,s235.155091
057_17,s1.541295,s-0.929737,s310.83356
057_18,s-1.250661,s-1.151455,s199.265546
057_19,s0.914429,s1.373433,s12.198963
057_20,s-0.990518,s0.917264,s50.454835
057_21,s-1.575529,s0.490109,s161.451982
057_22,s-1.731787,s0.896333,s41.722179
057_23,s-0.4896,s-1.523251,s233.738856
057_24,s-0.59971,s1.855491,s332.670797
057_25,s2.195039,s0.14766,s276.378481
057_26,s-1.046984,s1.820391,s55.830495
057_27,s1.478226,s1.561201,s231.407036
057_28,s1.009852,s-1.784012,s287.529052
057_29,s-1.799898,s-1.265056,s121.541619
057_30,s-0.69012,s-2.088955,s218.237921
057_31,s0.424488,s-2.158659,s199.060667
057_32,s0.943868,s2.260888,s331.390383
057_33,s-1.284294,s-1.908033,s93.051652
057_34,s-2.436729,s1.041563,s178.101692
057_35,s1.524309,s-1.981535,s193.08367
057_36,s2.128314,s-1.213581,s173.42918
057_37,s2.21165,s1.36697,s351.856848
057_38,s-1.943709,s-0.471164,s76.317652
057_39,s-1.7889,s2.282507,s354.121861
057_40,s-1.783567,s1.605891,s35.245421
057_41,s2.363303,s0.957756,s214.713346
057_42,s-2.218369,s-0.915881,s115.824923
057_43,s-0.865964,s-2.715254,s242.256704
057_44,s-2.023115,s-2.215176,s153.40833
057_45,s1.539398,s2.157024,s334.41392
057_46,s-0.56078,s2.641122,s352.15862
057_47,s2.391934,s-0.883827,s342.58859
057_48,s0.539859,s2.798402,s102.03545
057_49,s3.14502,s0.590636,s36.746496
057_50,s2.864552,s-0.452045,s297.59072
057_51,s2.406737,s-1.790983,s273.36504
057_52,s1.057025,s-2.646733,s184.135559
057_53,s-2.394613,s1.635796,s356.642679
057_54,s-2.905277,s0.747906,s72.500196
057_55,s-1.029026,s-3.345311,s77.506439
057_56,s-1.077656,s2.311095,s6.634927
058_0,s0.0,s0.0,s224.07799
058_1,s-0.148662,s0.371349,s324.138907
058_2,s-0.433521,s-0.120664,s43.560215
058_3,s0.190827,s-0.673487,s116.327727
058_4,s-0.913799,s-0.259751,s80.095038
058_5,s-0.447068,s0.663423,s97.607334
058_6,s-0.744268,s-0.590394,s194.56315
058_7,s-0.067394,s1.047835,s63.289603
058_8,s0.44541,s0.540009,s230.223708
058_9,s1.095233,s-0.350664,s121.948796
058_10,s0.734919,s-0.948627,s215.942255
058_11,s1.050575,s0.847816,s64.136372
058_12,s1.373843,s0.46374,s347.862517
058_13,s-1.245248,s-0.63981,s125.561183
058_14,s0.338793,s-1.306797,s194.028876
058_15,s-0.179821,s1.640172,s282.801172
058_16,s1.593643,s0.142487,s235.155091
058_17,s1.541295,s-0.929737,s310.83356
058_18,s-1.250661,s-1.151455,s199.265546
058_19,s0.914429,s1.373433,s12.198963
058_20,s-0.990518,s0.917264,s50.454835
058_21,s-1.575529,s0.490109,s161.451982
058_22,s-1.731787,s0.896333,s41.722179
058_23,s-0.4896,s-1.523251,s233.738856
058_24,s-0.59971,s1.855491,s332.670797
058_25,s2.195039,s0.14766,s276.378481
058_26,s-1.046984,s1.820391,s55.830495
058_27,s1.478226,s1.561201,s231.407036
058_28,s1.009852,s-1.784012,s287.529052
058_29,s-1.799898,s-1.265056,s121.541619
058_30,s-0.69012,s-2.088955,s218.237921
058_31,s0.424488,s-2.158659,s199.060667
058_32,s0.943868,s2.260888,s331.390383
058_33,s-1.284294,s-1.908033,s93.051652
058_34,s-2.436729,s1.041563,s178.101692
058_35,s1.524309,s-1.981535,s193.08367
058_36,s2.128314,s-1.213581,s173.42918
058_37,s2.21165,s1.36697,s351.856848
058_38,s-1.943709,s-0.471164,s76.317652
058_39,s-1.7889,s2.282507,s354.121861
058_40,s-1.783567,s1.605891,s35.245421
058_41,s2.363303,s0.957756,s214.713346
058_42,s-2.218369,s-0.915881,s115.824923
058_43,s-0.865964,s-2.715254,s242.256704
058_44,s-2.023115,s-2.215176,s153.40833
058_45,s1.539398,s2.157024,s334.41392
058_46,s-0.56078,s2.641122,s352.15862
058_47,s2.391934,s-0.883827,s342.58859
058_48,s0.539859,s2.798402,s102.03545
058_49,s3.14502,s0.590636,s36.746496
058_50,s2.864552,s-0.452045,s297.59072
058_51,s2.406737,s-1.790983,s273.36504
058_52,s1.057025,s-2.646733,s184.135559
058_53,s-2.394613,s1.635796,s356.642679
058_54,s-2.905277,s0.747906,s72.500196
058_55,s-1.029026,s-3.345311,s77.506439
058_56,s-1.077656,s2.311095,s6.634927
058_57,s2.682851,s1.650699,s294.589367
059_0,s0.0,s0.0,s224.07799
059_1,s-0.148662,s0.371349,s324.138907
059_2,s-0.433521,s-0.120664,s43.560215
059_3,s0.190827,s-0.673487,s116.327727
059_4,s-0.913799,s-0.259751,s80.095038
059_5,s-0.447068,s0.663423,s97.607334
059_6,s-0.744268,s-0.590394,s194.56315
059_7,s-0.067394,s1.047835,s63.289603
059_8,s0.44541,s0.540009,s230.223708
059_9,s1.095233,s-0.350664,s121.948796
059_10,s0.734919,s-0.948627,s215.942255
059_11,s1.050575,s0.847816,s64.136372
059_12,s1.373843,s0.46374,s347.862517
059_13,s-1.245248,s-0.63981,s125.561183
059_14,s0.338793,s-1.306797,s194.028876
059_15,s-0.179821,s1.640172,s282.801172
059_16,s1.593643,s0.142487,s235.155091
059_17,s1.541295,s-0.929737,s310.83356
059_18,s-1.250661,s-1.151455,s199.265546
059_19,s0.914429,s1.373433,s12.198963
059_20,s-0.990518,s0.917264,s50.454835
059_21,s-1.575529,s0.490109,s161.451982
059_22,s-1.731787,s0.896333,s41.722179
059_23,s-0.4896,s-1.523251,s233.738856
059_24,s-0.59971,s1.855491,s332.670797
059_25,s2.195039,s0.14766,s276.378481
059_26,s-1.046984,s1.820391,s55.830495
059_27,s1.478226,s1.561201,s231.407036
059_28,s1.009852,s-1.784012,s287.529052
059_29,s-1.799898,s-1.265056,s121.541619
059_30,s-0.69012,s-2.088955,s218.237921
059_31,s0.424488,s-2.158659,s199.060667
059_32,s0.943868,s2.260888,s331.390383
059_33,s-1.284294,s-1.908033,s93.051652
059_34,s-2.436729,s1.041563,s178.101692
059_35,s1.524309,s-1.981535,s193.08367
059_36,s2.128314,s-1.213581,s173.42918
059_37,s2.21165,s1.36697,s351.856848
059_38,s-1.943709,s-0.471164,s76.317652
059_39,s-1.7889,s2.282507,s354.121861
059_40,s-1.783567,s1.605891,s35.245421
059_41,s2.363303,s0.957756,s214.713346
059_42,s-2.218369,s-0.915881,s115.824923
059_43,s-0.865964,s-2.715254,s242.256704
059_44,s-2.023115,s-2.215176,s153.40833
059_45,s1.539398,s2.157024,s334.41392
059_46,s-0.56078,s2.641122,s352.15862
059_47,s2.391934,s-0.883827,s342.58859
059_48,s0.539859,s2.798402,s102.03545
059_49,s3.14502,s0.590636,s36.746496
059_50,s2.864552,s-0.452045,s297.59072
059_51,s2.406737,s-1.790983,s273.36504
059_52,s1.057025,s-2.646733,s184.135559
059_53,s-2.394613,s1.635796,s356.642679
059_54,s-2.905277,s0.747906,s72.500196
059_55,s-1.029026,s-3.345311,s77.506439
059_56,s-1.077656,s2.311095,s6.634927
059_57,s2.682851,s1.650699,s294.589367
059_58,s-2.807388,s1.535765,s66.143347
060_0,s0.0,s0.0,s224.07799
060_1,s-0.148662,s0.371349,s324.138907
060_2,s-0.433521,s-0.120664,s43.560215
060_3,s0.190827,s-0.673487,s116.327727
060_4,s-0.913799,s-0.259751,s80.095038
060_5,s-0.447068,s0.663423,s97.607334
060_6,s-0.744268,s-0.590394,s194.56315
060_7,s-0.067394,s1.047835,s63.289603
060_8,s0.44541,s0.540009,s230.223708
060_9,s1.095233,s-0.350664,s121.948796
060_10,s0.734919,s-0.948627,s215.942255
060_11,s1.050575,s0.847816,s64.136372
060_12,s1.373843,s0.46374,s347.862517
060_13,s-1.245248,s-0.63981,s125.561183
060_14,s0.338793,s-1.306797,s194.028876
060_15,s-0.179821,s1.640172,s282.801172
060_16,s1.593643,s0.142487,s235.155091
060_17,s1.541295,s-0.929737,s310.83356
060_18,s-1.250661,s-1.151455,s199.265546
060_19,s0.914429,s1.373433,s12.198963
060_20,s-0.990518,s0.917264,s50.454835
060_21,s-1.575529,s0.490109,s161.451982
060_22,s-1.731787,s0.896333,s41.722179
060_23,s-0.4896,s-1.523251,s233.738856
060_24,s-0.59971,s1.855491,s332.670797
060_25,s2.195039,s0.14766,s276.378481
060_26,s-1.046984,s1.820391,s55.830495
060_27,s1.478226,s1.561201,s231.407036
060_28,s1.009852,s-1.784012,s287.529052
060_29,s-1.799898,s-1.265056,s121.541619
060_30,s-0.69012,s-2.088955,s218.237921
060_31,s0.424488,s-2.158659,s199.060667
060_32,s0.943868,s2.260888,s331.390383
060_33,s-1.284294,s-1.908033,s93.051652
060_34,s-2.436729,s1.041563,s178.101692
060_35,s1.524309,s-1.981535,s193.08367
060_36,s2.128314,s-1.213581,s173.42918
060_37,s2.21165,s1.36697,s351.856848
060_38,s-1.943709,s-0.471164,s76.317652
060_39,s-1.7889,s2.282507,s354.121861
060_40,s-1.783567,s1.605891,s35.245421
060_41,s2.363303,s0.957756,s214.713346
060_42,s-2.218369,s-0.915881,s115.824923
060_43,s-0.865964,s-2.715254,s242.256704
060_44,s-2.023115,s-2.215176,s153.40833
060_45,s1.539398,s2.157024,s334.41392
060_46,s-0.56078,s2.641122,s352.15862
060_47,s2.391934,s-0.883827,s342.58859
060_48,s0.539859,s2.798402,s102.03545
060_49,s3.14502,s0.590636,s36.746496
060_50,s2.864552,s-0.452045,s297.59072
060_51,s2.406737,s-1.790983,s273.36504
060_52,s1.057025,s-2.646733,s184.135559
060_53,s-2.394613,s1.635796,s356.642679
060_54,s-2.905277,s0.747906,s72.500196
060_55,s-1.029026,s-3.345311,s77.506439
060_56,s-1.077656,s2.311095,s6.634927
060_57,s2.682851,s1.650699,s294.589367
060_58,s-2.807388,s1.535765,s66.143347
060_59,s-2.910519,s-0.481016,s52.863442
061_0,s0.0,s0.0,s224.07799
061_1,s-0.148662,s0.371349,s324.138907
061_2,s-0.433521,s-0.120664,s43.560215
061_3,s0.190827,s-0.673487,s116.327727
061_4,s-0.913799,s-0.259751,s80.095038
061_5,s-0.447068,s0.663423,s97.607334
061_6,s-0.744268,s-0.590394,s194.56315
061_7,s-0.067394,s1.047835,s63.289603
061_8,s0.44541,s0.540009,s230.223708
061_9,s1.095233,s-0.350664,s121.948796
061_10,s0.734919,s-0.948627,s215.942255
061_11,s1.050575,s0.847816,s64.136372
061_12,s1.373843,s0.46374,s347.862517
061_13,s-1.245248,s-0.63981,s125.561183
061_14,s0.338793,s-1.306797,s194.028876
061_15,s-0.179821,s1.640172,s282.801172
061_16,s1.593643,s0.142487,s235.155091
061_17,s1.541295,s-0.929737,s310.83356
061_18,s-1.250661,s-1.151455,s199.265546
061_19,s0.914429,s1.373433,s12.198963
061_20,s-0.990518,s0.917264,s50.454835
061_21,s-1.575529,s0.490109,s161.451982
061_22,s-1.731787,s0.896333,s41.722179
061_23,s-0.4896,s-1.523251,s233.738856
061_24,s-0.59971,s1.855491,s332.670797
061_25,s2.195039,s0.14766,s276.378481
061_26,s-1.046984,s1.820391,s55.830495
061_27,s1.478226,s1.561201,s231.407036
061_28,s1.009852,s-1.784012,s287.529052
061_29,s-1.799898,s-1.265056,s121.541619
061_30,s-0.69012,s-2.088955,s218.237921
061_31,s0.424488,s-2.158659,s199.060667
061_32,s0.943868,s2.260888,s331.390383
061_33,s-1.284294,s-1.908033,s93.051652
061_34,s-2.436729,s1.041563,s178.101692
061_35,s1.524309,s-1.981535,s193.08367
061_36,s2.128314,s-1.213581,s173.42918
061_37,s2.21165,s1.36697,s351.856848
061_38,s-1.943709,s-0.471164,s76.317652
061_39,s-1.7889,s2.282507,s354.121861
061_40,s-1.783567,s1.605891,s35.245421
061_41,s2.363303,s0.957756,s214.713346
061_42,s-2.218369,s-0.915881,s115.824923
061_43,s-0.865964,s-2.715254,s242.256704
061_44,s-2.023115,s-2.215176,s153.40833
061_45,s1.539398,s2.157024,s334.41392
061_46,s-0.56078,s2.641122,s352.15862
061_47,s2.391934,s-0.883827,s342.58859
061_48,s0.539859,s2.798402,s102.03545
061_49,s3.14502,s0.590636,s36.746496
061_50,s2.864552,s-0.452045,s297.59072
061_51,s2.406737,s-1.790983,s273.36504
061_52,s1.057025,s-2.646733,s184.135559
061_53,s-2.394613,s1.635796,s356.642679
061_54,s-2.905277,s0.747906,s72.500196
061_55,s-1.029026,s-3.345311,s77.506439
061_56,s-1.077656,s2.311095,s6.634927
061_57,s2.682851,s1.650699,s294.589367
061_58,s-2.807388,s1.535765,s66.143347
061_59,s-2.910519,s-0.481016,s52.863442
061_60,s0.539087,s-3.30634,s246.659103
062_0,s0.0,s0.0,s224.07799
062_1,s-0.148662,s0.371349,s324.138907
062_2,s-0.433521,s-0.120664,s43.560215
062_3,s0.190827,s-0.673487,s116.327727
062_4,s-0.913799,s-0.259751,s80.095038
062_5,s-0.447068,s0.663423,s97.607334
062_6,s-0.744268,s-0.590394,s194.56315
062_7,s-0.067394,s1.047835,s63.289603
062_8,s0.44541,s0.540009,s230.223708
062_9,s1.095233,s-0.350664,s121.948796
062_10,s0.734919,s-0.948627,s215.942255
062_11,s1.050575,s0.847816,s64.136372
062_12,s1.373843,s0.46374,s347.862517
062_13,s-1.245248,s-0.63981,s125.561183
062_14,s0.338793,s-1.306797,s194.028876
062_15,s-0.179821,s1.640172,s282.801172
062_16,s1.593643,s0.142487,s235.155091
062_17,s1.541295,s-0.929737,s310.83356
062_18,s-1.250661,s-1.151455,s199.265546
062_19,s0.914429,s1.373433,s12.198963
062_20,s-0.990518,s0.917264,s50.454835
062_21,s-1.575529,s0.490109,s161.451982
062_22,s-1.731787,s0.896333,s41.722179
062_23,s-0.4896,s-1.523251,s233.738856
062_24,s-0.59971,s1.855491,s332.670797
062_25,s2.195039,s0.14766,s276.378481
062_26,s-1.046984,s1.820391,s55.830495
062_27,s1.478226,s1.561201,s231.407036
062_28,s1.009852,s-1.784012,s287.529052
062_29,s-1.799898,s-1.265056,s121.541619
062_30,s-0.69012,s-2.088955,s218.237921
062_31,s0.424488,s-2.158659,s199.060667
062_32,s0.943868,s2.260888,s331.390383
062_33,s-1.284294,s-1.908033,s93.051652
062_34,s-2.436729,s1.041563,s178.101692
062_35,s1.524309,s-1.981535,s193.08367
062_36,s2.128314,s-1.213581,s173.42918
062_37,s2.21165,s1.36697,s351.856848
062_38,s-1.943709,s-0.471164,s76.317652
062_39,s-1.7889,s2.282507,s354.121861
062_40,s-1.783567,s1.605891,s35.245421
062_41,s2.363303,s0.957756,s214.713346
062_42,s-2.218369,s-0.915881,s115.824923
062_43,s-0.865964,s-2.715254,s242.256704
062_44,s-2.023115,s-2.215176,s153.40833
062_45,s1.539398,s2.157024,s334.41392
062_46,s-0.56078,s2.641122,s352.15862
062_47,s2.391934,s-0.883827,s342.58859
062_48,s0.539859,s2.798402,s102.03545
062_49,s3.14502,s0.590636,s36.746496
062_50,s2.864552,s-0.452045,s297.59072
062_51,s2.406737,s-1.790983,s273.36504
062_52,s1.057025,s-2.646733,s184.135559
062_53,s-2.394613,s1.635796,s356.642679
062_54,s-2.905277,s0.747906,s72.500196
062_55,s-1.029026,s-3.345311,s77.506439
062_56,s-1.077656,s2.311095,s6.634927
062_57,s2.682851,s1.650699,s294.589367
062_58,s-2.807388,s1.535765,s66.143347
062_59,s-2.910519,s-0.481016,s52.863442
062_60,s0.539087,s-3.30634,s246.659103
062_61,s3.046104,s-1.26935,s346.454119
063_0,s0.0,s0.0,s224.07799
063_1,s-0.148662,s0.371349,s324.138907
063_2,s-0.433521,s-0.120664,s43.560215
063_3,s0.190827,s-0.673487,s116.327727
063_4,s-0.913799,s-0.259751,s80.095038
063_5,s-0.447068,s0.663423,s97.607334
063_6,s-0.744268,s-0.590394,s194.56315
063_7,s-0.067394,s1.047835,s63.289603
063_8,s0.44541,s0.540009,s230.223708
063_9,s1.095233,s-0.350664,s121.948796
063_10,s0.734919,s-0.948627,s215.942255
063_11,s1.050575,s0.847816,s64.136372
063_12,s1.373843,s0.46374,s347.862517
063_13,s-1.245248,s-0.63981,s125.561183
063_14,s0.338793,s-1.306797,s194.028876
063_15,s-0.179821,s1.640172,s282.801172
063_16,s1.593643,s0.142487,s235.155091
063_17,s1.541295,s-0.929737,s310.83356
063_18,s-1.250661,s-1.151455,s199.265546
063_19,s0.914429,s1.373433,s12.198963
063_20,s-0.990518,s0.917264,s50.454835
063_21,s-1.575529,s0.490109,s161.451982
063_22,s-1.731787,s0.896333,s41.722179
063_23,s-0.4896,s-1.523251,s233.738856
063_24,s-0.59971,s1.855491,s332.670797
063_25,s2.195039,s0.14766,s276.378481
063_26,s-1.046984,s1.820391,s55.830495
063_27,s1.478226,s1.561201,s231.407036
063_28,s1.009852,s-1.784012,s287.529052
063_29,s-1.799898,s-1.265056,s121.541619
063_30,s-0.69012,s-2.088955,s218.237921
063_31,s0.424488,s-2.158659,s199.060667
063_32,s0.943868,s2.260888,s331.390383
063_33,s-1.284294,s-1.908033,s93.051652
063_34,s-2.436729,s1.041563,s178.101692
063_35,s1.524309,s-1.981535,s193.08367
063_36,s2.128314,s-1.213581,s173.42918
063_37,s2.21165,s1.36697,s351.856848
063_38,s-1.943709,s-0.471164,s76.317652
063_39,s-1.7889,s2.282507,s354.121861
063_40,s-1.783567,s1.605891,s35.245421
063_41,s2.363303,s0.957756,s214.713346
063_42,s-2.218369,s-0.915881,s115.824923
063_43,s-0.865964,s-2.715254,s242.256704
063_44,s-2.023115,s-2.215176,s153.40833
063_45,s1.539398,s2.157024,s334.41392
063_46,s-0.56078,s2.641122,s352.15862
063_47,s2.391934,s-0.883827,s342.58859
063_48,s0.539859,s2.798402,s102.03545
063_49,s3.14502,s0.590636,s36.746496
063_50,s2.864552,s-0.452045,s297.59072
063_51,s2.406737,s-1.790983,s273.36504
063_52,s1.057025,s-2.646733,s184.135559
063_53,s-2.394613,s1.635796,s356.642679
063_54,s-2.905277,s0.747906,s72.500196
063_55,s-1.029026,s-3.345311,s77.506439
063_56,s-1.077656,s2.311095,s6.634927
063_57,s2.682851,s1.650699,s294.589367
063_58,s-2.807388,s1.535765,s66.143347
063_59,s-2.910519,s-0.481016,s52.863442
063_60,s0.539087,s-3.30634,s246.659103
063_61,s3.046104,s-1.26935,s346.454119
063_62,s-2.508949,s-1.986246,s126.411505
064_0,s0.0,s0.0,s224.07799
064_1,s-0.148662,s0.371349,s324.138907
064_2,s-0.433521,s-0.120664,s43.560215
064_3,s0.190827,s-0.673487,s116.327727
064_4,s-0.913799,s-0.259751,s80.095038
064_5,s-0.447068,s0.663423,s97.607334
064_6,s-0.744268,s-0.590394,s194.56315
064_7,s-0.067394,s1.047835,s63.289603
064_8,s0.44541,s0.540009,s230.223708
064_9,s1.095233,s-0.350664,s121.948796
064_10,s0.734919,s-0.948627,s215.942255
064_11,s1.050575,s0.847816,s64.136372
064_12,s1.373843,s0.46374,s347.862517
064_13,s-1.245248,s-0.63981,s125.561183
064_14,s0.338793,s-1.306797,s194.028876
064_15,s-0.179821,s1.640172,s282.801172
064_16,s1.593643,s0.142487,s235.155091
064_17,s1.541295,s-0.929737,s310.83356
064_18,s-1.250661,s-1.151455,s199.265546
064_19,s0.914429,s1.373433,s12.198963
064_20,s-0.990518,s0.917264,s50.454835
064_21,s-1.575529,s0.490109,s161.451982
064_22,s-1.731787,s0.896333,s41.722179
064_23,s-0.4896,s-1.523251,s233.738856
064_24,s-0.59971,s1.855491,s332.670797
064_25,s2.195039,s0.14766,s276.378481
064_26,s-1.046984,s1.820391,s55.830495
064_27,s1.478226,s1.561201,s231.407036
064_28,s1.009852,s-1.784012,s287.529052
064_29,s-1.799898,s-1.265056,s121.541619
064_30,s-0.69012,s-2.088955,s218.237921
064_31,s0.424488,s-2.158659,s199.060667
064_32,s0.943868,s2.260888,s331.390383
064_33,s-1.284294,s-1.908033,s93.051652
064_34,s-2.436729,s1.041563,s178.101692
064_35,s1.524309,s-1.981535,s193.08367
064_36,s2.128314,s-1.213581,s173.42918
064_37,s2.21165,s1.36697,s351.856848
064_38,s-1.943709,s-0.471164,s76.317652
064_39,s-1.7889,s2.282507,s354.121861
064_40,s-1.783567,s1.605891,s35.245421
064_41,s2.363303,s0.957756,s214.713346
064_42,s-2.218369,s-0.915881,s115.824923
064_43,s-0.865964,s-2.715254,s242.256704
064_44,s-2.023115,s-2.215176,s153.40833
064_45,s1.539398,s2.157024,s334.41392
064_46,s-0.56078,s2.641122,s352.15862
064_47,s2.391934,s-0.883827,s342.58859
064_48,s0.539859,s2.798402,s102.03545
064_49,s3.14502,s0.590636,s36.746496
064_50,s2.864552,s-0.452045,s297.59072
064_51,s2.406737,s-1.790983,s273.36504
064_52,s1.057025,s-2.646733,s184.135559
064_53,s-2.394613,s1.635796,s356.642679
064_54,s-2.905277,s0.747906,s72.500196
064_55,s-1.029026,s-3.345311,s77.506439
064_56,s-1.077656,s2.311095,s6.634927
064_57,s2.682851,s1.650699,s294.589367
064_58,s-2.807388,s1.535765,s66.143347
064_59,s-2.910519,s-0.481016,s52.863442
064_60,s0.539087,s-3.30634,s246.659103
064_61,s3.046104,s-1.26935,s346.454119
064_62,s-2.508949,s-1.986246,s126.411505
064_63,s-2.93107,s-1.622137,s82.261795
065_0,s0.0,s0.0,s224.07799
065_1,s-0.148662,s0.371349,s324.138907
065_2,s-0.433521,s-0.120664,s43.560215
065_3,s0.190827,s-0.673487,s116.327727
065_4,s-0.913799,s-0.259751,s80.095038
065_5,s-0.447068,s0.663423,s97.607334
065_6,s-0.744268,s-0.590394,s194.56315
065_7,s-0.067394,s1.047835,s63.289603
065_8,s0.44541,s0.540009,s230.223708
065_9,s1.095233,s-0.350664,s121.948796
065_10,s0.734919,s-0.948627,s215.942255
065_11,s1.050575,s0.847816,s64.136372
065_12,s1.373843,s0.46374,s347.862517
065_13,s-1.245248,s-0.63981,s125.561183
065_14,s0.338793,s-1.306797,s194.028876
065_15,s-0.179821,s1.640172,s282.801172
065_16,s1.593643,s0.142487,s235.155091
065_17,s1.541295,s-0.929737,s310.83356
065_18,s-1.250661,s-1.151455,s199.265546
065_19,s0.914429,s1.373433,s12.198963
065_20,s-0.990518,s0.917264,s50.454835
065_21,s-1.575529,s0.490109,s161.451982
065_22,s-1.731787,s0.896333,s41.722179
065_23,s-0.4896,s-1.523251,s233.738856
065_24,s-0.59971,s1.855491,s332.670797
065_25,s2.195039,s0.14766,s276.378481
065_26,s-1.046984,s1.820391,s55.830495
065_27,s1.478226,s1.561201,s231.407036
065_28,s1.009852,s-1.784012,s287.529052
065_29,s-1.799898,s-1.265056,s121.541619
065_30,s-0.69012,s-2.088955,s218.237921
065_31,s0.424488,s-2.158659,s199.060667
065_32,s0.943868,s2.260888,s331.390383
065_33,s-1.284294,s-1.908033,s93.051652
065_34,s-2.436729,s1.041563,s178.101692
065_35,s1.524309,s-1.981535,s193.08367
065_36,s2.128314,s-1.213581,s173.42918
065_37,s2.21165,s1.36697,s351.856848
065_38,s-1.943709,s-0.471164,s76.317652
065_39,s-1.7889,s2.282507,s354.121861
065_40,s-1.783567,s1.605891,s35.245421
065_41,s2.363303,s0.957756,s214.713346
065_42,s-2.218369,s-0.915881,s115.824923
065_43,s-0.865964,s-2.715254,s242.256704
065_44,s-2.023115,s-2.215176,s153.40833
065_45,s1.539398,s2.157024,s334.41392
065_46,s-0.56078,s2.641122,s352.15862
065_47,s2.391934,s-0.883827,s342.58859
065_48,s0.539859,s2.798402,s102.03545
065_49,s3.14502,s0.590636,s36.746496
065_50,s2.864552,s-0.452045,s297.59072
065_51,s2.406737,s-1.790983,s273.36504
065_52,s1.057025,s-2.646733,s184.135559
065_53,s-2.394613,s1.635796,s356.642679
065_54,s-2.905277,s0.747906,s72.500196
065_55,s-1.029026,s-3.345311,s77.506439
065_56,s-1.077656,s2.311095,s6.634927
065_57,s2.682851,s1.650699,s294.589367
065_58,s-2.807388,s1.535765,s66.143347
065_59,s-2.910519,s-0.481016,s52.863442
065_60,s0.539087,s-3.30634,s246.659103
065_61,s3.046104,s-1.26935,s346.454119
065_62,s-2.508949,s-1.986246,s126.411505
065_63,s-2.93107,s-1.622137,s82.261795
065_64,s1.985035,s-2.445841,s275.447764
066_0,s0.0,s0.0,s224.07799
066_1,s-0.148662,s0.371349,s324.138907
066_2,s-0.433521,s-0.120664,s43.560215
066_3,s0.190827,s-0.673487,s116.327727
066_4,s-0.913799,s-0.259751,s80.095038
066_5,s-0.447068,s0.663423,s97.607334
066_6,s-0.744268,s-0.590394,s194.56315
066_7,s-0.067394,s1.047835,s63.289603
066_8,s0.44541,s0.540009,s230.223708
066_9,s1.095233,s-0.350664,s121.948796
066_10,s0.734919,s-0.948627,s215.942255
066_11,s1.050575,s0.847816,s64.136372
066_12,s1.373843,s0.46374,s347.862517
066_13,s-1.245248,s-0.63981,s125.561183
066_14,s0.338793,s-1.306797,s194.028876
066_15,s-0.179821,s1.640172,s282.801172
066_16,s1.593643,s0.142487,s235.155091
066_17,s1.541295,s-0.929737,s310.83356
066_18,s-1.250661,s-1.151455,s199.265546
066_19,s0.914429,s1.373433,s12.198963
066_20,s-0.990518,s0.917264,s50.454835
066_21,s-1.575529,s0.490109,s161.451982
066_22,s-1.731787,s0.896333,s41.722179
066_23,s-0.4896,s-1.523251,s233.738856
066_24,s-0.59971,s1.855491,s332.670797
066_25,s2.195039,s0.14766,s276.378481
066_26,s-1.046984,s1.820391,s55.830495
066_27,s1.478226,s1.561201,s231.407036
066_28,s1.009852,s-1.784012,s287.529052
066_29,s-1.799898,s-1.265056,s121.541619
066_30,s-0.69012,s-2.088955,s218.237921
066_31,s0.424488,s-2.158659,s199.060667
066_32,s0.943868,s2.260888,s331.390383
066_33,s-1.284294,s-1.908033,s93.051652
066_34,s-2.436729,s1.041563,s178.101692
066_35,s1.524309,s-1.981535,s193.08367
066_36,s2.128314,s-1.213581,s173.42918
066_37,s2.21165,s1.36697,s351.856848
066_38,s-1.943709,s-0.471164,s76.317652
066_39,s-1.7889,s2.282507,s354.121861
066_40,s-1.783567,s1.605891,s35.245421
066_41,s2.363303,s0.957756,s214.713346
066_42,s-2.218369,s-0.915881,s115.824923
066_43,s-0.865964,s-2.715254,s242.256704
066_44,s-2.023115,s-2.215176,s153.40833
066_45,s1.539398,s2.157024,s334.41392
066_46,s-0.56078,s2.641122,s352.15862
066_47,s2.391934,s-0.883827,s342.58859
066_48,s0.539859,s2.798402,s102.03545
066_49,s3.14502,s0.590636,s36.746496
066_50,s2.864552,s-0.452045,s297.59072
066_51,s2.406737,s-1.790983,s273.36504
066_52,s1.057025,s-2.646733,s184.135559
066_53,s-2.394613,s1.635796,s356.642679
066_54,s-2.905277,s0.747906,s72.500196
066_55,s-1.029026,s-3.345311,s77.506439
066_56,s-1.077656,s2.311095,s6.634927
066_57,s2.682851,s1.650699,s294.589367
066_58,s-2.807388,s1.535765,s66.143347
066_59,s-2.910519,s-0.481016,s52.863442
066_60,s0.539087,s-3.30634,s246.659103
066_61,s3.046104,s-1.26935,s346.454119
066_62,s-2.508949,s-1.986246,s126.411505
066_63,s-2.93107,s-1.622137,s82.261795
066_64,s1.985035,s-2.445841,s275.447764
066_65,s1.200553,s3.340834,s100.302035
067_0,s0.0,s0.0,s224.07799
067_1,s-0.148662,s0.371349,s324.138907
067_2,s-0.433521,s-0.120664,s43.560215
067_3,s0.190827,s-0.673487,s116.327727
067_4,s-0.913799,s-0.259751,s80.095038
067_5,s-0.447068,s0.663423,s97.607334
067_6,s-0.744268,s-0.590394,s194.56315
067_7,s-0.067394,s1.047835,s63.289603
067_8,s0.44541,s0.540009,s230.223708
067_9,s1.095233,s-0.350664,s121.948796
067_10,s0.734919,s-0.948627,s215.942255
067_11,s1.050575,s0.847816,s64.136372
067_12,s1.373843,s0.46374,s347.862517
067_13,s-1.245248,s-0.63981,s125.561183
067_14,s0.338793,s-1.306797,s194.028876
067_15,s-0.179821,s1.640172,s282.801172
067_16,s1.593643,s0.142487,s235.155091
067_17,s1.541295,s-0.929737,s310.83356
067_18,s-1.250661,s-1.151455,s199.265546
067_19,s0.914429,s1.373433,s12.198963
067_20,s-0.990518,s0.917264,s50.454835
067_21,s-1.575529,s0.490109,s161.451982
067_22,s-1.731787,s0.896333,s41.722179
067_23,s-0.4896,s-1.523251,s233.738856
067_24,s-0.59971,s1.855491,s332.670797
067_25,s2.195039,s0.14766,s276.378481
067_26,s-1.046984,s1.820391,s55.830495
067_27,s1.478226,s1.561201,s231.407036
067_28,s1.009852,s-1.784012,s287.529052
067_29,s-1.799898,s-1.265056,s121.541619
067_30,s-0.69012,s-2.088955,s218.237921
067_31,s0.424488,s-2.158659,s199.060667
067_32,s0.943868,s2.260888,s331.390383
067_33,s-1.284294,s-1.908033,s93.051652
067_34,s-2.436729,s1.041563,s178.101692
067_35,s1.524309,s-1.981535,s193.08367
067_36,s2.128314,s-1.213581,s173.42918
067_37,s2.21165,s1.36697,s351.856848
067_38,s-1.943709,s-0.471164,s76.317652
067_39,s-1.7889,s2.282507,s354.121861
067_40,s-1.783567,s1.605891,s35.245421
067_41,s2.363303,s0.957756,s214.713346
067_42,s-2.218369,s-0.915881,s115.824923
067_43,s-0.865964,s-2.715254,s242.256704
067_44,s-2.023115,s-2.215176,s153.40833
067_45,s1.539398,s2.157024,s334.41392
067_46,s-0.56078,s2.641122,s352.15862
067_47,s2.391934,s-0.883827,s342.58859
067_48,s0.539859,s2.798402,s102.03545
067_49,s3.14502,s0.590636,s36.746496
067_50,s2.864552,s-0.452045,s297.59072
067_51,s2.406737,s-1.790983,s273.36504
067_52,s1.057025,s-2.646733,s184.135559
067_53,s-2.394613,s1.635796,s356.642679
067_54,s-2.905277,s0.747906,s72.500196
067_55,s-1.029026,s-3.345311,s77.506439
067_56,s-1.077656,s2.311095,s6.634927
067_57,s2.682851,s1.650699,s294.589367
067_58,s-2.807388,s1.535765,s66.143347
067_59,s-2.910519,s-0.481016,s52.863442
067_60,s0.539087,s-3.30634,s246.659103
067_61,s3.046104,s-1.26935,s346.454119
067_62,s-2.508949,s-1.986246,s126.411505
067_63,s-2.93107,s-1.622137,s82.261795
067_64,s1.985035,s-2.445841,s275.447764
067_65,s1.200553,s3.340834,s100.302035
067_66,s-2.291591,s2.711294,s338.119892
068_0,s0.0,s0.0,s224.07799
068_1,s-0.148662,s0.371349,s324.138907
068_2,s-0.433521,s-0.120664,s43.560215
068_3,s0.190827,s-0.673487,s116.327727
068_4,s-0.913799,s-0.259751,s80.095038
068_5,s-0.447068,s0.663423,s97.607334
068_6,s-0.744268,s-0.590394,s194.56315
068_7,s-0.067394,s1.047835,s63.289603
068_8,s0.44541,s0.540009,s230.223708
068_9,s1.095233,s-0.350664,s121.948796
068_10,s0.734919,s-0.948627,s215.942255
068_11,s1.050575,s0.847816,s64.136372
068_12,s1.373843,s0.46374,s347.862517
068_13,s-1.245248,s-0.63981,s125.561183
068_14,s0.338793,s-1.306797,s194.028876
068_15,s-0.179821,s1.640172,s282.801172
068_16,s1.593643,s0.142487,s235.155091
068_17,s1.541295,s-0.929737,s310.83356
068_18,s-1.250661,s-1.151455,s199.265546
068_19,s0.914429,s1.373433,s12.198963
068_20,s-0.990518,s0.917264,s50.454835
068_21,s-1.575529,s0.490109,s161.451982
068_22,s-1.731787,s0.896333,s41.722179
068_23,s-0.4896,s-1.523251,s233.738856
068_24,s-0.59971,s1.855491,s332.670797
068_25,s2.195039,s0.14766,s276.378481
068_26,s-1.046984,s1.820391,s55.830495
068_27,s1.478226,s1.561201,s231.407036
068_28,s1.009852,s-1.784012,s287.529052
068_29,s-1.799898,s-1.265056,s121.541619
068_30,s-0.69012,s-2.088955,s218.237921
068_31,s0.424488,s-2.158659,s199.060667
068_32,s0.943868,s2.260888,s331.390383
068_33,s-1.284294,s-1.908033,s93.051652
068_34,s-2.436729,s1.041563,s178.101692
068_35,s1.524309,s-1.981535,s193.08367
068_36,s2.128314,s-1.213581,s173.42918
068_37,s2.21165,s1.36697,s351.856848
068_38,s-1.943709,s-0.471164,s76.317652
068_39,s-1.7889,s2.282507,s354.121861
068_40,s-1.783567,s1.605891,s35.245421
068_41,s2.363303,s0.957756,s214.713346
068_42,s-2.218369,s-0.915881,s115.824923
068_43,s-0.865964,s-2.715254,s242.256704
068_44,s-2.023115,s-2.215176,s153.40833
068_45,s1.539398,s2.157024,s334.41392
068_46,s-0.56078,s2.641122,s352.15862
068_47,s2.391934,s-0.883827,s342.58859
068_48,s0.539859,s2.798402,s102.03545
068_49,s3.14502,s0.590636,s36.746496
068_50,s2.864552,s-0.452045,s297.59072
068_51,s2.406737,s-1.790983,s273.36504
068_52,s1.057025,s-2.646733,s184.135559
068_53,s-2.394613,s1.635796,s356.642679
068_54,s-2.905277,s0.747906,s72.500196
068_55,s-1.029026,s-3.345311,s77.506439
068_56,s-1.077656,s2.311095,s6.634927
068_57,s2.682851,s1.650699,s294.589367
068_58,s-2.807388,s1.535765,s66.143347
068_59,s-2.910519,s-0.481016,s52.863442
068_60,s0.539087,s-3.30634,s246.659103
068_61,s3.046104,s-1.26935,s346.454119
068_62,s-2.508949,s-1.986246,s126.411505
068_63,s-2.93107,s-1.622137,s82.261795
068_64,s1.985035,s-2.445841,s275.447764
068_65,s1.200553,s3.340834,s100.302035
068_66,s-2.291591,s2.711294,s338.119892
068_67,s3.187388,s1.183451,s278.967592
069_0,s0.0,s0.0,s224.07799
069_1,s-0.148662,s0.371349,s324.138907
069_2,s-0.433521,s-0.120664,s43.560215
069_3,s0.190827,s-0.673487,s116.327727
069_4,s-0.913799,s-0.259751,s80.095038
069_5,s-0.447068,s0.663423,s97.607334
069_6,s-0.744268,s-0.590394,s194.56315
069_7,s-0.067394,s1.047835,s63.289603
069_8,s0.44541,s0.540009,s230.223708
069_9,s1.095233,s-0.350664,s121.948796
069_10,s0.734919,s-0.948627,s215.942255
069_11,s1.050575,s0.847816,s64.136372
069_12,s1.373843,s0.46374,s347.862517
069_13,s-1.245248,s-0.63981,s125.561183
069_14,s0.338793,s-1.306797,s194.028876
069_15,s-0.179821,s1.640172,s282.801172
069_16,s1.593643,s0.142487,s235.155091
069_17,s1.541295,s-0.929737,s310.83356
069_18,s-1.250661,s-1.151455,s199.265546
069_19,s0.914429,s1.373433,s12.198963
069_20,s-0.990518,s0.917264,s50.454835
069_21,s-1.575529,s0.490109,s161.451982
069_22,s-1.731787,s0.896333,s41.722179
069_23,s-0.4896,s-1.523251,s233.738856
069_24,s-0.59971,s1.855491,s332.670797
069_25,s2.195039,s0.14766,s276.378481
069_26,s-1.046984,s1.820391,s55.830495
069_27,s1.478226,s1.561201,s231.407036
069_28,s1.009852,s-1.784012,s287.529052
069_29,s-1.799898,s-1.265056,s121.541619
069_30,s-0.69012,s-2.088955,s218.237921
069_31,s0.424488,s-2.158659,s199.060667
069_32,s0.943868,s2.260888,s331.390383
069_33,s-1.284294,s-1.908033,s93.051652
069_34,s-2.436729,s1.041563,s178.101692
069_35,s1.524309,s-1.981535,s193.08367
069_36,s2.128314,s-1.213581,s173.42918
069_37,s2.21165,s1.36697,s351.856848
069_38,s-1.943709,s-0.471164,s76.317652
069_39,s-1.7889,s2.282507,s354.121861
069_40,s-1.783567,s1.605891,s35.245421
069_41,s2.363303,s0.957756,s214.713346
069_42,s-2.218369,s-0.915881,s115.824923
069_43,s-0.865964,s-2.715254,s242.256704
069_44,s-2.023115,s-2.215176,s153.40833
069_45,s1.539398,s2.157024,s334.41392
069_46,s-0.56078,s2.641122,s352.15862
069_47,s2.391934,s-0.883827,s342.58859
069_48,s0.539859,s2.798402,s102.03545
069_49,s3.14502,s0.590636,s36.746496
069_50,s2.864552,s-0.452045,s297.59072
069_51,s2.406737,s-1.790983,s273.36504
069_52,s1.057025,s-2.646733,s184.135559
069_53,s-2.394613,s1.635796,s356.642679
069_54,s-2.905277,s0.747906,s72.500196
069_55,s-1.029026,s-3.345311,s77.506439
069_56,s-1.077656,s2.311095,s6.634927
069_57,s2.682851,s1.650699,s294.589367
069_58,s-2.807388,s1.535765,s66.143347
069_59,s-2.910519,s-0.481016,s52.863442
069_60,s0.539087,s-3.30634,s246.659103
069_61,s3.046104,s-1.26935,s346.454119
069_62,s-2.508949,s-1.986246,s126.411505
069_63,s-2.93107,s-1.622137,s82.261795
069_64,s1.985035,s-2.445841,s275.447764
069_65,s1.200553,s3.340834,s100.302035
069_66,s-2.291591,s2.711294,s338.119892
069_67,s3.187388,s1.183451,s278.967592
069_68,s-1.447782,s3.131521,s10.710101
070_0,s0.0,s0.0,s224.07799
070_1,s-0.148662,s0.371349,s324.138907
070_2,s-0.433521,s-0.120664,s43.560215
070_3,s0.190827,s-0.673487,s116.327727
070_4,s-0.913799,s-0.259751,s80.095038
070_5,s-0.447068,s0.663423,s97.607334
070_6,s-0.744268,s-0.590394,s194.56315
070_7,s-0.067394,s1.047835,s63.289603
070_8,s0.44541,s0.540009,s230.223708
070_9,s1.095233,s-0.350664,s121.948796
070_10,s0.734919,s-0.948627,s215.942255
070_11,s1.050575,s0.847816,s64.136372
070_12,s1.373843,s0.46374,s347.862517
070_13,s-1.245248,s-0.63981,s125.561183
070_14,s0.338793,s-1.306797,s194.028876
070_15,s-0.179821,s1.640172,s282.801172
070_16,s1.593643,s0.142487,s235.155091
070_17,s1.541295,s-0.929737,s310.83356
070_18,s-1.250661,s-1.151455,s199.265546
070_19,s0.914429,s1.373433,s12.198963
070_20,s-0.990518,s0.917264,s50.454835
070_21,s-1.575529,s0.490109,s161.451982
070_22,s-1.731787,s0.896333,s41.722179
070_23,s-0.4896,s-1.523251,s233.738856
070_24,s-0.59971,s1.855491,s332.670797
070_25,s2.195039,s0.14766,s276.378481
070_26,s-1.046984,s1.820391,s55.830495
070_27,s1.478226,s1.561201,s231.407036
070_28,s1.009852,s-1.784012,s287.529052
070_29,s-1.799898,s-1.265056,s121.541619
070_30,s-0.69012,s-2.088955,s218.237921
070_31,s0.424488,s-2.158659,s199.060667
070_32,s0.943868,s2.260888,s331.390383
070_33,s-1.284294,s-1.908033,s93.051652
070_34,s-2.436729,s1.041563,s178.101692
070_35,s1.524309,s-1.981535,s193.08367
070_36,s2.128314,s-1.213581,s173.42918
070_37,s2.21165,s1.36697,s351.856848
070_38,s-1.943709,s-0.471164,s76.317652
070_39,s-1.7889,s2.282507,s354.121861
070_40,s-1.783567,s1.605891,s35.245421
070_41,s2.363303,s0.957756,s214.713346
070_42,s-2.218369,s-0.915881,s115.824923
070_43,s-0.865964,s-2.715254,s242.256704
070_44,s-2.023115,s-2.215176,s153.40833
070_45,s1.539398,s2.157024,s334.41392
070_46,s-0.56078,s2.641122,s352.15862
070_47,s2.391934,s-0.883827,s342.58859
070_48,s0.539859,s2.798402,s102.03545
070_49,s3.14502,s0.590636,s36.746496
070_50,s2.864552,s-0.452045,s297.59072
070_51,s2.406737,s-1.790983,s273.36504
070_52,s1.057025,s-2.646733,s184.135559
070_53,s-2.394613,s1.635796,s356.642679
070_54,s-2.905277,s0.747906,s72.500196
070_55,s-1.029026,s-3.345311,s77.506439
070_56,s-1.077656,s2.311095,s6.634927
070_57,s2.682851,s1.650699,s294.589367
070_58,s-2.807388,s1.535765,s66.143347
070_59,s-2.910519,s-0.481016,s52.863442
070_60,s0.539087,s-3.30634,s246.659103
070_61,s3.046104,s-1.26935,s346.454119
070_62,s-2.508949,s-1.986246,s126.411505
070_63,s-2.93107,s-1.622137,s82.261795
070_64,s1.985035,s-2.445841,s275.447764
070_65,s1.200553,s3.340834,s100.302035
070_66,s-2.291591,s2.711294,s338.119892
070_67,s3.187388,s1.183451,s278.967592
070_68,s-1.447782,s3.131521,s10.710101
070_69,s-2.845785,s2.204883,s111.039982
071_0,s0.0,s0.0,s224.07799
071_1,s-0.148662,s0.371349,s324.138907
071_2,s-0.433521,s-0.120664,s43.560215
071_3,s0.190827,s-0.673487,s116.327727
071_4,s-0.913799,s-0.259751,s80.095038
071_5,s-0.447068,s0.663423,s97.607334
071_6,s-0.744268,s-0.590394,s194.56315
071_7,s-0.067394,s1.047835,s63.289603
071_8,s0.44541,s0.540009,s230.223708
071_9,s1.095233,s-0.350664,s121.948796
071_10,s0.734919,s-0.948627,s215.942255
071_11,s1.050575,s0.847816,s64.136372
071_12,s1.373843,s0.46374,s347.862517
071_13,s-1.245248,s-0.63981,s125.561183
071_14,s0.338793,s-1.306797,s194.028876
071_15,s-0.179821,s1.640172,s282.801172
071_16,s1.593643,s0.142487,s235.155091
071_17,s1.541295,s-0.929737,s310.83356
071_18,s-1.250661,s-1.151455,s199.265546
071_19,s0.914429,s1.373433,s12.198963
071_20,s-0.990518,s0.917264,s50.454835
071_21,s-1.575529,s0.490109,s161.451982
071_22,s-1.731787,s0.896333,s41.722179
071_23,s-0.4896,s-1.523251,s233.738856
071_24,s-0.59971,s1.855491,s332.670797
071_25,s2.195039,s0.14766,s276.378481
071_26,s-1.046984,s1.820391,s55.830495
071_27,s1.478226,s1.561201,s231.407036
071_28,s1.009852,s-1.784012,s287.529052
071_29,s-1.799898,s-1.265056,s121.541619
071_30,s-0.69012,s-2.088955,s218.237921
071_31,s0.424488,s-2.158659,s199.060667
071_32,s0.943868,s2.260888,s331.390383
071_33,s-1.284294,s-1.908033,s93.051652
071_34,s-2.436729,s1.041563,s178.101692
071_35,s1.524309,s-1.981535,s193.08367
071_36,s2.128314,s-1.213581,s173.42918
071_37,s2.21165,s1.36697,s351.856848
071_38,s-1.943709,s-0.471164,s76.317652
071_39,s-1.7889,s2.282507,s354.121861
071_40,s-1.783567,s1.605891,s35.245421
071_41,s2.363303,s0.957756,s214.713346
071_42,s-2.218369,s-0.915881,s115.824923
071_43,s-0.865964,s-2.715254,s242.256704
071_44,s-2.023115,s-2.215176,s153.40833
071_45,s1.539398,s2.157024,s334.41392
071_46,s-0.56078,s2.641122,s352.15862
071_47,s2.391934,s-0.883827,s342.58859
071_48,s0.539859,s2.798402,s102.03545
071_49,s3.14502,s0.590636,s36.746496
071_50,s2.864552,s-0.452045,s297.59072
071_51,s2.406737,s-1.790983,s273.36504
071_52,s1.057025,s-2.646733,s184.135559
071_53,s-2.394613,s1.635796,s356.642679
071_54,s-2.905277,s0.747906,s72.500196
071_55,s-1.029026,s-3.345311,s77.506439
071_56,s-1.077656,s2.311095,s6.634927
071_57,s2.682851,s1.650699,s294.589367
071_58,s-2.807388,s1.535765,s66.143347
071_59,s-2.910519,s-0.481016,s52.863442
071_60,s0.539087,s-3.30634,s246.659103
071_61,s3.046104,s-1.26935,s346.454119
071_62,s-2.508949,s-1.986246,s126.411505
071_63,s-2.93107,s-1.622137,s82.261795
071_64,s1.985035,s-2.445841,s275.447764
071_65,s1.200553,s3.340834,s100.302035
071_66,s-2.291591,s2.711294,s338.119892
071_67,s3.187388,s1.183451,s278.967592
071_68,s-1.447782,s3.131521,s10.710101
071_69,s-2.845785,s2.204883,s111.039982
071_70,s-3.328107,s0.382364,s87.537311
072_0,s0.0,s0.0,s224.07799
072_1,s-0.148662,s0.371349,s324.138907
072_2,s-0.433521,s-0.120664,s43.560215
072_3,s0.190827,s-0.673487,s116.327727
072_4,s-0.913799,s-0.259751,s80.095038
072_5,s-0.447068,s0.663423,s97.607334
072_6,s-0.744268,s-0.590394,s194.56315
072_7,s-0.067394,s1.047835,s63.289603
072_8,s0.44541,s0.540009,s230.223708
072_9,s1.095233,s-0.350664,s121.948796
072_10,s0.734919,s-0.948627,s215.942255
072_11,s1.050575,s0.847816,s64.136372
072_12,s1.373843,s0.46374,s347.862517
072_13,s-1.245248,s-0.63981,s125.561183
072_14,s0.338793,s-1.306797,s194.028876
072_15,s-0.179821,s1.640172,s282.801172
072_16,s1.593643,s0.142487,s235.155091
072_17,s1.541295,s-0.929737,s310.83356
072_18,s-1.250661,s-1.151455,s199.265546
072_19,s0.914429,s1.373433,s12.198963
072_20,s-0.990518,s0.917264,s50.454835
072_21,s-1.575529,s0.490109,s161.451982
072_22,s-1.731787,s0.896333,s41.722179
072_23,s-0.4896,s-1.523251,s233.738856
072_24,s-0.59971,s1.855491,s332.670797
072_25,s2.195039,s0.14766,s276.378481
072_26,s-1.046984,s1.820391,s55.830495
072_27,s1.478226,s1.561201,s231.407036
072_28,s1.009852,s-1.784012,s287.529052
072_29,s-1.799898,s-1.265056,s121.541619
072_30,s-0.69012,s-2.088955,s218.237921
072_31,s0.424488,s-2.158659,s199.060667
072_32,s0.943868,s2.260888,s331.390383
072_33,s-1.284294,s-1.908033,s93.051652
072_34,s-2.436729,s1.041563,s178.101692
072_35,s1.524309,s-1.981535,s193.08367
072_36,s2.128314,s-1.213581,s173.42918
072_37,s2.21165,s1.36697,s351.856848
072_38,s-1.943709,s-0.471164,s76.317652
072_39,s-1.7889,s2.282507,s354.121861
072_40,s-1.783567,s1.605891,s35.245421
072_41,s2.363303,s0.957756,s214.713346
072_42,s-2.218369,s-0.915881,s115.824923
072_43,s-0.865964,s-2.715254,s242.256704
072_44,s-2.023115,s-2.215176,s153.40833
072_45,s1.539398,s2.157024,s334.41392
072_46,s-0.56078,s2.641122,s352.15862
072_47,s2.391934,s-0.883827,s342.58859
072_48,s0.539859,s2.798402,s102.03545
072_49,s3.14502,s0.590636,s36.746496
072_50,s2.864552,s-0.452045,s297.59072
072_51,s2.406737,s-1.790983,s273.36504
072_52,s1.057025,s-2.646733,s184.135559
072_53,s-2.394613,s1.635796,s356.642679
072_54,s-2.905277,s0.747906,s72.500196
072_55,s-1.029026,s-3.345311,s77.506439
072_56,s-1.077656,s2.311095,s6.634927
072_57,s2.682851,s1.650699,s294.589367
072_58,s-2.807388,s1.535765,s66.143347
072_59,s-2.910519,s-0.481016,s52.863442
072_60,s0.539087,s-3.30634,s246.659103
072_61,s3.046104,s-1.26935,s346.454119
072_62,s-2.508949,s-1.986246,s126.411505
072_63,s-2.93107,s-1.622137,s82.261795
072_64,s1.985035,s-2.445841,s275.447764
072_65,s1.200553,s3.340834,s100.302035
072_66,s-2.291591,s2.711294,s338.119892
072_67,s3.187388,s1.183451,s278.967592
072_68,s-1.447782,s3.131521,s10.710101
072_69,s-2.845785,s2.204883,s111.039982
072_70,s-3.328107,s0.382364,s87.537311
072_71,s2.227809,s2.226963,s330.431299
073_0,s0.0,s0.0,s224.07799
073_1,s-0.148662,s0.371349,s324.138907
073_2,s-0.433521,s-0.120664,s43.560215
073_3,s0.190827,s-0.673487,s116.327727
073_4,s-0.913799,s-0.259751,s80.095038
073_5,s-0.447068,s0.663423,s97.607334
073_6,s-0.744268,s-0.590394,s194.56315
073_7,s-0.067394,s1.047835,s63.289603
073_8,s0.44541,s0.540009,s230.223708
073_9,s1.095233,s-0.350664,s121.948796
073_10,s0.734919,s-0.948627,s215.942255
073_11,s1.050575,s0.847816,s64.136372
073_12,s1.373843,s0.46374,s347.862517
073_13,s-1.245248,s-0.63981,s125.561183
073_14,s0.338793,s-1.306797,s194.028876
073_15,s-0.179821,s1.640172,s282.801172
073_16,s1.593643,s0.142487,s235.155091
073_17,s1.541295,s-0.929737,s310.83356
073_18,s-1.250661,s-1.151455,s199.265546
073_19,s0.914429,s1.373433,s12.198963
073_20,s-0.990518,s0.917264,s50.454835
073_21,s-1.575529,s0.490109,s161.451982
073_22,s-1.731787,s0.896333,s41.722179
073_23,s-0.4896,s-1.523251,s233.738856
073_24,s-0.59971,s1.855491,s332.670797
073_25,s2.195039,s0.14766,s276.378481
073_26,s-1.046984,s1.820391,s55.830495
073_27,s1.478226,s1.561201,s231.407036
073_28,s1.009852,s-1.784012,s287.529052
073_29,s-1.799898,s-1.265056,s121.541619
073_30,s-0.69012,s-2.088955,s218.237921
073_31,s0.424488,s-2.158659,s199.060667
073_32,s0.943868,s2.260888,s331.390383
073_33,s-1.284294,s-1.908033,s93.051652
073_34,s-2.436729,s1.041563,s178.101692
073_35,s1.524309,s-1.981535,s193.08367
073_36,s2.128314,s-1.213581,s173.42918
073_37,s2.21165,s1.36697,s351.856848
073_38,s-1.943709,s-0.471164,s76.317652
073_39,s-1.7889,s2.282507,s354.121861
073_40,s-1.783567,s1.605891,s35.245421
073_41,s2.363303,s0.957756,s214.713346
073_42,s-2.218369,s-0.915881,s115.824923
073_43,s-0.865964,s-2.715254,s242.256704
073_44,s-2.023115,s-2.215176,s153.40833
073_45,s1.539398,s2.157024,s334.41392
073_46,s-0.56078,s2.641122,s352.15862
073_47,s2.391934,s-0.883827,s342.58859
073_48,s0.539859,s2.798402,s102.03545
073_49,s3.14502,s0.590636,s36.746496
073_50,s2.864552,s-0.452045,s297.59072
073_51,s2.406737,s-1.790983,s273.36504
073_52,s1.057025,s-2.646733,s184.135559
073_53,s-2.394613,s1.635796,s356.642679
073_54,s-2.905277,s0.747906,s72.500196
073_55,s-1.029026,s-3.345311,s77.506439
073_56,s-1.077656,s2.311095,s6.634927
073_57,s2.682851,s1.650699,s294.589367
073_58,s-2.807388,s1.535765,s66.143347
073_59,s-2.910519,s-0.481016,s52.863442
073_60,s0.539087,s-3.30634,s246.659103
073_61,s3.046104,s-1.26935,s346.454119
073_62,s-2.508949,s-1.986246,s126.411505
073_63,s-2.93107,s-1.622137,s82.261795
073_64,s1.985035,s-2.445841,s275.447764
073_65,s1.200553,s3.340834,s100.302035
073_66,s-2.291591,s2.711294,s338.119892
073_67,s3.187388,s1.183451,s278.967592
073_68,s-1.447782,s3.131521,s10.710101
073_69,s-2.845785,s2.204883,s111.039982
073_70,s-3.328107,s0.382364,s87.537311
073_71,s2.227809,s2.226963,s330.431299
073_72,s-3.373023,s-2.055533,s83.431494
074_0,s0.0,s0.0,s224.07799
074_1,s-0.148662,s0.371349,s324.138907
074_2,s-0.433521,s-0.120664,s43.560215
074_3,s0.190827,s-0.673487,s116.327727
074_4,s-0.913799,s-0.259751,s80.095038
074_5,s-0.447068,s0.663423,s97.607334
074_6,s-0.744268,s-0.590394,s194.56315
074_7,s-0.067394,s1.047835,s63.289603
074_8,s0.44541,s0.540009,s230.223708
074_9,s1.095233,s-0.350664,s121.948796
074_10,s0.734919,s-0.948627,s215.942255
074_11,s1.050575,s0.847816,s64.136372
074_12,s1.373843,s0.46374,s347.862517
074_13,s-1.245248,s-0.63981,s125.561183
074_14,s0.338793,s-1.306797,s194.028876
074_15,s-0.179821,s1.640172,s282.801172
074_16,s1.593643,s0.142487,s235.155091
074_17,s1.541295,s-0.929737,s310.83356
074_18,s-1.250661,s-1.151455,s199.265546
074_19,s0.914429,s1.373433,s12.198963
074_20,s-0.990518,s0.917264,s50.454835
074_21,s-1.575529,s0.490109,s161.451982
074_22,s-1.731787,s0.896333,s41.722179
074_23,s-0.4896,s-1.523251,s233.738856
074_24,s-0.59971,s1.855491,s332.670797
074_25,s2.195039,s0.14766,s276.378481
074_26,s-1.046984,s1.820391,s55.830495
074_27,s1.478226,s1.561201,s231.407036
074_28,s1.009852,s-1.784012,s287.529052
074_29,s-1.799898,s-1.265056,s121.541619
074_30,s-0.69012,s-2.088955,s218.237921
074_31,s0.424488,s-2.158659,s199.060667
074_32,s0.943868,s2.260888,s331.390383
074_33,s-1.284294,s-1.908033,s93.051652
074_34,s-2.436729,s1.041563,s178.101692
074_35,s1.524309,s-1.981535,s193.08367
074_36,s2.128314,s-1.213581,s173.42918
074_37,s2.21165,s1.36697,s351.856848
074_38,s-1.943709,s-0.471164,s76.317652
074_39,s-1.7889,s2.282507,s354.121861
074_40,s-1.783567,s1.605891,s35.245421
074_41,s2.363303,s0.957756,s214.713346
074_42,s-2.218369,s-0.915881,s115.824923
074_43,s-0.865964,s-2.715254,s242.256704
074_44,s-2.023115,s-2.215176,s153.40833
074_45,s1.539398,s2.157024,s334.41392
074_46,s-0.56078,s2.641122,s352.15862
074_47,s2.391934,s-0.883827,s342.58859
074_48,s0.539859,s2.798402,s102.03545
074_49,s3.14502,s0.590636,s36.746496
074_50,s2.864552,s-0.452045,s297.59072
074_51,s2.406737,s-1.790983,s273.36504
074_52,s1.057025,s-2.646733,s184.135559
074_53,s-2.394613,s1.635796,s356.642679
074_54,s-2.905277,s0.747906,s72.500196
074_55,s-1.029026,s-3.345311,s77.506439
074_56,s-1.077656,s2.311095,s6.634927
074_57,s2.682851,s1.650699,s294.589367
074_58,s-2.807388,s1.535765,s66.143347
074_59,s-2.910519,s-0.481016,s52.863442
074_60,s0.539087,s-3.30634,s246.659103
074_61,s3.046104,s-1.26935,s346.454119
074_62,s-2.508949,s-1.986246,s126.411505
074_63,s-2.93107,s-1.622137,s82.261795
074_64,s1.985035,s-2.445841,s275.447764
074_65,s1.200553,s3.340834,s100.302035
074_66,s-2.291591,s2.711294,s338.119892
074_67,s3.187388,s1.183451,s278.967592
074_68,s-1.447782,s3.131521,s10.710101
074_69,s-2.845785,s2.204883,s111.039982
074_70,s-3.328107,s0.382364,s87.537311
074_71,s2.227809,s2.226963,s330.431299
074_72,s-3.373023,s-2.055533,s83.431494
074_73,s3.579258,s-0.937503,s329.234523
075_0,s0.0,s0.0,s224.07799
075_1,s-0.148662,s0.371349,s324.138907
075_2,s-0.433521,s-0.120664,s43.560215
075_3,s0.190827,s-0.673487,s116.327727
075_4,s-0.913799,s-0.259751,s80.095038
075_5,s-0.447068,s0.663423,s97.607334
075_6,s-0.744268,s-0.590394,s194.56315
075_7,s-0.067394,s1.047835,s63.289603
075_8,s0.44541,s0.540009,s230.223708
075_9,s1.095233,s-0.350664,s121.948796
075_10,s0.734919,s-0.948627,s215.942255
075_11,s1.050575,s0.847816,s64.136372
075_12,s1.373843,s0.46374,s347.862517
075_13,s-1.245248,s-0.63981,s125.561183
075_14,s0.338793,s-1.306797,s194.028876
075_15,s-0.179821,s1.640172,s282.801172
075_16,s1.593643,s0.142487,s235.155091
075_17,s1.541295,s-0.929737,s310.83356
075_18,s-1.250661,s-1.151455,s199.265546
075_19,s0.914429,s1.373433,s12.198963
075_20,s-0.990518,s0.917264,s50.454835
075_21,s-1.575529,s0.490109,s161.451982
075_22,s-1.731787,s0.896333,s41.722179
075_23,s-0.4896,s-1.523251,s233.738856
075_24,s-0.59971,s1.855491,s332.670797
075_25,s2.195039,s0.14766,s276.378481
075_26,s-1.046984,s1.820391,s55.830495
075_27,s1.478226,s1.561201,s231.407036
075_28,s1.009852,s-1.784012,s287.529052
075_29,s-1.799898,s-1.265056,s121.541619
075_30,s-0.69012,s-2.088955,s218.237921
075_31,s0.424488,s-2.158659,s199.060667
075_32,s0.943868,s2.260888,s331.390383
075_33,s-1.284294,s-1.908033,s93.051652
075_34,s-2.436729,s1.041563,s178.101692
075_35,s1.524309,s-1.981535,s193.08367
075_36,s2.128314,s-1.213581,s173.42918
075_37,s2.21165,s1.36697,s351.856848
075_38,s-1.943709,s-0.471164,s76.317652
075_39,s-1.7889,s2.282507,s354.121861
075_40,s-1.783567,s1.605891,s35.245421
075_41,s2.363303,s0.957756,s214.713346
075_42,s-2.218369,s-0.915881,s115.824923
075_43,s-0.865964,s-2.715254,s242.256704
075_44,s-2.023115,s-2.215176,s153.40833
075_45,s1.539398,s2.157024,s334.41392
075_46,s-0.56078,s2.641122,s352.15862
075_47,s2.391934,s-0.883827,s342.58859
075_48,s0.539859,s2.798402,s102.03545
075_49,s3.14502,s0.590636,s36.746496
075_50,s2.864552,s-0.452045,s297.59072
075_51,s2.406737,s-1.790983,s273.36504
075_52,s1.057025,s-2.646733,s184.135559
075_53,s-2.394613,s1.635796,s356.642679
075_54,s-2.905277,s0.747906,s72.500196
075_55,s-1.029026,s-3.345311,s77.506439
075_56,s-1.077656,s2.311095,s6.634927
075_57,s2.682851,s1.650699,s294.589367
075_58,s-2.807388,s1.535765,s66.143347
075_59,s-2.910519,s-0.481016,s52.863442
075_60,s0.539087,s-3.30634,s246.659103
075_61,s3.046104,s-1.26935,s346.454119
075_62,s-2.508949,s-1.986246,s126.411505
075_63,s-2.93107,s-1.622137,s82.261795
075_64,s1.985035,s-2.445841,s275.447764
075_65,s1.200553,s3.340834,s100.302035
075_66,s-2.291591,s2.711294,s338.119892
075_67,s3.187388,s1.183451,s278.967592
075_68,s-1.447782,s3.131521,s10.710101
075_69,s-2.845785,s2.204883,s111.039982
075_70,s-3.328107,s0.382364,s87.537311
075_71,s2.227809,s2.226963,s330.431299
075_72,s-3.373023,s-2.055533,s83.431494
075_73,s3.579258,s-0.937503,s329.234523
075_74,s0.442226,s3.47195,s10.190142
076_0,s0.0,s0.0,s224.07799
076_1,s-0.148662,s0.371349,s324.138907
076_2,s-0.433521,s-0.120664,s43.560215
076_3,s0.190827,s-0.673487,s116.327727
076_4,s-0.913799,s-0.259751,s80.095038
076_5,s-0.447068,s0.663423,s97.607334
076_6,s-0.744268,s-0.590394,s194.56315
076_7,s-0.067394,s1.047835,s63.289603
076_8,s0.44541,s0.540009,s230.223708
076_9,s1.095233,s-0.350664,s121.948796
076_10,s0.734919,s-0.948627,s215.942255
076_11,s1.050575,s0.847816,s64.136372
076_12,s1.373843,s0.46374,s347.862517
076_13,s-1.245248,s-0.63981,s125.561183
076_14,s0.338793,s-1.306797,s194.028876
076_15,s-0.179821,s1.640172,s282.801172
076_16,s1.593643,s0.142487,s235.155091
076_17,s1.541295,s-0.929737,s310.83356
076_18,s-1.250661,s-1.151455,s199.265546
076_19,s0.914429,s1.373433,s12.198963
076_20,s-0.990518,s0.917264,s50.454835
076_21,s-1.575529,s0.490109,s161.451982
076_22,s-1.731787,s0.896333,s41.722179
076_23,s-0.4896,s-1.523251,s233.738856
076_24,s-0.59971,s1.855491,s332.670797
076_25,s2.195039,s0.14766,s276.378481
076_26,s-1.046984,s1.820391,s55.830495
076_27,s1.478226,s1.561201,s231.407036
076_28,s1.009852,s-1.784012,s287.529052
076_29,s-1.799898,s-1.265056,s121.541619
076_30,s-0.69012,s-2.088955,s218.237921
076_31,s0.424488,s-2.158659,s199.060667
076_32,s0.943868,s2.260888,s331.390383
076_33,s-1.284294,s-1.908033,s93.051652
076_34,s-2.436729,s1.041563,s178.101692
076_35,s1.524309,s-1.981535,s193.08367
076_36,s2.128314,s-1.213581,s173.42918
076_37,s2.21165,s1.36697,s351.856848
076_38,s-1.943709,s-0.471164,s76.317652
076_39,s-1.7889,s2.282507,s354.121861
076_40,s-1.783567,s1.605891,s35.245421
076_41,s2.363303,s0.957756,s214.713346
076_42,s-2.218369,s-0.915881,s115.824923
076_43,s-0.865964,s-2.715254,s242.256704
076_44,s-2.023115,s-2.215176,s153.40833
076_45,s1.539398,s2.157024,s334.41392
076_46,s-0.56078,s2.641122,s352.15862
076_47,s2.391934,s-0.883827,s342.58859
076_48,s0.539859,s2.798402,s102.03545
076_49,s3.14502,s0.590636,s36.746496
076_50,s2.864552,s-0.452045,s297.59072
076_51,s2.406737,s-1.790983,s273.36504
076_52,s1.057025,s-2.646733,s184.135559
076_53,s-2.394613,s1.635796,s356.642679
076_54,s-2.905277,s0.747906,s72.500196
076_55,s-1.029026,s-3.345311,s77.506439
076_56,s-1.077656,s2.311095,s6.634927
076_57,s2.682851,s1.650699,s294.589367
076_58,s-2.807388,s1.535765,s66.143347
076_59,s-2.910519,s-0.481016,s52.863442
076_60,s0.539087,s-3.30634,s246.659103
076_61,s3.046104,s-1.26935,s346.454119
076_62,s-2.508949,s-1.986246,s126.411505
076_63,s-2.93107,s-1.622137,s82.261795
076_64,s1.985035,s-2.445841,s275.447764
076_65,s1.200553,s3.340834,s100.302035
076_66,s-2.291591,s2.711294,s338.119892
076_67,s3.187388,s1.183451,s278.967592
076_68,s-1.447782,s3.131521,s10.710101
076_69,s-2.845785,s2.204883,s111.039982
076_70,s-3.328107,s0.382364,s87.537311
076_71,s2.227809,s2.226963,s330.431299
076_72,s-3.373023,s-2.055533,s83.431494
076_73,s3.579258,s-0.937503,s329.234523
076_74,s0.442226,s3.47195,s10.190142
076_75,s1.722208,s-3.331141,s137.944124
077_0,s0.0,s0.0,s224.07799
077_1,s-0.148662,s0.371349,s324.138907
077_2,s-0.433521,s-0.120664,s43.560215
077_3,s0.190827,s-0.673487,s116.327727
077_4,s-0.913799,s-0.259751,s80.095038
077_5,s-0.447068,s0.663423,s97.607334
077_6,s-0.744268,s-0.590394,s194.56315
077_7,s-0.067394,s1.047835,s63.289603
077_8,s0.44541,s0.540009,s230.223708
077_9,s1.095233,s-0.350664,s121.948796
077_10,s0.734919,s-0.948627,s215.942255
077_11,s1.050575,s0.847816,s64.136372
077_12,s1.373843,s0.46374,s347.862517
077_13,s-1.245248,s-0.63981,s125.561183
077_14,s0.338793,s-1.306797,s194.028876
077_15,s-0.179821,s1.640172,s282.801172
077_16,s1.593643,s0.142487,s235.155091
077_17,s1.541295,s-0.929737,s310.83356
077_18,s-1.250661,s-1.151455,s199.265546
077_19,s0.914429,s1.373433,s12.198963
077_20,s-0.990518,s0.917264,s50.454835
077_21,s-1.575529,s0.490109,s161.451982
077_22,s-1.731787,s0.896333,s41.722179
077_23,s-0.4896,s-1.523251,s233.738856
077_24,s-0.59971,s1.855491,s332.670797
077_25,s2.195039,s0.14766,s276.378481
077_26,s-1.046984,s1.820391,s55.830495
077_27,s1.478226,s1.561201,s231.407036
077_28,s1.009852,s-1.784012,s287.529052
077_29,s-1.799898,s-1.265056,s121.541619
077_30,s-0.69012,s-2.088955,s218.237921
077_31,s0.424488,s-2.158659,s199.060667
077_32,s0.943868,s2.260888,s331.390383
077_33,s-1.284294,s-1.908033,s93.051652
077_34,s-2.436729,s1.041563,s178.101692
077_35,s1.524309,s-1.981535,s193.08367
077_36,s2.128314,s-1.213581,s173.42918
077_37,s2.21165,s1.36697,s351.856848
077_38,s-1.943709,s-0.471164,s76.317652
077_39,s-1.7889,s2.282507,s354.121861
077_40,s-1.783567,s1.605891,s35.245421
077_41,s2.363303,s0.957756,s214.713346
077_42,s-2.218369,s-0.915881,s115.824923
077_43,s-0.865964,s-2.715254,s242.256704
077_44,s-2.023115,s-2.215176,s153.40833
077_45,s1.539398,s2.157024,s334.41392
077_46,s-0.56078,s2.641122,s352.15862
077_47,s2.391934,s-0.883827,s342.58859
077_48,s0.539859,s2.798402,s102.03545
077_49,s3.14502,s0.590636,s36.746496
077_50,s2.864552,s-0.452045,s297.59072
077_51,s2.406737,s-1.790983,s273.36504
077_52,s1.057025,s-2.646733,s184.135559
077_53,s-2.394613,s1.635796,s356.642679
077_54,s-2.905277,s0.747906,s72.500196
077_55,s-1.029026,s-3.345311,s77.506439
077_56,s-1.077656,s2.311095,s6.634927
077_57,s2.682851,s1.650699,s294.589367
077_58,s-2.807388,s1.535765,s66.143347
077_59,s-2.910519,s-0.481016,s52.863442
077_60,s0.539087,s-3.30634,s246.659103
077_61,s3.046104,s-1.26935,s346.454119
077_62,s-2.508949,s-1.986246,s126.411505
077_63,s-2.93107,s-1.622137,s82.261795
077_64,s1.985035,s-2.445841,s275.447764
077_65,s1.200553,s3.340834,s100.302035
077_66,s-2.291591,s2.711294,s338.119892
077_67,s3.187388,s1.183451,s278.967592
077_68,s-1.447782,s3.131521,s10.710101
077_69,s-2.845785,s2.204883,s111.039982
077_70,s-3.328107,s0.382364,s87.537311
077_71,s2.227809,s2.226963,s330.431299
077_72,s-3.373023,s-2.055533,s83.431494
077_73,s3.579258,s-0.937503,s329.234523
077_74,s0.442226,s3.47195,s10.190142
077_75,s1.722208,s-3.331141,s137.944124
077_76,s-3.621853,s-0.452413,s186.833749
078_0,s0.0,s0.0,s224.07799
078_1,s-0.148662,s0.371349,s324.138907
078_2,s-0.433521,s-0.120664,s43.560215
078_3,s0.190827,s-0.673487,s116.327727
078_4,s-0.913799,s-0.259751,s80.095038
078_5,s-0.447068,s0.663423,s97.607334
078_6,s-0.744268,s-0.590394,s194.56315
078_7,s-0.067394,s1.047835,s63.289603
078_8,s0.44541,s0.540009,s230.223708
078_9,s1.095233,s-0.350664,s121.948796
078_10,s0.734919,s-0.948627,s215.942255
078_11,s1.050575,s0.847816,s64.136372
078_12,s1.373843,s0.46374,s347.862517
078_13,s-1.245248,s-0.63981,s125.561183
078_14,s0.338793,s-1.306797,s194.028876
078_15,s-0.179821,s1.640172,s282.801172
078_16,s1.593643,s0.142487,s235.155091
078_17,s1.541295,s-0.929737,s310.83356
078_18,s-1.250661,s-1.151455,s199.265546
078_19,s0.914429,s1.373433,s12.198963
078_20,s-0.990518,s0.917264,s50.454835
078_21,s-1.575529,s0.490109,s161.451982
078_22,s-1.731787,s0.896333,s41.722179
078_23,s-0.4896,s-1.523251,s233.738856
078_24,s-0.59971,s1.855491,s332.670797
078_25,s2.195039,s0.14766,s276.378481
078_26,s-1.046984,s1.820391,s55.830495
078_27,s1.478226,s1.561201,s231.407036
078_28,s1.009852,s-1.784012,s287.529052
078_29,s-1.799898,s-1.265056,s121.541619
078_30,s-0.69012,s-2.088955,s218.237921
078_31,s0.424488,s-2.158659,s199.060667
078_32,s0.943868,s2.260888,s331.390383
078_33,s-1.284294,s-1.908033,s93.051652
078_34,s-2.436729,s1.041563,s178.101692
078_35,s1.524309,s-1.981535,s193.08367
078_36,s2.128314,s-1.213581,s173.42918
078_37,s2.21165,s1.36697,s351.856848
078_38,s-1.943709,s-0.471164,s76.317652
078_39,s-1.7889,s2.282507,s354.121861
078_40,s-1.783567,s1.605891,s35.245421
078_41,s2.363303,s0.957756,s214.713346
078_42,s-2.218369,s-0.915881,s115.824923
078_43,s-0.865964,s-2.715254,s242.256704
078_44,s-2.023115,s-2.215176,s153.40833
078_45,s1.539398,s2.157024,s334.41392
078_46,s-0.56078,s2.641122,s352.15862
078_47,s2.391934,s-0.883827,s342.58859
078_48,s0.539859,s2.798402,s102.03545
078_49,s3.14502,s0.590636,s36.746496
078_50,s2.864552,s-0.452045,s297.59072
078_51,s2.406737,s-1.790983,s273.36504
078_52,s1.057025,s-2.646733,s184.135559
078_53,s-2.394613,s1.635796,s356.642679
078_54,s-2.905277,s0.747906,s72.500196
078_55,s-1.029026,s-3.345311,s77.506439
078_56,s-1.077656,s2.311095,s6.634927
078_57,s2.682851,s1.650699,s294.589367
078_58,s-2.807388,s1.535765,s66.143347
078_59,s-2.910519,s-0.481016,s52.863442
078_60,s0.539087,s-3.30634,s246.659103
078_61,s3.046104,s-1.26935,s346.454119
078_62,s-2.508949,s-1.986246,s126.411505
078_63,s-2.93107,s-1.622137,s82.261795
078_64,s1.985035,s-2.445841,s275.447764
078_65,s1.200553,s3.340834,s100.302035
078_66,s-2.291591,s2.711294,s338.119892
078_67,s3.187388,s1.183451,s278.967592
078_68,s-1.447782,s3.131521,s10.710101
078_69,s-2.845785,s2.204883,s111.039982
078_70,s-3.328107,s0.382364,s87.537311
078_71,s2.227809,s2.226963,s330.431299
078_72,s-3.373023,s-2.055533,s83.431494
078_73,s3.579258,s-0.937503,s329.234523
078_74,s0.442226,s3.47195,s10.190142
078_75,s1.722208,s-3.331141,s137.944124
078_76,s-3.621853,s-0.452413,s186.833749
078_77,s1.977097,s3.068157,s345.225682
079_0,s0.0,s0.0,s224.07799
079_1,s-0.148662,s0.371349,s324.138907
079_2,s-0.433521,s-0.120664,s43.560215
079_3,s0.190827,s-0.673487,s116.327727
079_4,s-0.913799,s-0.259751,s80.095038
079_5,s-0.447068,s0.663423,s97.607334
079_6,s-0.744268,s-0.590394,s194.56315
079_7,s-0.067394,s1.047835,s63.289603
079_8,s0.44541,s0.540009,s230.223708
079_9,s1.095233,s-0.350664,s121.948796
079_10,s0.734919,s-0.948627,s215.942255
079_11,s1.050575,s0.847816,s64.136372
079_12,s1.373843,s0.46374,s347.862517
079_13,s-1.245248,s-0.63981,s125.561183
079_14,s0.338793,s-1.306797,s194.028876
079_15,s-0.179821,s1.640172,s282.801172
079_16,s1.593643,s0.142487,s235.155091
079_17,s1.541295,s-0.929737,s310.83356
079_18,s-1.250661,s-1.151455,s199.265546
079_19,s0.914429,s1.373433,s12.198963
079_20,s-0.990518,s0.917264,s50.454835
079_21,s-1.575529,s0.490109,s161.451982
079_22,s-1.731787,s0.896333,s41.722179
079_23,s-0.4896,s-1.523251,s233.738856
079_24,s-0.59971,s1.855491,s332.670797
079_25,s2.195039,s0.14766,s276.378481
079_26,s-1.046984,s1.820391,s55.830495
079_27,s1.478226,s1.561201,s231.407036
079_28,s1.009852,s-1.784012,s287.529052
079_29,s-1.799898,s-1.265056,s121.541619
079_30,s-0.69012,s-2.088955,s218.237921
079_31,s0.424488,s-2.158659,s199.060667
079_32,s0.943868,s2.260888,s331.390383
079_33,s-1.284294,s-1.908033,s93.051652
079_34,s-2.436729,s1.041563,s178.101692
079_35,s1.524309,s-1.981535,s193.08367
079_36,s2.128314,s-1.213581,s173.42918
079_37,s2.21165,s1.36697,s351.856848
079_38,s-1.943709,s-0.471164,s76.317652
079_39,s-1.7889,s2.282507,s354.121861
079_40,s-1.783567,s1.605891,s35.245421
079_41,s2.363303,s0.957756,s214.713346
079_42,s-2.218369,s-0.915881,s115.824923
079_43,s-0.865964,s-2.715254,s242.256704
079_44,s-2.023115,s-2.215176,s153.40833
079_45,s1.539398,s2.157024,s334.41392
079_46,s-0.56078,s2.641122,s352.15862
079_47,s2.391934,s-0.883827,s342.58859
079_48,s0.539859,s2.798402,s102.03545
079_49,s3.14502,s0.590636,s36.746496
079_50,s2.864552,s-0.452045,s297.59072
079_51,s2.406737,s-1.790983,s273.36504
079_52,s1.057025,s-2.646733,s184.135559
079_53,s-2.394613,s1.635796,s356.642679
079_54,s-2.905277,s0.747906,s72.500196
079_55,s-1.029026,s-3.345311,s77.506439
079_56,s-1.077656,s2.311095,s6.634927
079_57,s2.682851,s1.650699,s294.589367
079_58,s-2.807388,s1.535765,s66.143347
079_59,s-2.910519,s-0.481016,s52.863442
079_60,s0.539087,s-3.30634,s246.659103
079_61,s3.046104,s-1.26935,s346.454119
079_62,s-2.508949,s-1.986246,s126.411505
079_63,s-2.93107,s-1.622137,s82.261795
079_64,s1.985035,s-2.445841,s275.447764
079_65,s1.200553,s3.340834,s100.302035
079_66,s-2.291591,s2.711294,s338.119892
079_67,s3.187388,s1.183451,s278.967592
079_68,s-1.447782,s3.131521,s10.710101
079_69,s-2.845785,s2.204883,s111.039982
079_70,s-3.328107,s0.382364,s87.537311
079_71,s2.227809,s2.226963,s330.431299
079_72,s-3.373023,s-2.055533,s83.431494
079_73,s3.579258,s-0.937503,s329.234523
079_74,s0.442226,s3.47195,s10.190142
079_75,s1.722208,s-3.331141,s137.944124
079_76,s-3.621853,s-0.452413,s186.833749
079_77,s1.977097,s3.068157,s345.225682
079_78,s-1.829454,s-3.042302,s93.900732
080_0,s0.0,s0.0,s224.07799
080_1,s-0.148662,s0.371349,s324.138907
080_2,s-0.433521,s-0.120664,s43.560215
080_3,s0.190827,s-0.673487,s116.327727
080_4,s-0.913799,s-0.259751,s80.095038
080_5,s-0.447068,s0.663423,s97.607334
080_6,s-0.744268,s-0.590394,s194.56315
080_7,s-0.067394,s1.047835,s63.289603
080_8,s0.44541,s0.540009,s230.223708
080_9,s1.095233,s-0.350664,s121.948796
080_10,s0.734919,s-0.948627,s215.942255
080_11,s1.050575,s0.847816,s64.136372
080_12,s1.373843,s0.46374,s347.862517
080_13,s-1.245248,s-0.63981,s125.561183
080_14,s0.338793,s-1.306797,s194.028876
080_15,s-0.179821,s1.640172,s282.801172
080_16,s1.593643,s0.142487,s235.155091
080_17,s1.541295,s-0.929737,s310.83356
080_18,s-1.250661,s-1.151455,s199.265546
080_19,s0.914429,s1.373433,s12.198963
080_20,s-0.990518,s0.917264,s50.454835
080_21,s-1.575529,s0.490109,s161.451982
080_22,s-1.731787,s0.896333,s41.722179
080_23,s-0.4896,s-1.523251,s233.738856
080_24,s-0.59971,s1.855491,s332.670797
080_25,s2.195039,s0.14766,s276.378481
080_26,s-1.046984,s1.820391,s55.830495
080_27,s1.478226,s1.561201,s231.407036
080_28,s1.009852,s-1.784012,s287.529052
080_29,s-1.799898,s-1.265056,s121.541619
080_30,s-0.69012,s-2.088955,s218.237921
080_31,s0.424488,s-2.158659,s199.060667
080_32,s0.943868,s2.260888,s331.390383
080_33,s-1.284294,s-1.908033,s93.051652
080_34,s-2.436729,s1.041563,s178.101692
080_35,s1.524309,s-1.981535,s193.08367
080_36,s2.128314,s-1.213581,s173.42918
080_37,s2.21165,s1.36697,s351.856848
080_38,s-1.943709,s-0.471164,s76.317652
080_39,s-1.7889,s2.282507,s354.121861
080_40,s-1.783567,s1.605891,s35.245421
080_41,s2.363303,s0.957756,s214.713346
080_42,s-2.218369,s-0.915881,s115.824923
080_43,s-0.865964,s-2.715254,s242.256704
080_44,s-2.023115,s-2.215176,s153.40833
080_45,s1.539398,s2.157024,s334.41392
080_46,s-0.56078,s2.641122,s352.15862
080_47,s2.391934,s-0.883827,s342.58859
080_48,s0.539859,s2.798402,s102.03545
080_49,s3.14502,s0.590636,s36.746496
080_50,s2.864552,s-0.452045,s297.59072
080_51,s2.406737,s-1.790983,s273.36504
080_52,s1.057025,s-2.646733,s184.135559
080_53,s-2.394613,s1.635796,s356.642679
080_54,s-2.905277,s0.747906,s72.500196
080_55,s-1.029026,s-3.345311,s77.506439
080_56,s-1.077656,s2.311095,s6.634927
080_57,s2.682851,s1.650699,s294.589367
080_58,s-2.807388,s1.535765,s66.143347
080_59,s-2.910519,s-0.481016,s52.863442
080_60,s0.539087,s-3.30634,s246.659103
080_61,s3.046104,s-1.26935,s346.454119
080_62,s-2.508949,s-1.986246,s126.411505
080_63,s-2.93107,s-1.622137,s82.261795
080_64,s1.985035,s-2.445841,s275.447764
080_65,s1.200553,s3.340834,s100.302035
080_66,s-2.291591,s2.711294,s338.119892
080_67,s3.187388,s1.183451,s278.967592
080_68,s-1.447782,s3.131521,s10.710101
080_69,s-2.845785,s2.204883,s111.039982
080_70,s-3.328107,s0.382364,s87.537311
080_71,s2.227809,s2.226963,s330.431299
080_72,s-3.373023,s-2.055533,s83.431494
080_73,s3.579258,s-0.937503,s329.234523
080_74,s0.442226,s3.47195,s10.190142
080_75,s1.722208,s-3.331141,s137.944124
080_76,s-3.621853,s-0.452413,s186.833749
080_77,s1.977097,s3.068157,s345.225682
080_78,s-1.829454,s-3.042302,s93.900732
080_79,s3.253774,s-1.962895,s273.354185
081_0,s0.0,s0.0,s224.07799
081_1,s-0.148662,s0.371349,s324.138907
081_2,s-0.433521,s-0.120664,s43.560215
081_3,s0.190827,s-0.673487,s116.327727
081_4,s-0.913799,s-0.259751,s80.095038
081_5,s-0.447068,s0.663423,s97.607334
081_6,s-0.744268,s-0.590394,s194.56315
081_7,s-0.067394,s1.047835,s63.289603
081_8,s0.44541,s0.540009,s230.223708
081_9,s1.095233,s-0.350664,s121.948796
081_10,s0.734919,s-0.948627,s215.942255
081_11,s1.050575,s0.847816,s64.136372
081_12,s1.373843,s0.46374,s347.862517
081_13,s-1.245248,s-0.63981,s125.561183
081_14,s0.338793,s-1.306797,s194.028876
081_15,s-0.179821,s1.640172,s282.801172
081_16,s1.593643,s0.142487,s235.155091
081_17,s1.541295,s-0.929737,s310.83356
081_18,s-1.250661,s-1.151455,s199.265546
081_19,s0.914429,s1.373433,s12.198963
081_20,s-0.990518,s0.917264,s50.454835
081_21,s-1.575529,s0.490109,s161.451982
081_22,s-1.731787,s0.896333,s41.722179
081_23,s-0.4896,s-1.523251,s233.738856
081_24,s-0.59971,s1.855491,s332.670797
081_25,s2.195039,s0.14766,s276.378481
081_26,s-1.046984,s1.820391,s55.830495
081_27,s1.478226,s1.561201,s231.407036
081_28,s1.009852,s-1.784012,s287.529052
081_29,s-1.799898,s-1.265056,s121.541619
081_30,s-0.69012,s-2.088955,s218.237921
081_31,s0.424488,s-2.158659,s199.060667
081_32,s0.943868,s2.260888,s331.390383
081_33,s-1.284294,s-1.908033,s93.051652
081_34,s-2.436729,s1.041563,s178.101692
081_35,s1.524309,s-1.981535,s193.08367
081_36,s2.128314,s-1.213581,s173.42918
081_37,s2.21165,s1.36697,s351.856848
081_38,s-1.943709,s-0.471164,s76.317652
081_39,s-1.7889,s2.282507,s354.121861
081_40,s-1.783567,s1.605891,s35.245421
081_41,s2.363303,s0.957756,s214.713346
081_42,s-2.218369,s-0.915881,s115.824923
081_43,s-0.865964,s-2.715254,s242.256704
081_44,s-2.023115,s-2.215176,s153.40833
081_45,s1.539398,s2.157024,s334.41392
081_46,s-0.56078,s2.641122,s352.15862
081_47,s2.391934,s-0.883827,s342.58859
081_48,s0.539859,s2.798402,s102.03545
081_49,s3.14502,s0.590636,s36.746496
081_50,s2.864552,s-0.452045,s297.59072
081_51,s2.406737,s-1.790983,s273.36504
081_52,s1.057025,s-2.646733,s184.135559
081_53,s-2.394613,s1.635796,s356.642679
081_54,s-2.905277,s0.747906,s72.500196
081_55,s-1.029026,s-3.345311,s77.506439
081_56,s-1.077656,s2.311095,s6.634927
081_57,s2.682851,s1.650699,s294.589367
081_58,s-2.807388,s1.535765,s66.143347
081_59,s-2.910519,s-0.481016,s52.863442
081_60,s0.539087,s-3.30634,s246.659103
081_61,s3.046104,s-1.26935,s346.454119
081_62,s-2.508949,s-1.986246,s126.411505
081_63,s-2.93107,s-1.622137,s82.261795
081_64,s1.985035,s-2.445841,s275.447764
081_65,s1.200553,s3.340834,s100.302035
081_66,s-2.291591,s2.711294,s338.119892
081_67,s3.187388,s1.183451,s278.967592
081_68,s-1.447782,s3.131521,s10.710101
081_69,s-2.845785,s2.204883,s111.039982
081_70,s-3.328107,s0.382364,s87.537311
081_71,s2.227809,s2.226963,s330.431299
081_72,s-3.373023,s-2.055533,s83.431494
081_73,s3.579258,s-0.937503,s329.234523
081_74,s0.442226,s3.47195,s10.190142
081_75,s1.722208,s-3.331141,s137.944124
081_76,s-3.621853,s-0.452413,s186.833749
081_77,s1.977097,s3.068157,s345.225682
081_78,s-1.829454,s-3.042302,s93.900732
081_79,s3.253774,s-1.962895,s273.354185
081_80,s-0.325149,s3.786064,s131.920094
082_0,s0.0,s0.0,s224.07799
082_1,s-0.148662,s0.371349,s324.138907
082_2,s-0.433521,s-0.120664,s43.560215
082_3,s0.190827,s-0.673487,s116.327727
082_4,s-0.913799,s-0.259751,s80.095038
082_5,s-0.447068,s0.663423,s97.607334
082_6,s-0.744268,s-0.590394,s194.56315
082_7,s-0.067394,s1.047835,s63.289603
082_8,s0.44541,s0.540009,s230.223708
082_9,s1.095233,s-0.350664,s121.948796
082_10,s0.734919,s-0.948627,s215.942255
082_11,s1.050575,s0.847816,s64.136372
082_12,s1.373843,s0.46374,s347.862517
082_13,s-1.245248,s-0.63981,s125.561183
082_14,s0.338793,s-1.306797,s194.028876
082_15,s-0.179821,s1.640172,s282.801172
082_16,s1.593643,s0.142487,s235.155091
082_17,s1.541295,s-0.929737,s310.83356
082_18,s-1.250661,s-1.151455,s199.265546
082_19,s0.914429,s1.373433,s12.198963
082_20,s-0.990518,s0.917264,s50.454835
082_21,s-1.575529,s0.490109,s161.451982
082_22,s-1.731787,s0.896333,s41.722179
082_23,s-0.4896,s-1.523251,s233.738856
082_24,s-0.59971,s1.855491,s332.670797
082_25,s2.195039,s0.14766,s276.378481
082_26,s-1.046984,s1.820391,s55.830495
082_27,s1.478226,s1.561201,s231.407036
082_28,s1.009852,s-1.784012,s287.529052
082_29,s-1.799898,s-1.265056,s121.541619
082_30,s-0.69012,s-2.088955,s218.237921
082_31,s0.424488,s-2.158659,s199.060667
082_32,s0.943868,s2.260888,s331.390383
082_33,s-1.284294,s-1.908033,s93.051652
082_34,s-2.436729,s1.041563,s178.101692
082_35,s1.524309,s-1.981535,s193.08367
082_36,s2.128314,s-1.213581,s173.42918
082_37,s2.21165,s1.36697,s351.856848
082_38,s-1.943709,s-0.471164,s76.317652
082_39,s-1.7889,s2.282507,s354.121861
082_40,s-1.783567,s1.605891,s35.245421
082_41,s2.363303,s0.957756,s214.713346
082_42,s-2.218369,s-0.915881,s115.824923
082_43,s-0.865964,s-2.715254,s242.256704
082_44,s-2.023115,s-2.215176,s153.40833
082_45,s1.539398,s2.157024,s334.41392
082_46,s-0.56078,s2.641122,s352.15862
082_47,s2.391934,s-0.883827,s342.58859
082_48,s0.539859,s2.798402,s102.03545
082_49,s3.14502,s0.590636,s36.746496
082_50,s2.864552,s-0.452045,s297.59072
082_51,s2.406737,s-1.790983,s273.36504
082_52,s1.057025,s-2.646733,s184.135559
082_53,s-2.394613,s1.635796,s356.642679
082_54,s-2.905277,s0.747906,s72.500196
082_55,s-1.029026,s-3.345311,s77.506439
082_56,s-1.077656,s2.311095,s6.634927
082_57,s2.682851,s1.650699,s294.589367
082_58,s-2.807388,s1.535765,s66.143347
082_59,s-2.910519,s-0.481016,s52.863442
082_60,s0.539087,s-3.30634,s246.659103
082_61,s3.046104,s-1.26935,s346.454119
082_62,s-2.508949,s-1.986246,s126.411505
082_63,s-2.93107,s-1.622137,s82.261795
082_64,s1.985035,s-2.445841,s275.447764
082_65,s1.200553,s3.340834,s100.302035
082_66,s-2.291591,s2.711294,s338.119892
082_67,s3.187388,s1.183451,s278.967592
082_68,s-1.447782,s3.131521,s10.710101
082_69,s-2.845785,s2.204883,s111.039982
082_70,s-3.328107,s0.382364,s87.537311
082_71,s2.227809,s2.226963,s330.431299
082_72,s-3.373023,s-2.055533,s83.431494
082_73,s3.579258,s-0.937503,s329.234523
082_74,s0.442226,s3.47195,s10.190142
082_75,s1.722208,s-3.331141,s137.944124
082_76,s-3.621853,s-0.452413,s186.833749
082_77,s1.977097,s3.068157,s345.225682
082_78,s-1.829454,s-3.042302,s93.900732
082_79,s3.253774,s-1.962895,s273.354185
082_80,s-0.325149,s3.786064,s131.920094
082_81,s-2.642866,s3.068837,s62.521798
083_0,s0.0,s0.0,s224.07799
083_1,s-0.148662,s0.371349,s324.138907
083_2,s-0.433521,s-0.120664,s43.560215
083_3,s0.190827,s-0.673487,s116.327727
083_4,s-0.913799,s-0.259751,s80.095038
083_5,s-0.447068,s0.663423,s97.607334
083_6,s-0.744268,s-0.590394,s194.56315
083_7,s-0.067394,s1.047835,s63.289603
083_8,s0.44541,s0.540009,s230.223708
083_9,s1.095233,s-0.350664,s121.948796
083_10,s0.734919,s-0.948627,s215.942255
083_11,s1.050575,s0.847816,s64.136372
083_12,s1.373843,s0.46374,s347.862517
083_13,s-1.245248,s-0.63981,s125.561183
083_14,s0.338793,s-1.306797,s194.028876
083_15,s-0.179821,s1.640172,s282.801172
083_16,s1.593643,s0.142487,s235.155091
083_17,s1.541295,s-0.929737,s310.83356
083_18,s-1.250661,s-1.151455,s199.265546
083_19,s0.914429,s1.373433,s12.198963
083_20,s-0.990518,s0.917264,s50.454835
083_21,s-1.575529,s0.490109,s161.451982
083_22,s-1.731787,s0.896333,s41.722179
083_23,s-0.4896,s-1.523251,s233.738856
083_24,s-0.59971,s1.855491,s332.670797
083_25,s2.195039,s0.14766,s276.378481
083_26,s-1.046984,s1.820391,s55.830495
083_27,s1.478226,s1.561201,s231.407036
083_28,s1.009852,s-1.784012,s287.529052
083_29,s-1.799898,s-1.265056,s121.541619
083_30,s-0.69012,s-2.088955,s218.237921
083_31,s0.424488,s-2.158659,s199.060667
083_32,s0.943868,s2.260888,s331.390383
083_33,s-1.284294,s-1.908033,s93.051652
083_34,s-2.436729,s1.041563,s178.101692
083_35,s1.524309,s-1.981535,s193.08367
083_36,s2.128314,s-1.213581,s173.42918
083_37,s2.21165,s1.36697,s351.856848
083_38,s-1.943709,s-0.471164,s76.317652
083_39,s-1.7889,s2.282507,s354.121861
083_40,s-1.783567,s1.605891,s35.245421
083_41,s2.363303,s0.957756,s214.713346
083_42,s-2.218369,s-0.915881,s115.824923
083_43,s-0.865964,s-2.715254,s242.256704
083_44,s-2.023115,s-2.215176,s153.40833
083_45,s1.539398,s2.157024,s334.41392
083_46,s-0.56078,s2.641122,s352.15862
083_47,s2.391934,s-0.883827,s342.58859
083_48,s0.539859,s2.798402,s102.03545
083_49,s3.14502,s0.590636,s36.746496
083_50,s2.864552,s-0.452045,s297.59072
083_51,s2.406737,s-1.790983,s273.36504
083_52,s1.057025,s-2.646733,s184.135559
083_53,s-2.394613,s1.635796,s356.642679
083_54,s-2.905277,s0.747906,s72.500196
083_55,s-1.029026,s-3.345311,s77.506439
083_56,s-1.077656,s2.311095,s6.634927
083_57,s2.682851,s1.650699,s294.589367
083_58,s-2.807388,s1.535765,s66.143347
083_59,s-2.910519,s-0.481016,s52.863442
083_60,s0.539087,s-3.30634,s246.659103
083_61,s3.046104,s-1.26935,s346.454119
083_62,s-2.508949,s-1.986246,s126.411505
083_63,s-2.93107,s-1.622137,s82.261795
083_64,s1.985035,s-2.445841,s275.447764
083_65,s1.200553,s3.340834,s100.302035
083_66,s-2.291591,s2.711294,s338.119892
083_67,s3.187388,s1.183451,s278.967592
083_68,s-1.447782,s3.131521,s10.710101
083_69,s-2.845785,s2.204883,s111.039982
083_70,s-3.328107,s0.382364,s87.537311
083_71,s2.227809,s2.226963,s330.431299
083_72,s-3.373023,s-2.055533,s83.431494
083_73,s3.579258,s-0.937503,s329.234523
083_74,s0.442226,s3.47195,s10.190142
083_75,s1.722208,s-3.331141,s137.944124
083_76,s-3.621853,s-0.452413,s186.833749
083_77,s1.977097,s3.068157,s345.225682
083_78,s-1.829454,s-3.042302,s93.900732
083_79,s3.253774,s-1.962895,s273.354185
083_80,s-0.325149,s3.786064,s131.920094
083_81,s-2.642866,s3.068837,s62.521798
083_82,s1.630583,s3.597735,s69.101863
084_0,s0.0,s0.0,s224.07799
084_1,s-0.148662,s0.371349,s324.138907
084_2,s-0.433521,s-0.120664,s43.560215
084_3,s0.190827,s-0.673487,s116.327727
084_4,s-0.913799,s-0.259751,s80.095038
084_5,s-0.447068,s0.663423,s97.607334
084_6,s-0.744268,s-0.590394,s194.56315
084_7,s-0.067394,s1.047835,s63.289603
084_8,s0.44541,s0.540009,s230.223708
084_9,s1.095233,s-0.350664,s121.948796
084_10,s0.734919,s-0.948627,s215.942255
084_11,s1.050575,s0.847816,s64.136372
084_12,s1.373843,s0.46374,s347.862517
084_13,s-1.245248,s-0.63981,s125.561183
084_14,s0.338793,s-1.306797,s194.028876
084_15,s-0.179821,s1.640172,s282.801172
084_16,s1.593643,s0.142487,s235.155091
084_17,s1.541295,s-0.929737,s310.83356
084_18,s-1.250661,s-1.151455,s199.265546
084_19,s0.914429,s1.373433,s12.198963
084_20,s-0.990518,s0.917264,s50.454835
084_21,s-1.575529,s0.490109,s161.451982
084_22,s-1.731787,s0.896333,s41.722179
084_23,s-0.4896,s-1.523251,s233.738856
084_24,s-0.59971,s1.855491,s332.670797
084_25,s2.195039,s0.14766,s276.378481
084_26,s-1.046984,s1.820391,s55.830495
084_27,s1.478226,s1.561201,s231.407036
084_28,s1.009852,s-1.784012,s287.529052
084_29,s-1.799898,s-1.265056,s121.541619
084_30,s-0.69012,s-2.088955,s218.237921
084_31,s0.424488,s-2.158659,s199.060667
084_32,s0.943868,s2.260888,s331.390383
084_33,s-1.284294,s-1.908033,s93.051652
084_34,s-2.436729,s1.041563,s178.101692
084_35,s1.524309,s-1.981535,s193.08367
084_36,s2.128314,s-1.213581,s173.42918
084_37,s2.21165,s1.36697,s351.856848
084_38,s-1.943709,s-0.471164,s76.317652
084_39,s-1.7889,s2.282507,s354.121861
084_40,s-1.783567,s1.605891,s35.245421
084_41,s2.363303,s0.957756,s214.713346
084_42,s-2.218369,s-0.915881,s115.824923
084_43,s-0.865964,s-2.715254,s242.256704
084_44,s-2.023115,s-2.215176,s153.40833
084_45,s1.539398,s2.157024,s334.41392
084_46,s-0.56078,s2.641122,s352.15862
084_47,s2.391934,s-0.883827,s342.58859
084_48,s0.539859,s2.798402,s102.03545
084_49,s3.14502,s0.590636,s36.746496
084_50,s2.864552,s-0.452045,s297.59072
084_51,s2.406737,s-1.790983,s273.36504
084_52,s1.057025,s-2.646733,s184.135559
084_53,s-2.394613,s1.635796,s356.642679
084_54,s-2.905277,s0.747906,s72.500196
084_55,s-1.029026,s-3.345311,s77.506439
084_56,s-1.077656,s2.311095,s6.634927
084_57,s2.682851,s1.650699,s294.589367
084_58,s-2.807388,s1.535765,s66.143347
084_59,s-2.910519,s-0.481016,s52.863442
084_60,s0.539087,s-3.30634,s246.659103
084_61,s3.046104,s-1.26935,s346.454119
084_62,s-2.508949,s-1.986246,s126.411505
084_63,s-2.93107,s-1.622137,s82.261795
084_64,s1.985035,s-2.445841,s275.447764
084_65,s1.200553,s3.340834,s100.302035
084_66,s-2.291591,s2.711294,s338.119892
084_67,s3.187388,s1.183451,s278.967592
084_68,s-1.447782,s3.131521,s10.710101
084_69,s-2.845785,s2.204883,s111.039982
084_70,s-3.328107,s0.382364,s87.537311
084_71,s2.227809,s2.226963,s330.431299
084_72,s-3.373023,s-2.055533,s83.431494
084_73,s3.579258,s-0.937503,s329.234523
084_74,s0.442226,s3.47195,s10.190142
084_75,s1.722208,s-3.331141,s137.944124
084_76,s-3.621853,s-0.452413,s186.833749
084_77,s1.977097,s3.068157,s345.225682
084_78,s-1.829454,s-3.042302,s93.900732
084_79,s3.253774,s-1.962895,s273.354185
084_80,s-0.325149,s3.786064,s131.920094
084_81,s-2.642866,s3.068837,s62.521798
084_82,s1.630583,s3.597735,s69.101863
084_83,s2.725321,s3.129716,s330.762874
085_0,s0.0,s0.0,s224.07799
085_1,s-0.148662,s0.371349,s324.138907
085_2,s-0.433521,s-0.120664,s43.560215
085_3,s0.190827,s-0.673487,s116.327727
085_4,s-0.913799,s-0.259751,s80.095038
085_5,s-0.447068,s0.663423,s97.607334
085_6,s-0.744268,s-0.590394,s194.56315
085_7,s-0.067394,s1.047835,s63.289603
085_8,s0.44541,s0.540009,s230.223708
085_9,s1.095233,s-0.350664,s121.948796
085_10,s0.734919,s-0.948627,s215.942255
085_11,s1.050575,s0.847816,s64.136372
085_12,s1.373843,s0.46374,s347.862517
085_13,s-1.245248,s-0.63981,s125.561183
085_14,s0.338793,s-1.306797,s194.028876
085_15,s-0.179821,s1.640172,s282.801172
085_16,s1.593643,s0.142487,s235.155091
085_17,s1.541295,s-0.929737,s310.83356
085_18,s-1.250661,s-1.151455,s199.265546
085_19,s0.914429,s1.373433,s12.198963
085_20,s-0.990518,s0.917264,s50.454835
085_21,s-1.575529,s0.490109,s161.451982
085_22,s-1.731787,s0.896333,s41.722179
085_23,s-0.4896,s-1.523251,s233.738856
085_24,s-0.59971,s1.855491,s332.670797
085_25,s2.195039,s0.14766,s276.378481
085_26,s-1.046984,s1.820391,s55.830495
085_27,s1.478226,s1.561201,s231.407036
085_28,s1.009852,s-1.784012,s287.529052
085_29,s-1.799898,s-1.265056,s121.541619
085_30,s-0.69012,s-2.088955,s218.237921
085_31,s0.424488,s-2.158659,s199.060667
085_32,s0.943868,s2.260888,s331.390383
085_33,s-1.284294,s-1.908033,s93.051652
085_34,s-2.436729,s1.041563,s178.101692
085_35,s1.524309,s-1.981535,s193.08367
085_36,s2.128314,s-1.213581,s173.42918
085_37,s2.21165,s1.36697,s351.856848
085_38,s-1.943709,s-0.471164,s76.317652
085_39,s-1.7889,s2.282507,s354.121861
085_40,s-1.783567,s1.605891,s35.245421
085_41,s2.363303,s0.957756,s214.713346
085_42,s-2.218369,s-0.915881,s115.824923
085_43,s-0.865964,s-2.715254,s242.256704
085_44,s-2.023115,s-2.215176,s153.40833
085_45,s1.539398,s2.157024,s334.41392
085_46,s-0.56078,s2.641122,s352.15862
085_47,s2.391934,s-0.883827,s342.58859
085_48,s0.539859,s2.798402,s102.03545
085_49,s3.14502,s0.590636,s36.746496
085_50,s2.864552,s-0.452045,s297.59072
085_51,s2.406737,s-1.790983,s273.36504
085_52,s1.057025,s-2.646733,s184.135559
085_53,s-2.394613,s1.635796,s356.642679
085_54,s-2.905277,s0.747906,s72.500196
085_55,s-1.029026,s-3.345311,s77.506439
085_56,s-1.077656,s2.311095,s6.634927
085_57,s2.682851,s1.650699,s294.589367
085_58,s-2.807388,s1.535765,s66.143347
085_59,s-2.910519,s-0.481016,s52.863442
085_60,s0.539087,s-3.30634,s246.659103
085_61,s3.046104,s-1.26935,s346.454119
085_62,s-2.508949,s-1.986246,s126.411505
085_63,s-2.93107,s-1.622137,s82.261795
085_64,s1.985035,s-2.445841,s275.447764
085_65,s1.200553,s3.340834,s100.302035
085_66,s-2.291591,s2.711294,s338.119892
085_67,s3.187388,s1.183451,s278.967592
085_68,s-1.447782,s3.131521,s10.710101
085_69,s-2.845785,s2.204883,s111.039982
085_70,s-3.328107,s0.382364,s87.537311
085_71,s2.227809,s2.226963,s330.431299
085_72,s-3.373023,s-2.055533,s83.431494
085_73,s3.579258,s-0.937503,s329.234523
085_74,s0.442226,s3.47195,s10.190142
085_75,s1.722208,s-3.331141,s137.944124
085_76,s-3.621853,s-0.452413,s186.833749
085_77,s1.977097,s3.068157,s345.225682
085_78,s-1.829454,s-3.042302,s93.900732
085_79,s3.253774,s-1.962895,s273.354185
085_80,s-0.325149,s3.786064,s131.920094
085_81,s-2.642866,s3.068837,s62.521798
085_82,s1.630583,s3.597735,s69.101863
085_83,s2.725321,s3.129716,s330.762874
085_84,s2.95204,s2.146616,s7.081862
086_0,s0.0,s0.0,s224.07799
086_1,s-0.148662,s0.371349,s324.138907
086_2,s-0.433521,s-0.120664,s43.560215
086_3,s0.190827,s-0.673487,s116.327727
086_4,s-0.913799,s-0.259751,s80.095038
086_5,s-0.447068,s0.663423,s97.607334
086_6,s-0.744268,s-0.590394,s194.56315
086_7,s-0.067394,s1.047835,s63.289603
086_8,s0.44541,s0.540009,s230.223708
086_9,s1.095233,s-0.350664,s121.948796
086_10,s0.734919,s-0.948627,s215.942255
086_11,s1.050575,s0.847816,s64.136372
086_12,s1.373843,s0.46374,s347.862517
086_13,s-1.245248,s-0.63981,s125.561183
086_14,s0.338793,s-1.306797,s194.028876
086_15,s-0.179821,s1.640172,s282.801172
086_16,s1.593643,s0.142487,s235.155091
086_17,s1.541295,s-0.929737,s310.83356
086_18,s-1.250661,s-1.151455,s199.265546
086_19,s0.914429,s1.373433,s12.198963
086_20,s-0.990518,s0.917264,s50.454835
086_21,s-1.575529,s0.490109,s161.451982
086_22,s-1.731787,s0.896333,s41.722179
086_23,s-0.4896,s-1.523251,s233.738856
086_24,s-0.59971,s1.855491,s332.670797
086_25,s2.195039,s0.14766,s276.378481
086_26,s-1.046984,s1.820391,s55.830495
086_27,s1.478226,s1.561201,s231.407036
086_28,s1.009852,s-1.784012,s287.529052
086_29,s-1.799898,s-1.265056,s121.541619
086_30,s-0.69012,s-2.088955,s218.237921
086_31,s0.424488,s-2.158659,s199.060667
086_32,s0.943868,s2.260888,s331.390383
086_33,s-1.284294,s-1.908033,s93.051652
086_34,s-2.436729,s1.041563,s178.101692
086_35,s1.524309,s-1.981535,s193.08367
086_36,s2.128314,s-1.213581,s173.42918
086_37,s2.21165,s1.36697,s351.856848
086_38,s-1.943709,s-0.471164,s76.317652
086_39,s-1.7889,s2.282507,s354.121861
086_40,s-1.783567,s1.605891,s35.245421
086_41,s2.363303,s0.957756,s214.713346
086_42,s-2.218369,s-0.915881,s115.824923
086_43,s-0.865964,s-2.715254,s242.256704
086_44,s-2.023115,s-2.215176,s153.40833
086_45,s1.539398,s2.157024,s334.41392
086_46,s-0.56078,s2.641122,s352.15862
086_47,s2.391934,s-0.883827,s342.58859
086_48,s0.539859,s2.798402,s102.03545
086_49,s3.14502,s0.590636,s36.746496
086_50,s2.864552,s-0.452045,s297.59072
086_51,s2.406737,s-1.790983,s273.36504
086_52,s1.057025,s-2.646733,s184.135559
086_53,s-2.394613,s1.635796,s356.642679
086_54,s-2.905277,s0.747906,s72.500196
086_55,s-1.029026,s-3.345311,s77.506439
086_56,s-1.077656,s2.311095,s6.634927
086_57,s2.682851,s1.650699,s294.589367
086_58,s-2.807388,s1.535765,s66.143347
086_59,s-2.910519,s-0.481016,s52.863442
086_60,s0.539087,s-3.30634,s246.659103
086_61,s3.046104,s-1.26935,s346.454119
086_62,s-2.508949,s-1.986246,s126.411505
086_63,s-2.93107,s-1.622137,s82.261795
086_64,s1.985035,s-2.445841,s275.447764
086_65,s1.200553,s3.340834,s100.302035
086_66,s-2.291591,s2.711294,s338.119892
086_67,s3.187388,s1.183451,s278.967592
086_68,s-1.447782,s3.131521,s10.710101
086_69,s-2.845785,s2.204883,s111.039982
086_70,s-3.328107,s0.382364,s87.537311
086_71,s2.227809,s2.226963,s330.431299
086_72,s-3.373023,s-2.055533,s83.431494
086_73,s3.579258,s-0.937503,s329.234523
086_74,s0.442226,s3.47195,s10.190142
086_75,s1.722208,s-3.331141,s137.944124
086_76,s-3.621853,s-0.452413,s186.833749
086_77,s1.977097,s3.068157,s345.225682
086_78,s-1.829454,s-3.042302,s93.900732
086_79,s3.253774,s-1.962895,s273.354185
086_80,s-0.325149,s3.786064,s131.920094
086_81,s-2.642866,s3.068837,s62.521798
086_82,s1.630583,s3.597735,s69.101863
086_83,s2.725321,s3.129716,s330.762874
086_84,s2.95204,s2.146616,s7.081862
086_85,s2.410285,s-2.872808,s153.463555
087_0,s0.0,s0.0,s224.07799
087_1,s-0.148662,s0.371349,s324.138907
087_2,s-0.433521,s-0.120664,s43.560215
087_3,s0.190827,s-0.673487,s116.327727
087_4,s-0.913799,s-0.259751,s80.095038
087_5,s-0.447068,s0.663423,s97.607334
087_6,s-0.744268,s-0.590394,s194.56315
087_7,s-0.067394,s1.047835,s63.289603
087_8,s0.44541,s0.540009,s230.223708
087_9,s1.095233,s-0.350664,s121.948796
087_10,s0.734919,s-0.948627,s215.942255
087_11,s1.050575,s0.847816,s64.136372
087_12,s1.373843,s0.46374,s347.862517
087_13,s-1.245248,s-0.63981,s125.561183
087_14,s0.338793,s-1.306797,s194.028876
087_15,s-0.179821,s1.640172,s282.801172
087_16,s1.593643,s0.142487,s235.155091
087_17,s1.541295,s-0.929737,s310.83356
087_18,s-1.250661,s-1.151455,s199.265546
087_19,s0.914429,s1.373433,s12.198963
087_20,s-0.990518,s0.917264,s50.454835
087_21,s-1.575529,s0.490109,s161.451982
087_22,s-1.731787,s0.896333,s41.722179
087_23,s-0.4896,s-1.523251,s233.738856
087_24,s-0.59971,s1.855491,s332.670797
087_25,s2.195039,s0.14766,s276.378481
087_26,s-1.046984,s1.820391,s55.830495
087_27,s1.478226,s1.561201,s231.407036
087_28,s1.009852,s-1.784012,s287.529052
087_29,s-1.799898,s-1.265056,s121.541619
087_30,s-0.69012,s-2.088955,s218.237921
087_31,s0.424488,s-2.158659,s199.060667
087_32,s0.943868,s2.260888,s331.390383
087_33,s-1.284294,s-1.908033,s93.051652
087_34,s-2.436729,s1.041563,s178.101692
087_35,s1.524309,s-1.981535,s193.08367
087_36,s2.128314,s-1.213581,s173.42918
087_37,s2.21165,s1.36697,s351.856848
087_38,s-1.943709,s-0.471164,s76.317652
087_39,s-1.7889,s2.282507,s354.121861
087_40,s-1.783567,s1.605891,s35.245421
087_41,s2.363303,s0.957756,s214.713346
087_42,s-2.218369,s-0.915881,s115.824923
087_43,s-0.865964,s-2.715254,s242.256704
087_44,s-2.023115,s-2.215176,s153.40833
087_45,s1.539398,s2.157024,s334.41392
087_46,s-0.56078,s2.641122,s352.15862
087_47,s2.391934,s-0.883827,s342.58859
087_48,s0.539859,s2.798402,s102.03545
087_49,s3.14502,s0.590636,s36.746496
087_50,s2.864552,s-0.452045,s297.59072
087_51,s2.406737,s-1.790983,s273.36504
087_52,s1.057025,s-2.646733,s184.135559
087_53,s-2.394613,s1.635796,s356.642679
087_54,s-2.905277,s0.747906,s72.500196
087_55,s-1.029026,s-3.345311,s77.506439
087_56,s-1.077656,s2.311095,s6.634927
087_57,s2.682851,s1.650699,s294.589367
087_58,s-2.807388,s1.535765,s66.143347
087_59,s-2.910519,s-0.481016,s52.863442
087_60,s0.539087,s-3.30634,s246.659103
087_61,s3.046104,s-1.26935,s346.454119
087_62,s-2.508949,s-1.986246,s126.411505
087_63,s-2.93107,s-1.622137,s82.261795
087_64,s1.985035,s-2.445841,s275.447764
087_65,s1.200553,s3.340834,s100.302035
087_66,s-2.291591,s2.711294,s338.119892
087_67,s3.187388,s1.183451,s278.967592
087_68,s-1.447782,s3.131521,s10.710101
087_69,s-2.845785,s2.204883,s111.039982
087_70,s-3.328107,s0.382364,s87.537311
087_71,s2.227809,s2.226963,s330.431299
087_72,s-3.373023,s-2.055533,s83.431494
087_73,s3.579258,s-0.937503,s329.234523
087_74,s0.442226,s3.47195,s10.190142
087_75,s1.722208,s-3.331141,s137.944124
087_76,s-3.621853,s-0.452413,s186.833749
087_77,s1.977097,s3.068157,s345.225682
087_78,s-1.829454,s-3.042302,s93.900732
087_79,s3.253774,s-1.962895,s273.354185
087_80,s-0.325149,s3.786064,s131.920094
087_81,s-2.642866,s3.068837,s62.521798
087_82,s1.630583,s3.597735,s69.101863
087_83,s2.725321,s3.129716,s330.762874
087_84,s2.95204,s2.146616,s7.081862
087_85,s2.410285,s-2.872808,s153.463555
087_86,s3.471528,s2.181397,s335.572071
088_0,s0.0,s0.0,s224.07799
088_1,s-0.148662,s0.371349,s324.138907
088_2,s-0.433521,s-0.120664,s43.560215
088_3,s0.190827,s-0.673487,s116.327727
088_4,s-0.913799,s-0.259751,s80.095038
088_5,s-0.447068,s0.663423,s97.607334
088_6,s-0.744268,s-0.590394,s194.56315
088_7,s-0.067394,s1.047835,s63.289603
088_8,s0.44541,s0.540009,s230.223708
088_9,s1.095233,s-0.350664,s121.948796
088_10,s0.734919,s-0.948627,s215.942255
088_11,s1.050575,s0.847816,s64.136372
088_12,s1.373843,s0.46374,s347.862517
088_13,s-1.245248,s-0.63981,s125.561183
088_14,s0.338793,s-1.306797,s194.028876
088_15,s-0.179821,s1.640172,s282.801172
088_16,s1.593643,s0.142487,s235.155091
088_17,s1.541295,s-0.929737,s310.83356
088_18,s-1.250661,s-1.151455,s199.265546
088_19,s0.914429,s1.373433,s12.198963
088_20,s-0.990518,s0.917264,s50.454835
088_21,s-1.575529,s0.490109,s161.451982
088_22,s-1.731787,s0.896333,s41.722179
088_23,s-0.4896,s-1.523251,s233.738856
088_24,s-0.59971,s1.855491,s332.670797
088_25,s2.195039,s0.14766,s276.378481
088_26,s-1.046984,s1.820391,s55.830495
088_27,s1.478226,s1.561201,s231.407036
088_28,s1.009852,s-1.784012,s287.529052
088_29,s-1.799898,s-1.265056,s121.541619
088_30,s-0.69012,s-2.088955,s218.237921
088_31,s0.424488,s-2.158659,s199.060667
088_32,s0.943868,s2.260888,s331.390383
088_33,s-1.284294,s-1.908033,s93.051652
088_34,s-2.436729,s1.041563,s178.101692
088_35,s1.524309,s-1.981535,s193.08367
088_36,s2.128314,s-1.213581,s173.42918
088_37,s2.21165,s1.36697,s351.856848
088_38,s-1.943709,s-0.471164,s76.317652
088_39,s-1.7889,s2.282507,s354.121861
088_40,s-1.783567,s1.605891,s35.245421
088_41,s2.363303,s0.957756,s214.713346
088_42,s-2.218369,s-0.915881,s115.824923
088_43,s-0.865964,s-2.715254,s242.256704
088_44,s-2.023115,s-2.215176,s153.40833
088_45,s1.539398,s2.157024,s334.41392
088_46,s-0.56078,s2.641122,s352.15862
088_47,s2.391934,s-0.883827,s342.58859
088_48,s0.539859,s2.798402,s102.03545
088_49,s3.14502,s0.590636,s36.746496
088_50,s2.864552,s-0.452045,s297.59072
088_51,s2.406737,s-1.790983,s273.36504
088_52,s1.057025,s-2.646733,s184.135559
088_53,s-2.394613,s1.635796,s356.642679
088_54,s-2.905277,s0.747906,s72.500196
088_55,s-1.029026,s-3.345311,s77.506439
088_56,s-1.077656,s2.311095,s6.634927
088_57,s2.682851,s1.650699,s294.589367
088_58,s-2.807388,s1.535765,s66.143347
088_59,s-2.910519,s-0.481016,s52.863442
088_60,s0.539087,s-3.30634,s246.659103
088_61,s3.046104,s-1.26935,s346.454119
088_62,s-2.508949,s-1.986246,s126.411505
088_63,s-2.93107,s-1.622137,s82.261795
088_64,s1.985035,s-2.445841,s275.447764
088_65,s1.200553,s3.340834,s100.302035
088_66,s-2.291591,s2.711294,s338.119892
088_67,s3.187388,s1.183451,s278.967592
088_68,s-1.447782,s3.131521,s10.710101
088_69,s-2.845785,s2.204883,s111.039982
088_70,s-3.328107,s0.382364,s87.537311
088_71,s2.227809,s2.226963,s330.431299
088_72,s-3.373023,s-2.055533,s83.431494
088_73,s3.579258,s-0.937503,s329.234523
088_74,s0.442226,s3.47195,s10.190142
088_75,s1.722208,s-3.331141,s137.944124
088_76,s-3.621853,s-0.452413,s186.833749
088_77,s1.977097,s3.068157,s345.225682
088_78,s-1.829454,s-3.042302,s93.900732
088_79,s3.253774,s-1.962895,s273.354185
088_80,s-0.325149,s3.786064,s131.920094
088_81,s-2.642866,s3.068837,s62.521798
088_82,s1.630583,s3.597735,s69.101863
088_83,s2.725321,s3.129716,s330.762874
088_84,s2.95204,s2.146616,s7.081862
088_85,s2.410285,s-2.872808,s153.463555
088_86,s3.471528,s2.181397,s335.572071
088_87,s-0.231783,s-3.29185,s231.091314
089_0,s0.0,s0.0,s224.07799
089_1,s-0.148662,s0.371349,s324.138907
089_2,s-0.433521,s-0.120664,s43.560215
089_3,s0.190827,s-0.673487,s116.327727
089_4,s-0.913799,s-0.259751,s80.095038
089_5,s-0.447068,s0.663423,s97.607334
089_6,s-0.744268,s-0.590394,s194.56315
089_7,s-0.067394,s1.047835,s63.289603
089_8,s0.44541,s0.540009,s230.223708
089_9,s1.095233,s-0.350664,s121.948796
089_10,s0.734919,s-0.948627,s215.942255
089_11,s1.050575,s0.847816,s64.136372
089_12,s1.373843,s0.46374,s347.862517
089_13,s-1.245248,s-0.63981,s125.561183
089_14,s0.338793,s-1.306797,s194.028876
089_15,s-0.179821,s1.640172,s282.801172
089_16,s1.593643,s0.142487,s235.155091
089_17,s1.541295,s-0.929737,s310.83356
089_18,s-1.250661,s-1.151455,s199.265546
089_19,s0.914429,s1.373433,s12.198963
089_20,s-0.990518,s0.917264,s50.454835
089_21,s-1.575529,s0.490109,s161.451982
089_22,s-1.731787,s0.896333,s41.722179
089_23,s-0.4896,s-1.523251,s233.738856
089_24,s-0.59971,s1.855491,s332.670797
089_25,s2.195039,s0.14766,s276.378481
089_26,s-1.046984,s1.820391,s55.830495
089_27,s1.478226,s1.561201,s231.407036
089_28,s1.009852,s-1.784012,s287.529052
089_29,s-1.799898,s-1.265056,s121.541619
089_30,s-0.69012,s-2.088955,s218.237921
089_31,s0.424488,s-2.158659,s199.060667
089_32,s0.943868,s2.260888,s331.390383
089_33,s-1.284294,s-1.908033,s93.051652
089_34,s-2.436729,s1.041563,s178.101692
089_35,s1.524309,s-1.981535,s193.08367
089_36,s2.128314,s-1.213581,s173.42918
089_37,s2.21165,s1.36697,s351.856848
089_38,s-1.943709,s-0.471164,s76.317652
089_39,s-1.7889,s2.282507,s354.121861
089_40,s-1.783567,s1.605891,s35.245421
089_41,s2.363303,s0.957756,s214.713346
089_42,s-2.218369,s-0.915881,s115.824923
089_43,s-0.865964,s-2.715254,s242.256704
089_44,s-2.023115,s-2.215176,s153.40833
089_45,s1.539398,s2.157024,s334.41392
089_46,s-0.56078,s2.641122,s352.15862
089_47,s2.391934,s-0.883827,s342.58859
089_48,s0.539859,s2.798402,s102.03545
089_49,s3.14502,s0.590636,s36.746496
089_50,s2.864552,s-0.452045,s297.59072
089_51,s2.406737,s-1.790983,s273.36504
089_52,s1.057025,s-2.646733,s184.135559
089_53,s-2.394613,s1.635796,s356.642679
089_54,s-2.905277,s0.747906,s72.500196
089_55,s-1.029026,s-3.345311,s77.506439
089_56,s-1.077656,s2.311095,s6.634927
089_57,s2.682851,s1.650699,s294.589367
089_58,s-2.807388,s1.535765,s66.143347
089_59,s-2.910519,s-0.481016,s52.863442
089_60,s0.539087,s-3.30634,s246.659103
089_61,s3.046104,s-1.26935,s346.454119
089_62,s-2.508949,s-1.986246,s126.411505
089_63,s-2.93107,s-1.622137,s82.261795
089_64,s1.985035,s-2.445841,s275.447764
089_65,s1.200553,s3.340834,s100.302035
089_66,s-2.291591,s2.711294,s338.119892
089_67,s3.187388,s1.183451,s278.967592
089_68,s-1.447782,s3.131521,s10.710101
089_69,s-2.845785,s2.204883,s111.039982
089_70,s-3.328107,s0.382364,s87.537311
089_71,s2.227809,s2.226963,s330.431299
089_72,s-3.373023,s-2.055533,s83.431494
089_73,s3.579258,s-0.937503,s329.234523
089_74,s0.442226,s3.47195,s10.190142
089_75,s1.722208,s-3.331141,s137.944124
089_76,s-3.621853,s-0.452413,s186.833749
089_77,s1.977097,s3.068157,s345.225682
089_78,s-1.829454,s-3.042302,s93.900732
089_79,s3.253774,s-1.962895,s273.354185
089_80,s-0.325149,s3.786064,s131.920094
089_81,s-2.642866,s3.068837,s62.521798
089_82,s1.630583,s3.597735,s69.101863
089_83,s2.725321,s3.129716,s330.762874
089_84,s2.95204,s2.146616,s7.081862
089_85,s2.410285,s-2.872808,s153.463555
089_86,s3.471528,s2.181397,s335.572071
089_87,s-0.231783,s-3.29185,s231.091314
089_88,s2.879316,s-2.323691,s230.103259
090_0,s0.0,s0.0,s224.07799
090_1,s-0.148662,s0.371349,s324.138907
090_2,s-0.433521,s-0.120664,s43.560215
090_3,s0.190827,s-0.673487,s116.327727
090_4,s-0.913799,s-0.259751,s80.095038
090_5,s-0.447068,s0.663423,s97.607334
090_6,s-0.744268,s-0.590394,s194.56315
090_7,s-0.067394,s1.047835,s63.289603
090_8,s0.44541,s0.540009,s230.223708
090_9,s1.095233,s-0.350664,s121.948796
090_10,s0.734919,s-0.948627,s215.942255
090_11,s1.050575,s0.847816,s64.136372
090_12,s1.373843,s0.46374,s347.862517
090_13,s-1.245248,s-0.63981,s125.561183
090_14,s0.338793,s-1.306797,s194.028876
090_15,s-0.179821,s1.640172,s282.801172
090_16,s1.593643,s0.142487,s235.155091
090_17,s1.541295,s-0.929737,s310.83356
090_18,s-1.250661,s-1.151455,s199.265546
090_19,s0.914429,s1.373433,s12.198963
090_20,s-0.990518,s0.917264,s50.454835
090_21,s-1.575529,s0.490109,s161.451982
090_22,s-1.731787,s0.896333,s41.722179
090_23,s-0.4896,s-1.523251,s233.738856
090_24,s-0.59971,s1.855491,s332.670797
090_25,s2.195039,s0.14766,s276.378481
090_26,s-1.046984,s1.820391,s55.830495
090_27,s1.478226,s1.561201,s231.407036
090_28,s1.009852,s-1.784012,s287.529052
090_29,s-1.799898,s-1.265056,s121.541619
090_30,s-0.69012,s-2.088955,s218.237921
090_31,s0.424488,s-2.158659,s199.060667
090_32,s0.943868,s2.260888,s331.390383
090_33,s-1.284294,s-1.908033,s93.051652
090_34,s-2.436729,s1.041563,s178.101692
090_35,s1.524309,s-1.981535,s193.08367
090_36,s2.128314,s-1.213581,s173.42918
090_37,s2.21165,s1.36697,s351.856848
090_38,s-1.943709,s-0.471164,s76.317652
090_39,s-1.7889,s2.282507,s354.121861
090_40,s-1.783567,s1.605891,s35.245421
090_41,s2.363303,s0.957756,s214.713346
090_42,s-2.218369,s-0.915881,s115.824923
090_43,s-0.865964,s-2.715254,s242.256704
090_44,s-2.023115,s-2.215176,s153.40833
090_45,s1.539398,s2.157024,s334.41392
090_46,s-0.56078,s2.641122,s352.15862
090_47,s2.391934,s-0.883827,s342.58859
090_48,s0.539859,s2.798402,s102.03545
090_49,s3.14502,s0.590636,s36.746496
090_50,s2.864552,s-0.452045,s297.59072
090_51,s2.406737,s-1.790983,s273.36504
090_52,s1.057025,s-2.646733,s184.135559
090_53,s-2.394613,s1.635796,s356.642679
090_54,s-2.905277,s0.747906,s72.500196
090_55,s-1.029026,s-3.345311,s77.506439
090_56,s-1.077656,s2.311095,s6.634927
090_57,s2.682851,s1.650699,s294.589367
090_58,s-2.807388,s1.535765,s66.143347
090_59,s-2.910519,s-0.481016,s52.863442
090_60,s0.539087,s-3.30634,s246.659103
090_61,s3.046104,s-1.26935,s346.454119
090_62,s-2.508949,s-1.986246,s126.411505
090_63,s-2.93107,s-1.622137,s82.261795
090_64,s1.985035,s-2.445841,s275.447764
090_65,s1.200553,s3.340834,s100.302035
090_66,s-2.291591,s2.711294,s338.119892
090_67,s3.187388,s1.183451,s278.967592
090_68,s-1.447782,s3.131521,s10.710101
090_69,s-2.845785,s2.204883,s111.039982
090_70,s-3.328107,s0.382364,s87.537311
090_71,s2.227809,s2.226963,s330.431299
090_72,s-3.373023,s-2.055533,s83.431494
090_73,s3.579258,s-0.937503,s329.234523
090_74,s0.442226,s3.47195,s10.190142
090_75,s1.722208,s-3.331141,s137.944124
090_76,s-3.621853,s-0.452413,s186.833749
090_77,s1.977097,s3.068157,s345.225682
090_78,s-1.829454,s-3.042302,s93.900732
090_79,s3.253774,s-1.962895,s273.354185
090_80,s-0.325149,s3.786064,s131.920094
090_81,s-2.642866,s3.068837,s62.521798
090_82,s1.630583,s3.597735,s69.101863
090_83,s2.725321,s3.129716,s330.762874
090_84,s2.95204,s2.146616,s7.081862
090_85,s2.410285,s-2.872808,s153.463555
090_86,s3.471528,s2.181397,s335.572071
090_87,s-0.231783,s-3.29185,s231.091314
090_88,s2.879316,s-2.323691,s230.103259
090_89,s4.142602,s-0.247685,s338.630898
091_0,s0.0,s0.0,s224.07799
091_1,s-0.148662,s0.371349,s324.138907
091_2,s-0.433521,s-0.120664,s43.560215
091_3,s0.190827,s-0.673487,s116.327727
091_4,s-0.913799,s-0.259751,s80.095038
091_5,s-0.447068,s0.663423,s97.607334
091_6,s-0.744268,s-0.590394,s194.56315
091_7,s-0.067394,s1.047835,s63.289603
091_8,s0.44541,s0.540009,s230.223708
091_9,s1.095233,s-0.350664,s121.948796
091_10,s0.734919,s-0.948627,s215.942255
091_11,s1.050575,s0.847816,s64.136372
091_12,s1.373843,s0.46374,s347.862517
091_13,s-1.245248,s-0.63981,s125.561183
091_14,s0.338793,s-1.306797,s194.028876
091_15,s-0.179821,s1.640172,s282.801172
091_16,s1.593643,s0.142487,s235.155091
091_17,s1.541295,s-0.929737,s310.83356
091_18,s-1.250661,s-1.151455,s199.265546
091_19,s0.914429,s1.373433,s12.198963
091_20,s-0.990518,s0.917264,s50.454835
091_21,s-1.575529,s0.490109,s161.451982
091_22,s-1.731787,s0.896333,s41.722179
091_23,s-0.4896,s-1.523251,s233.738856
091_24,s-0.59971,s1.855491,s332.670797
091_25,s2.195039,s0.14766,s276.378481
091_26,s-1.046984,s1.820391,s55.830495
091_27,s1.478226,s1.561201,s231.407036
091_28,s1.009852,s-1.784012,s287.529052
091_29,s-1.799898,s-1.265056,s121.541619
091_30,s-0.69012,s-2.088955,s218.237921
091_31,s0.424488,s-2.158659,s199.060667
091_32,s0.943868,s2.260888,s331.390383
091_33,s-1.284294,s-1.908033,s93.051652
091_34,s-2.436729,s1.041563,s178.101692
091_35,s1.524309,s-1.981535,s193.08367
091_36,s2.128314,s-1.213581,s173.42918
091_37,s2.21165,s1.36697,s351.856848
091_38,s-1.943709,s-0.471164,s76.317652
091_39,s-1.7889,s2.282507,s354.121861
091_40,s-1.783567,s1.605891,s35.245421
091_41,s2.363303,s0.957756,s214.713346
091_42,s-2.218369,s-0.915881,s115.824923
091_43,s-0.865964,s-2.715254,s242.256704
091_44,s-2.023115,s-2.215176,s153.40833
091_45,s1.539398,s2.157024,s334.41392
091_46,s-0.56078,s2.641122,s352.15862
091_47,s2.391934,s-0.883827,s342.58859
091_48,s0.539859,s2.798402,s102.03545
091_49,s3.14502,s0.590636,s36.746496
091_50,s2.864552,s-0.452045,s297.59072
091_51,s2.406737,s-1.790983,s273.36504
091_52,s1.057025,s-2.646733,s184.135559
091_53,s-2.394613,s1.635796,s356.642679
091_54,s-2.905277,s0.747906,s72.500196
091_55,s-1.029026,s-3.345311,s77.506439
091_56,s-1.077656,s2.311095,s6.634927
091_57,s2.682851,s1.650699,s294.589367
091_58,s-2.807388,s1.535765,s66.143347
091_59,s-2.910519,s-0.481016,s52.863442
091_60,s0.539087,s-3.30634,s246.659103
091_61,s3.046104,s-1.26935,s346.454119
091_62,s-2.508949,s-1.986246,s126.411505
091_63,s-2.93107,s-1.622137,s82.261795
091_64,s1.985035,s-2.445841,s275.447764
091_65,s1.200553,s3.340834,s100.302035
091_66,s-2.291591,s2.711294,s338.119892
091_67,s3.187388,s1.183451,s278.967592
091_68,s-1.447782,s3.131521,s10.710101
091_69,s-2.845785,s2.204883,s111.039982
091_70,s-3.328107,s0.382364,s87.537311
091_71,s2.227809,s2.226963,s330.431299
091_72,s-3.373023,s-2.055533,s83.431494
091_73,s3.579258,s-0.937503,s329.234523
091_74,s0.442226,s3.47195,s10.190142
091_75,s1.722208,s-3.331141,s137.944124
091_76,s-3.621853,s-0.452413,s186.833749
091_77,s1.977097,s3.068157,s345.225682
091_78,s-1.829454,s-3.042302,s93.900732
091_79,s3.253774,s-1.962895,s273.354185
091_80,s-0.325149,s3.786064,s131.920094
091_81,s-2.642866,s3.068837,s62.521798
091_82,s1.630583,s3.597735,s69.101863
091_83,s2.725321,s3.129716,s330.762874
091_84,s2.95204,s2.146616,s7.081862
091_85,s2.410285,s-2.872808,s153.463555
091_86,s3.471528,s2.181397,s335.572071
091_87,s-0.231783,s-3.29185,s231.091314
091_88,s2.879316,s-2.323691,s230.103259
091_89,s4.142602,s-0.247685,s338.630898
091_90,s-3.731807,s1.440005,s254.30311
092_0,s0.0,s0.0,s224.07799
092_1,s-0.148662,s0.371349,s324.138907
092_2,s-0.433521,s-0.120664,s43.560215
092_3,s0.190827,s-0.673487,s116.327727
092_4,s-0.913799,s-0.259751,s80.095038
092_5,s-0.447068,s0.663423,s97.607334
092_6,s-0.744268,s-0.590394,s194.56315
092_7,s-0.067394,s1.047835,s63.289603
092_8,s0.44541,s0.540009,s230.223708
092_9,s1.095233,s-0.350664,s121.948796
092_10,s0.734919,s-0.948627,s215.942255
092_11,s1.050575,s0.847816,s64.136372
092_12,s1.373843,s0.46374,s347.862517
092_13,s-1.245248,s-0.63981,s125.561183
092_14,s0.338793,s-1.306797,s194.028876
092_15,s-0.179821,s1.640172,s282.801172
092_16,s1.593643,s0.142487,s235.155091
092_17,s1.541295,s-0.929737,s310.83356
092_18,s-1.250661,s-1.151455,s199.265546
092_19,s0.914429,s1.373433,s12.198963
092_20,s-0.990518,s0.917264,s50.454835
092_21,s-1.575529,s0.490109,s161.451982
092_22,s-1.731787,s0.896333,s41.722179
092_23,s-0.4896,s-1.523251,s233.738856
092_24,s-0.59971,s1.855491,s332.670797
092_25,s2.195039,s0.14766,s276.378481
092_26,s-1.046984,s1.820391,s55.830495
092_27,s1.478226,s1.561201,s231.407036
092_28,s1.009852,s-1.784012,s287.529052
092_29,s-1.799898,s-1.265056,s121.541619
092_30,s-0.69012,s-2.088955,s218.237921
092_31,s0.424488,s-2.158659,s199.060667
092_32,s0.943868,s2.260888,s331.390383
092_33,s-1.284294,s-1.908033,s93.051652
092_34,s-2.436729,s1.041563,s178.101692
092_35,s1.524309,s-1.981535,s193.08367
092_36,s2.128314,s-1.213581,s173.42918
092_37,s2.21165,s1.36697,s351.856848
092_38,s-1.943709,s-0.471164,s76.317652
092_39,s-1.7889,s2.282507,s354.121861
092_40,s-1.783567,s1.605891,s35.245421
092_41,s2.363303,s0.957756,s214.713346
092_42,s-2.218369,s-0.915881,s115.824923
092_43,s-0.865964,s-2.715254,s242.256704
092_44,s-2.023115,s-2.215176,s153.40833
092_45,s1.539398,s2.157024,s334.41392
092_46,s-0.56078,s2.641122,s352.15862
092_47,s2.391934,s-0.883827,s342.58859
092_48,s0.539859,s2.798402,s102.03545
092_49,s3.14502,s0.590636,s36.746496
092_50,s2.864552,s-0.452045,s297.59072
092_51,s2.406737,s-1.790983,s273.36504
092_52,s1.057025,s-2.646733,s184.135559
092_53,s-2.394613,s1.635796,s356.642679
092_54,s-2.905277,s0.747906,s72.500196
092_55,s-1.029026,s-3.345311,s77.506439
092_56,s-1.077656,s2.311095,s6.634927
092_57,s2.682851,s1.650699,s294.589367
092_58,s-2.807388,s1.535765,s66.143347
092_59,s-2.910519,s-0.481016,s52.863442
092_60,s0.539087,s-3.30634,s246.659103
092_61,s3.046104,s-1.26935,s346.454119
092_62,s-2.508949,s-1.986246,s126.411505
092_63,s-2.93107,s-1.622137,s82.261795
092_64,s1.985035,s-2.445841,s275.447764
092_65,s1.200553,s3.340834,s100.302035
092_66,s-2.291591,s2.711294,s338.119892
092_67,s3.187388,s1.183451,s278.967592
092_68,s-1.447782,s3.131521,s10.710101
092_69,s-2.845785,s2.204883,s111.039982
092_70,s-3.328107,s0.382364,s87.537311
092_71,s2.227809,s2.226963,s330.431299
092_72,s-3.373023,s-2.055533,s83.431494
092_73,s3.579258,s-0.937503,s329.234523
092_74,s0.442226,s3.47195,s10.190142
092_75,s1.722208,s-3.331141,s137.944124
092_76,s-3.621853,s-0.452413,s186.833749
092_77,s1.977097,s3.068157,s345.225682
092_78,s-1.829454,s-3.042302,s93.900732
092_79,s3.253774,s-1.962895,s273.354185
092_80,s-0.325149,s3.786064,s131.920094
092_81,s-2.642866,s3.068837,s62.521798
092_82,s1.630583,s3.597735,s69.101863
092_83,s2.725321,s3.129716,s330.762874
092_84,s2.95204,s2.146616,s7.081862
092_85,s2.410285,s-2.872808,s153.463555
092_86,s3.471528,s2.181397,s335.572071
092_87,s-0.231783,s-3.29185,s231.091314
092_88,s2.879316,s-2.323691,s230.103259
092_89,s4.142602,s-0.247685,s338.630898
092_90,s-3.731807,s1.440005,s254.30311
092_91,s1.18635,s4.133107,s345.164607
093_0,s0.0,s0.0,s224.07799
093_1,s-0.148662,s0.371349,s324.138907
093_2,s-0.433521,s-0.120664,s43.560215
093_3,s0.190827,s-0.673487,s116.327727
093_4,s-0.913799,s-0.259751,s80.095038
093_5,s-0.447068,s0.663423,s97.607334
093_6,s-0.744268,s-0.590394,s194.56315
093_7,s-0.067394,s1.047835,s63.289603
093_8,s0.44541,s0.540009,s230.223708
093_9,s1.095233,s-0.350664,s121.948796
093_10,s0.734919,s-0.948627,s215.942255
093_11,s1.050575,s0.847816,s64.136372
093_12,s1.373843,s0.46374,s347.862517
093_13,s-1.245248,s-0.63981,s125.561183
093_14,s0.338793,s-1.306797,s194.028876
093_15,s-0.179821,s1.640172,s282.801172
093_16,s1.593643,s0.142487,s235.155091
093_17,s1.541295,s-0.929737,s310.83356
093_18,s-1.250661,s-1.151455,s199.265546
093_19,s0.914429,s1.373433,s12.198963
093_20,s-0.990518,s0.917264,s50.454835
093_21,s-1.575529,s0.490109,s161.451982
093_22,s-1.731787,s0.896333,s41.722179
093_23,s-0.4896,s-1.523251,s233.738856
093_24,s-0.59971,s1.855491,s332.670797
093_25,s2.195039,s0.14766,s276.378481
093_26,s-1.046984,s1.820391,s55.830495
093_27,s1.478226,s1.561201,s231.407036
093_28,s1.009852,s-1.784012,s287.529052
093_29,s-1.799898,s-1.265056,s121.541619
093_30,s-0.69012,s-2.088955,s218.237921
093_31,s0.424488,s-2.158659,s199.060667
093_32,s0.943868,s2.260888,s331.390383
093_33,s-1.284294,s-1.908033,s93.051652
093_34,s-2.436729,s1.041563,s178.101692
093_35,s1.524309,s-1.981535,s193.08367
093_36,s2.128314,s-1.213581,s173.42918
093_37,s2.21165,s1.36697,s351.856848
093_38,s-1.943709,s-0.471164,s76.317652
093_39,s-1.7889,s2.282507,s354.121861
093_40,s-1.783567,s1.605891,s35.245421
093_41,s2.363303,s0.957756,s214.713346
093_42,s-2.218369,s-0.915881,s115.824923
093_43,s-0.865964,s-2.715254,s242.256704
093_44,s-2.023115,s-2.215176,s153.40833
093_45,s1.539398,s2.157024,s334.41392
093_46,s-0.56078,s2.641122,s352.15862
093_47,s2.391934,s-0.883827,s342.58859
093_48,s0.539859,s2.798402,s102.03545
093_49,s3.14502,s0.590636,s36.746496
093_50,s2.864552,s-0.452045,s297.59072
093_51,s2.406737,s-1.790983,s273.36504
093_52,s1.057025,s-2.646733,s184.135559
093_53,s-2.394613,s1.635796,s356.642679
093_54,s-2.905277,s0.747906,s72.500196
093_55,s-1.029026,s-3.345311,s77.506439
093_56,s-1.077656,s2.311095,s6.634927
093_57,s2.682851,s1.650699,s294.589367
093_58,s-2.807388,s1.535765,s66.143347
093_59,s-2.910519,s-0.481016,s52.863442
093_60,s0.539087,s-3.30634,s246.659103
093_61,s3.046104,s-1.26935,s346.454119
093_62,s-2.508949,s-1.986246,s126.411505
093_63,s-2.93107,s-1.622137,s82.261795
093_64,s1.985035,s-2.445841,s275.447764
093_65,s1.200553,s3.340834,s100.302035
093_66,s-2.291591,s2.711294,s338.119892
093_67,s3.187388,s1.183451,s278.967592
093_68,s-1.447782,s3.131521,s10.710101
093_69,s-2.845785,s2.204883,s111.039982
093_70,s-3.328107,s0.382364,s87.537311
093_71,s2.227809,s2.226963,s330.431299
093_72,s-3.373023,s-2.055533,s83.431494
093_73,s3.579258,s-0.937503,s329.234523
093_74,s0.442226,s3.47195,s10.190142
093_75,s1.722208,s-3.331141,s137.944124
093_76,s-3.621853,s-0.452413,s186.833749
093_77,s1.977097,s3.068157,s345.225682
093_78,s-1.829454,s-3.042302,s93.900732
093_79,s3.253774,s-1.962895,s273.354185
093_80,s-0.325149,s3.786064,s131.920094
093_81,s-2.642866,s3.068837,s62.521798
093_82,s1.630583,s3.597735,s69.101863
093_83,s2.725321,s3.129716,s330.762874
093_84,s2.95204,s2.146616,s7.081862
093_85,s2.410285,s-2.872808,s153.463555
093_86,s3.471528,s2.181397,s335.572071
093_87,s-0.231783,s-3.29185,s231.091314
093_88,s2.879316,s-2.323691,s230.103259
093_89,s4.142602,s-0.247685,s338.630898
093_90,s-3.731807,s1.440005,s254.30311
093_91,s1.18635,s4.133107,s345.164607
093_92,s2.81654,s-2.979447,s229.20729
094_0,s0.0,s0.0,s224.07799
094_1,s-0.148662,s0.371349,s324.138907
094_2,s-0.433521,s-0.120664,s43.560215
094_3,s0.190827,s-0.673487,s116.327727
094_4,s-0.913799,s-0.259751,s80.095038
094_5,s-0.447068,s0.663423,s97.607334
094_6,s-0.744268,s-0.590394,s194.56315
094_7,s-0.067394,s1.047835,s63.289603
094_8,s0.44541,s0.540009,s230.223708
094_9,s1.095233,s-0.350664,s121.948796
094_10,s0.734919,s-0.948627,s215.942255
094_11,s1.050575,s0.847816,s64.136372
094_12,s1.373843,s0.46374,s347.862517
094_13,s-1.245248,s-0.63981,s125.561183
094_14,s0.338793,s-1.306797,s194.028876
094_15,s-0.179821,s1.640172,s282.801172
094_16,s1.593643,s0.142487,s235.155091
094_17,s1.541295,s-0.929737,s310.83356
094_18,s-1.250661,s-1.151455,s199.265546
094_19,s0.914429,s1.373433,s12.198963
094_20,s-0.990518,s0.917264,s50.454835
094_21,s-1.575529,s0.490109,s161.451982
094_22,s-1.731787,s0.896333,s41.722179
094_23,s-0.4896,s-1.523251,s233.738856
094_24,s-0.59971,s1.855491,s332.670797
094_25,s2.195039,s0.14766,s276.378481
094_26,s-1.046984,s1.820391,s55.830495
094_27,s1.478226,s1.561201,s231.407036
094_28,s1.009852,s-1.784012,s287.529052
094_29,s-1.799898,s-1.265056,s121.541619
094_30,s-0.69012,s-2.088955,s218.237921
094_31,s0.424488,s-2.158659,s199.060667
094_32,s0.943868,s2.260888,s331.390383
094_33,s-1.284294,s-1.908033,s93.051652
094_34,s-2.436729,s1.041563,s178.101692
094_35,s1.524309,s-1.981535,s193.08367
094_36,s2.128314,s-1.213581,s173.42918
094_37,s2.21165,s1.36697,s351.856848
094_38,s-1.943709,s-0.471164,s76.317652
094_39,s-1.7889,s2.282507,s354.121861
094_40,s-1.783567,s1.605891,s35.245421
094_41,s2.363303,s0.957756,s214.713346
094_42,s-2.218369,s-0.915881,s115.824923
094_43,s-0.865964,s-2.715254,s242.256704
094_44,s-2.023115,s-2.215176,s153.40833
094_45,s1.539398,s2.157024,s334.41392
094_46,s-0.56078,s2.641122,s352.15862
094_47,s2.391934,s-0.883827,s342.58859
094_48,s0.539859,s2.798402,s102.03545
094_49,s3.14502,s0.590636,s36.746496
094_50,s2.864552,s-0.452045,s297.59072
094_51,s2.406737,s-1.790983,s273.36504
094_52,s1.057025,s-2.646733,s184.135559
094_53,s-2.394613,s1.635796,s356.642679
094_54,s-2.905277,s0.747906,s72.500196
094_55,s-1.029026,s-3.345311,s77.506439
094_56,s-1.077656,s2.311095,s6.634927
094_57,s2.682851,s1.650699,s294.589367
094_58,s-2.807388,s1.535765,s66.143347
094_59,s-2.910519,s-0.481016,s52.863442
094_60,s0.539087,s-3.30634,s246.659103
094_61,s3.046104,s-1.26935,s346.454119
094_62,s-2.508949,s-1.986246,s126.411505
094_63,s-2.93107,s-1.622137,s82.261795
094_64,s1.985035,s-2.445841,s275.447764
094_65,s1.200553,s3.340834,s100.302035
094_66,s-2.291591,s2.711294,s338.119892
094_67,s3.187388,s1.183451,s278.967592
094_68,s-1.447782,s3.131521,s10.710101
094_69,s-2.845785,s2.204883,s111.039982
094_70,s-3.328107,s0.382364,s87.537311
094_71,s2.227809,s2.226963,s330.431299
094_72,s-3.373023,s-2.055533,s83.431494
094_73,s3.579258,s-0.937503,s329.234523
094_74,s0.442226,s3.47195,s10.190142
094_75,s1.722208,s-3.331141,s137.944124
094_76,s-3.621853,s-0.452413,s186.833749
094_77,s1.977097,s3.068157,s345.225682
094_78,s-1.829454,s-3.042302,s93.900732
094_79,s3.253774,s-1.962895,s273.354185
094_80,s-0.325149,s3.786064,s131.920094
094_81,s-2.642866,s3.068837,s62.521798
094_82,s1.630583,s3.597735,s69.101863
094_83,s2.725321,s3.129716,s330.762874
094_84,s2.95204,s2.146616,s7.081862
094_85,s2.410285,s-2.872808,s153.463555
094_86,s3.471528,s2.181397,s335.572071
094_87,s-0.231783,s-3.29185,s231.091314
094_88,s2.879316,s-2.323691,s230.103259
094_89,s4.142602,s-0.247685,s338.630898
094_90,s-3.731807,s1.440005,s254.30311
094_91,s1.18635,s4.133107,s345.164607
094_92,s2.81654,s-2.979447,s229.20729
094_93,s2.077396,s-3.764894,s240.696507
095_0,s0.0,s0.0,s224.07799
095_1,s-0.148662,s0.371349,s324.138907
095_2,s-0.433521,s-0.120664,s43.560215
095_3,s0.190827,s-0.673487,s116.327727
095_4,s-0.913799,s-0.259751,s80.095038
095_5,s-0.447068,s0.663423,s97.607334
095_6,s-0.744268,s-0.590394,s194.56315
095_7,s-0.067394,s1.047835,s63.289603
095_8,s0.44541,s0.540009,s230.223708
095_9,s1.095233,s-0.350664,s121.948796
095_10,s0.734919,s-0.948627,s215.942255
095_11,s1.050575,s0.847816,s64.136372
095_12,s1.373843,s0.46374,s347.862517
095_13,s-1.245248,s-0.63981,s125.561183
095_14,s0.338793,s-1.306797,s194.028876
095_15,s-0.179821,s1.640172,s282.801172
095_16,s1.593643,s0.142487,s235.155091
095_17,s1.541295,s-0.929737,s310.83356
095_18,s-1.250661,s-1.151455,s199.265546
095_19,s0.914429,s1.373433,s12.198963
095_20,s-0.990518,s0.917264,s50.454835
095_21,s-1.575529,s0.490109,s161.451982
095_22,s-1.731787,s0.896333,s41.722179
095_23,s-0.4896,s-1.523251,s233.738856
095_24,s-0.59971,s1.855491,s332.670797
095_25,s2.195039,s0.14766,s276.378481
095_26,s-1.046984,s1.820391,s55.830495
095_27,s1.478226,s1.561201,s231.407036
095_28,s1.009852,s-1.784012,s287.529052
095_29,s-1.799898,s-1.265056,s121.541619
095_30,s-0.69012,s-2.088955,s218.237921
095_31,s0.424488,s-2.158659,s199.060667
095_32,s0.943868,s2.260888,s331.390383
095_33,s-1.284294,s-1.908033,s93.051652
095_34,s-2.436729,s1.041563,s178.101692
095_35,s1.524309,s-1.981535,s193.08367
095_36,s2.128314,s-1.213581,s173.42918
095_37,s2.21165,s1.36697,s351.856848
095_38,s-1.943709,s-0.471164,s76.317652
095_39,s-1.7889,s2.282507,s354.121861
095_40,s-1.783567,s1.605891,s35.245421
095_41,s2.363303,s0.957756,s214.713346
095_42,s-2.218369,s-0.915881,s115.824923
095_43,s-0.865964,s-2.715254,s242.256704
095_44,s-2.023115,s-2.215176,s153.40833
095_45,s1.539398,s2.157024,s334.41392
095_46,s-0.56078,s2.641122,s352.15862
095_47,s2.391934,s-0.883827,s342.58859
095_48,s0.539859,s2.798402,s102.03545
095_49,s3.14502,s0.590636,s36.746496
095_50,s2.864552,s-0.452045,s297.59072
095_51,s2.406737,s-1.790983,s273.36504
095_52,s1.057025,s-2.646733,s184.135559
095_53,s-2.394613,s1.635796,s356.642679
095_54,s-2.905277,s0.747906,s72.500196
095_55,s-1.029026,s-3.345311,s77.506439
095_56,s-1.077656,s2.311095,s6.634927
095_57,s2.682851,s1.650699,s294.589367
095_58,s-2.807388,s1.535765,s66.143347
095_59,s-2.910519,s-0.481016,s52.863442
095_60,s0.539087,s-3.30634,s246.659103
095_61,s3.046104,s-1.26935,s346.454119
095_62,s-2.508949,s-1.986246,s126.411505
095_63,s-2.93107,s-1.622137,s82.261795
095_64,s1.985035,s-2.445841,s275.447764
095_65,s1.200553,s3.340834,s100.302035
095_66,s-2.291591,s2.711294,s338.119892
095_67,s3.187388,s1.183451,s278.967592
095_68,s-1.447782,s3.131521,s10.710101
095_69,s-2.845785,s2.204883,s111.039982
095_70,s-3.328107,s0.382364,s87.537311
095_71,s2.227809,s2.226963,s330.431299
095_72,s-3.373023,s-2.055533,s83.431494
095_73,s3.579258,s-0.937503,s329.234523
095_74,s0.442226,s3.47195,s10.190142
095_75,s1.722208,s-3.331141,s137.944124
095_76,s-3.621853,s-0.452413,s186.833749
095_77,s1.977097,s3.068157,s345.225682
095_78,s-1.829454,s-3.042302,s93.900732
095_79,s3.253774,s-1.962895,s273.354185
095_80,s-0.325149,s3.786064,s131.920094
095_81,s-2.642866,s3.068837,s62.521798
095_82,s1.630583,s3.597735,s69.101863
095_83,s2.725321,s3.129716,s330.762874
095_84,s2.95204,s2.146616,s7.081862
095_85,s2.410285,s-2.872808,s153.463555
095_86,s3.471528,s2.181397,s335.572071
095_87,s-0.231783,s-3.29185,s231.091314
095_88,s2.879316,s-2.323691,s230.103259
095_89,s4.142602,s-0.247685,s338.630898
095_90,s-3.731807,s1.440005,s254.30311
095_91,s1.18635,s4.133107,s345.164607
095_92,s2.81654,s-2.979447,s229.20729
095_93,s2.077396,s-3.764894,s240.696507
095_94,s3.798107,s1.672389,s289.594995
096_0,s0.0,s0.0,s224.07799
096_1,s-0.148662,s0.371349,s324.138907
096_2,s-0.433521,s-0.120664,s43.560215
096_3,s0.190827,s-0.673487,s116.327727
096_4,s-0.913799,s-0.259751,s80.095038
096_5,s-0.447068,s0.663423,s97.607334
096_6,s-0.744268,s-0.590394,s194.56315
096_7,s-0.067394,s1.047835,s63.289603
096_8,s0.44541,s0.540009,s230.223708
096_9,s1.095233,s-0.350664,s121.948796
096_10,s0.734919,s-0.948627,s215.942255
096_11,s1.050575,s0.847816,s64.136372
096_12,s1.373843,s0.46374,s347.862517
096_13,s-1.245248,s-0.63981,s125.561183
096_14,s0.338793,s-1.306797,s194.028876
096_15,s-0.179821,s1.640172,s282.801172
096_16,s1.593643,s0.142487,s235.155091
096_17,s1.541295,s-0.929737,s310.83356
096_18,s-1.250661,s-1.151455,s199.265546
096_19,s0.914429,s1.373433,s12.198963
096_20,s-0.990518,s0.917264,s50.454835
096_21,s-1.575529,s0.490109,s161.451982
096_22,s-1.731787,s0.896333,s41.722179
096_23,s-0.4896,s-1.523251,s233.738856
096_24,s-0.59971,s1.855491,s332.670797
096_25,s2.195039,s0.14766,s276.378481
096_26,s-1.046984,s1.820391,s55.830495
096_27,s1.478226,s1.561201,s231.407036
096_28,s1.009852,s-1.784012,s287.529052
096_29,s-1.799898,s-1.265056,s121.541619
096_30,s-0.69012,s-2.088955,s218.237921
096_31,s0.424488,s-2.158659,s199.060667
096_32,s0.943868,s2.260888,s331.390383
096_33,s-1.284294,s-1.908033,s93.051652
096_34,s-2.436729,s1.041563,s178.101692
096_35,s1.524309,s-1.981535,s193.08367
096_36,s2.128314,s-1.213581,s173.42918
096_37,s2.21165,s1.36697,s351.856848
096_38,s-1.943709,s-0.471164,s76.317652
096_39,s-1.7889,s2.282507,s354.121861
096_40,s-1.783567,s1.605891,s35.245421
096_41,s2.363303,s0.957756,s214.713346
096_42,s-2.218369,s-0.915881,s115.824923
096_43,s-0.865964,s-2.715254,s242.256704
096_44,s-2.023115,s-2.215176,s153.40833
096_45,s1.539398,s2.157024,s334.41392
096_46,s-0.56078,s2.641122,s352.15862
096_47,s2.391934,s-0.883827,s342.58859
096_48,s0.539859,s2.798402,s102.03545
096_49,s3.14502,s0.590636,s36.746496
096_50,s2.864552,s-0.452045,s297.59072
096_51,s2.406737,s-1.790983,s273.36504
096_52,s1.057025,s-2.646733,s184.135559
096_53,s-2.394613,s1.635796,s356.642679
096_54,s-2.905277,s0.747906,s72.500196
096_55,s-1.029026,s-3.345311,s77.506439
096_56,s-1.077656,s2.311095,s6.634927
096_57,s2.682851,s1.650699,s294.589367
096_58,s-2.807388,s1.535765,s66.143347
096_59,s-2.910519,s-0.481016,s52.863442
096_60,s0.539087,s-3.30634,s246.659103
096_61,s3.046104,s-1.26935,s346.454119
096_62,s-2.508949,s-1.986246,s126.411505
096_63,s-2.93107,s-1.622137,s82.261795
096_64,s1.985035,s-2.445841,s275.447764
096_65,s1.200553,s3.340834,s100.302035
096_66,s-2.291591,s2.711294,s338.119892
096_67,s3.187388,s1.183451,s278.967592
096_68,s-1.447782,s3.131521,s10.710101
096_69,s-2.845785,s2.204883,s111.039982
096_70,s-3.328107,s0.382364,s87.537311
096_71,s2.227809,s2.226963,s330.431299
096_72,s-3.373023,s-2.055533,s83.431494
096_73,s3.579258,s-0.937503,s329.234523
096_74,s0.442226,s3.47195,s10.190142
096_75,s1.722208,s-3.331141,s137.944124
096_76,s-3.621853,s-0.452413,s186.833749
096_77,s1.977097,s3.068157,s345.225682
096_78,s-1.829454,s-3.042302,s93.900732
096_79,s3.253774,s-1.962895,s273.354185
096_80,s-0.325149,s3.786064,s131.920094
096_81,s-2.642866,s3.068837,s62.521798
096_82,s1.630583,s3.597735,s69.101863
096_83,s2.725321,s3.129716,s330.762874
096_84,s2.95204,s2.146616,s7.081862
096_85,s2.410285,s-2.872808,s153.463555
096_86,s3.471528,s2.181397,s335.572071
096_87,s-0.231783,s-3.29185,s231.091314
096_88,s2.879316,s-2.323691,s230.103259
096_89,s4.142602,s-0.247685,s338.630898
096_90,s-3.731807,s1.440005,s254.30311
096_91,s1.18635,s4.133107,s345.164607
096_92,s2.81654,s-2.979447,s229.20729
096_93,s2.077396,s-3.764894,s240.696507
096_94,s3.798107,s1.672389,s289.594995
096_95,s4.266966,s1.073779,s316.595207
097_0,s0.0,s0.0,s224.07799
097_1,s-0.148662,s0.371349,s324.138907
097_2,s-0.433521,s-0.120664,s43.560215
097_3,s0.190827,s-0.673487,s116.327727
097_4,s-0.913799,s-0.259751,s80.095038
097_5,s-0.447068,s0.663423,s97.607334
097_6,s-0.744268,s-0.590394,s194.56315
097_7,s-0.067394,s1.047835,s63.289603
097_8,s0.44541,s0.540009,s230.223708
097_9,s1.095233,s-0.350664,s121.948796
097_10,s0.734919,s-0.948627,s215.942255
097_11,s1.050575,s0.847816,s64.136372
097_12,s1.373843,s0.46374,s347.862517
097_13,s-1.245248,s-0.63981,s125.561183
097_14,s0.338793,s-1.306797,s194.028876
097_15,s-0.179821,s1.640172,s282.801172
097_16,s1.593643,s0.142487,s235.155091
097_17,s1.541295,s-0.929737,s310.83356
097_18,s-1.250661,s-1.151455,s199.265546
097_19,s0.914429,s1.373433,s12.198963
097_20,s-0.990518,s0.917264,s50.454835
097_21,s-1.575529,s0.490109,s161.451982
097_22,s-1.731787,s0.896333,s41.722179
097_23,s-0.4896,s-1.523251,s233.738856
097_24,s-0.59971,s1.855491,s332.670797
097_25,s2.195039,s0.14766,s276.378481
097_26,s-1.046984,s1.820391,s55.830495
097_27,s1.478226,s1.561201,s231.407036
097_28,s1.009852,s-1.784012,s287.529052
097_29,s-1.799898,s-1.265056,s121.541619
097_30,s-0.69012,s-2.088955,s218.237921
097_31,s0.424488,s-2.158659,s199.060667
097_32,s0.943868,s2.260888,s331.390383
097_33,s-1.284294,s-1.908033,s93.051652
097_34,s-2.436729,s1.041563,s178.101692
097_35,s1.524309,s-1.981535,s193.08367
097_36,s2.128314,s-1.213581,s173.42918
097_37,s2.21165,s1.36697,s351.856848
097_38,s-1.943709,s-0.471164,s76.317652
097_39,s-1.7889,s2.282507,s354.121861
097_40,s-1.783567,s1.605891,s35.245421
097_41,s2.363303,s0.957756,s214.713346
097_42,s-2.218369,s-0.915881,s115.824923
097_43,s-0.865964,s-2.715254,s242.256704
097_44,s-2.023115,s-2.215176,s153.40833
097_45,s1.539398,s2.157024,s334.41392
097_46,s-0.56078,s2.641122,s352.15862
097_47,s2.391934,s-0.883827,s342.58859
097_48,s0.539859,s2.798402,s102.03545
097_49,s3.14502,s0.590636,s36.746496
097_50,s2.864552,s-0.452045,s297.59072
097_51,s2.406737,s-1.790983,s273.36504
097_52,s1.057025,s-2.646733,s184.135559
097_53,s-2.394613,s1.635796,s356.642679
097_54,s-2.905277,s0.747906,s72.500196
097_55,s-1.029026,s-3.345311,s77.506439
097_56,s-1.077656,s2.311095,s6.634927
097_57,s2.682851,s1.650699,s294.589367
097_58,s-2.807388,s1.535765,s66.143347
097_59,s-2.910519,s-0.481016,s52.863442
097_60,s0.539087,s-3.30634,s246.659103
097_61,s3.046104,s-1.26935,s346.454119
097_62,s-2.508949,s-1.986246,s126.411505
097_63,s-2.93107,s-1.622137,s82.261795
097_64,s1.985035,s-2.445841,s275.447764
097_65,s1.200553,s3.340834,s100.302035
097_66,s-2.291591,s2.711294,s338.119892
097_67,s3.187388,s1.183451,s278.967592
097_68,s-1.447782,s3.131521,s10.710101
097_69,s-2.845785,s2.204883,s111.039982
097_70,s-3.328107,s0.382364,s87.537311
097_71,s2.227809,s2.226963,s330.431299
097_72,s-3.373023,s-2.055533,s83.431494
097_73,s3.579258,s-0.937503,s329.234523
097_74,s0.442226,s3.47195,s10.190142
097_75,s1.722208,s-3.331141,s137.944124
097_76,s-3.621853,s-0.452413,s186.833749
097_77,s1.977097,s3.068157,s345.225682
097_78,s-1.829454,s-3.042302,s93.900732
097_79,s3.253774,s-1.962895,s273.354185
097_80,s-0.325149,s3.786064,s131.920094
097_81,s-2.642866,s3.068837,s62.521798
097_82,s1.630583,s3.597735,s69.101863
097_83,s2.725321,s3.129716,s330.762874
097_84,s2.95204,s2.146616,s7.081862
097_85,s2.410285,s-2.872808,s153.463555
097_86,s3.471528,s2.181397,s335.572071
097_87,s-0.231783,s-3.29185,s231.091314
097_88,s2.879316,s-2.323691,s230.103259
097_89,s4.142602,s-0.247685,s338.630898
097_90,s-3.731807,s1.440005,s254.30311
097_91,s1.18635,s4.133107,s345.164607
097_92,s2.81654,s-2.979447,s229.20729
097_93,s2.077396,s-3.764894,s240.696507
097_94,s3.798107,s1.672389,s289.594995
097_95,s4.266966,s1.073779,s316.595207
097_96,s-0.576484,s4.311632,s139.266225
098_0,s0.0,s0.0,s224.07799
098_1,s-0.148662,s0.371349,s324.138907
098_2,s-0.433521,s-0.120664,s43.560215
098_3,s0.190827,s-0.673487,s116.327727
098_4,s-0.913799,s-0.259751,s80.095038
098_5,s-0.447068,s0.663423,s97.607334
098_6,s-0.744268,s-0.590394,s194.56315
098_7,s-0.067394,s1.047835,s63.289603
098_8,s0.44541,s0.540009,s230.223708
098_9,s1.095233,s-0.350664,s121.948796
098_10,s0.734919,s-0.948627,s215.942255
098_11,s1.050575,s0.847816,s64.136372
098_12,s1.373843,s0.46374,s347.862517
098_13,s-1.245248,s-0.63981,s125.561183
098_14,s0.338793,s-1.306797,s194.028876
098_15,s-0.179821,s1.640172,s282.801172
098_16,s1.593643,s0.142487,s235.155091
098_17,s1.541295,s-0.929737,s310.83356
098_18,s-1.250661,s-1.151455,s199.265546
098_19,s0.914429,s1.373433,s12.198963
098_20,s-0.990518,s0.917264,s50.454835
098_21,s-1.575529,s0.490109,s161.451982
098_22,s-1.731787,s0.896333,s41.722179
098_23,s-0.4896,s-1.523251,s233.738856
098_24,s-0.59971,s1.855491,s332.670797
098_25,s2.195039,s0.14766,s276.378481
098_26,s-1.046984,s1.820391,s55.830495
098_27,s1.478226,s1.561201,s231.407036
098_28,s1.009852,s-1.784012,s287.529052
098_29,s-1.799898,s-1.265056,s121.541619
098_30,s-0.69012,s-2.088955,s218.237921
098_31,s0.424488,s-2.158659,s199.060667
098_32,s0.943868,s2.260888,s331.390383
098_33,s-1.284294,s-1.908033,s93.051652
098_34,s-2.436729,s1.041563,s178.101692
098_35,s1.524309,s-1.981535,s193.08367
098_36,s2.128314,s-1.213581,s173.42918
098_37,s2.21165,s1.36697,s351.856848
098_38,s-1.943709,s-0.471164,s76.317652
098_39,s-1.7889,s2.282507,s354.121861
098_40,s-1.783567,s1.605891,s35.245421
098_41,s2.363303,s0.957756,s214.713346
098_42,s-2.218369,s-0.915881,s115.824923
098_43,s-0.865964,s-2.715254,s242.256704
098_44,s-2.023115,s-2.215176,s153.40833
098_45,s1.539398,s2.157024,s334.41392
098_46,s-0.56078,s2.641122,s352.15862
098_47,s2.391934,s-0.883827,s342.58859
098_48,s0.539859,s2.798402,s102.03545
098_49,s3.14502,s0.590636,s36.746496
098_50,s2.864552,s-0.452045,s297.59072
098_51,s2.406737,s-1.790983,s273.36504
098_52,s1.057025,s-2.646733,s184.135559
098_53,s-2.394613,s1.635796,s356.642679
098_54,s-2.905277,s0.747906,s72.500196
098_55,s-1.029026,s-3.345311,s77.506439
098_56,s-1.077656,s2.311095,s6.634927
098_57,s2.682851,s1.650699,s294.589367
098_58,s-2.807388,s1.535765,s66.143347
098_59,s-2.910519,s-0.481016,s52.863442
098_60,s0.539087,s-3.30634,s246.659103
098_61,s3.046104,s-1.26935,s346.454119
098_62,s-2.508949,s-1.986246,s126.411505
098_63,s-2.93107,s-1.622137,s82.261795
098_64,s1.985035,s-2.445841,s275.447764
098_65,s1.200553,s3.340834,s100.302035
098_66,s-2.291591,s2.711294,s338.119892
098_67,s3.187388,s1.183451,s278.967592
098_68,s-1.447782,s3.131521,s10.710101
098_69,s-2.845785,s2.204883,s111.039982
098_70,s-3.328107,s0.382364,s87.537311
098_71,s2.227809,s2.226963,s330.431299
098_72,s-3.373023,s-2.055533,s83.431494
098_73,s3.579258,s-0.937503,s329.234523
098_74,s0.442226,s3.47195,s10.190142
098_75,s1.722208,s-3.331141,s137.944124
098_76,s-3.621853,s-0.452413,s186.833749
098_77,s1.977097,s3.068157,s345.225682
098_78,s-1.829454,s-3.042302,s93.900732
098_79,s3.253774,s-1.962895,s273.354185
098_80,s-0.325149,s3.786064,s131.920094
098_81,s-2.642866,s3.068837,s62.521798
098_82,s1.630583,s3.597735,s69.101863
098_83,s2.725321,s3.129716,s330.762874
098_84,s2.95204,s2.146616,s7.081862
098_85,s2.410285,s-2.872808,s153.463555
098_86,s3.471528,s2.181397,s335.572071
098_87,s-0.231783,s-3.29185,s231.091314
098_88,s2.879316,s-2.323691,s230.103259
098_89,s4.142602,s-0.247685,s338.630898
098_90,s-3.731807,s1.440005,s254.30311
098_91,s1.18635,s4.133107,s345.164607
098_92,s2.81654,s-2.979447,s229.20729
098_93,s2.077396,s-3.764894,s240.696507
098_94,s3.798107,s1.672389,s289.594995
098_95,s4.266966,s1.073779,s316.595207
098_96,s-0.576484,s4.311632,s139.266225
098_97,s-4.016726,s-1.04327,s38.835671
099_0,s0.0,s0.0,s224.07799
099_1,s-0.148662,s0.371349,s324.138907
099_2,s-0.433521,s-0.120664,s43.560215
099_3,s0.190827,s-0.673487,s116.327727
099_4,s-0.913799,s-0.259751,s80.095038
099_5,s-0.447068,s0.663423,s97.607334
099_6,s-0.744268,s-0.590394,s194.56315
099_7,s-0.067394,s1.047835,s63.289603
099_8,s0.44541,s0.540009,s230.223708
099_9,s1.095233,s-0.350664,s121.948796
099_10,s0.734919,s-0.948627,s215.942255
099_11,s1.050575,s0.847816,s64.136372
099_12,s1.373843,s0.46374,s347.862517
099_13,s-1.245248,s-0.63981,s125.561183
099_14,s0.338793,s-1.306797,s194.028876
099_15,s-0.179821,s1.640172,s282.801172
099_16,s1.593643,s0.142487,s235.155091
099_17,s1.541295,s-0.929737,s310.83356
099_18,s-1.250661,s-1.151455,s199.265546
099_19,s0.914429,s1.373433,s12.198963
099_20,s-0.990518,s0.917264,s50.454835
099_21,s-1.575529,s0.490109,s161.451982
099_22,s-1.731787,s0.896333,s41.722179
099_23,s-0.4896,s-1.523251,s233.738856
099_24,s-0.59971,s1.855491,s332.670797
099_25,s2.195039,s0.14766,s276.378481
099_26,s-1.046984,s1.820391,s55.830495
099_27,s1.478226,s1.561201,s231.407036
099_28,s1.009852,s-1.784012,s287.529052
099_29,s-1.799898,s-1.265056,s121.541619
099_30,s-0.69012,s-2.088955,s218.237921
099_31,s0.424488,s-2.158659,s199.060667
099_32,s0.943868,s2.260888,s331.390383
099_33,s-1.284294,s-1.908033,s93.051652
099_34,s-2.436729,s1.041563,s178.101692
099_35,s1.524309,s-1.981535,s193.08367
099_36,s2.128314,s-1.213581,s173.42918
099_37,s2.21165,s1.36697,s351.856848
099_38,s-1.943709,s-0.471164,s76.317652
099_39,s-1.7889,s2.282507,s354.121861
099_40,s-1.783567,s1.605891,s35.245421
099_41,s2.363303,s0.957756,s214.713346
099_42,s-2.218369,s-0.915881,s115.824923
099_43,s-0.865964,s-2.715254,s242.256704
099_44,s-2.023115,s-2.215176,s153.40833
099_45,s1.539398,s2.157024,s334.41392
099_46,s-0.56078,s2.641122,s352.15862
099_47,s2.391934,s-0.883827,s342.58859
099_48,s0.539859,s2.798402,s102.03545
099_49,s3.14502,s0.590636,s36.746496
099_50,s2.864552,s-0.452045,s297.59072
099_51,s2.406737,s-1.790983,s273.36504
099_52,s1.057025,s-2.646733,s184.135559
099_53,s-2.394613,s1.635796,s356.642679
099_54,s-2.905277,s0.747906,s72.500196
099_55,s-1.029026,s-3.345311,s77.506439
099_56,s-1.077656,s2.311095,s6.634927
099_57,s2.682851,s1.650699,s294.589367
099_58,s-2.807388,s1.535765,s66.143347
099_59,s-2.910519,s-0.481016,s52.863442
099_60,s0.539087,s-3.30634,s246.659103
099_61,s3.046104,s-1.26935,s346.454119
099_62,s-2.508949,s-1.986246,s126.411505
099_63,s-2.93107,s-1.622137,s82.261795
099_64,s1.985035,s-2.445841,s275.447764
099_65,s1.200553,s3.340834,s100.302035
099_66,s-2.291591,s2.711294,s338.119892
099_67,s3.187388,s1.183451,s278.967592
099_68,s-1.447782,s3.131521,s10.710101
099_69,s-2.845785,s2.204883,s111.039982
099_70,s-3.328107,s0.382364,s87.537311
099_71,s2.227809,s2.226963,s330.431299
099_72,s-3.373023,s-2.055533,s83.431494
099_73,s3.579258,s-0.937503,s329.234523
099_74,s0.442226,s3.47195,s10.190142
099_75,s1.722208,s-3.331141,s137.944124
099_76,s-3.621853,s-0.452413,s186.833749
099_77,s1.977097,s3.068157,s345.225682
099_78,s-1.829454,s-3.042302,s93.900732
099_79,s3.253774,s-1.962895,s273.354185
099_80,s-0.325149,s3.786064,s131.920094
099_81,s-2.642866,s3.068837,s62.521798
099_82,s1.630583,s3.597735,s69.101863
099_83,s2.725321,s3.129716,s330.762874
099_84,s2.95204,s2.146616,s7.081862
099_85,s2.410285,s-2.872808,s153.463555
099_86,s3.471528,s2.181397,s335.572071
099_87,s-0.231783,s-3.29185,s231.091314
099_88,s2.879316,s-2.323691,s230.103259
099_89,s4.142602,s-0.247685,s338.630898
099_90,s-3.731807,s1.440005,s254.30311
099_91,s1.18635,s4.133107,s345.164607
099_92,s2.81654,s-2.979447,s229.20729
099_93,s2.077396,s-3.764894,s240.696507
099_94,s3.798107,s1.672389,s289.594995
099_95,s4.266966,s1.073779,s316.595207
099_96,s-0.576484,s4.311632,s139.266225
099_97,s-4.016726,s-1.04327,s38.835671
099_98,s-2.12813,s3.62092,s51.486677
100_0,s0.0,s0.0,s224.07799
100_1,s-0.148662,s0.371349,s324.138907
100_2,s-0.433521,s-0.120664,s43.560215
100_3,s0.190827,s-0.673487,s116.327727
100_4,s-0.913799,s-0.259751,s80.095038
100_5,s-0.447068,s0.663423,s97.607334
100_6,s-0.744268,s-0.590394,s194.56315
100_7,s-0.067394,s1.047835,s63.289603
100_8,s0.44541,s0.540009,s230.223708
100_9,s1.095233,s-0.350664,s121.948796
100_10,s0.734919,s-0.948627,s215.942255
100_11,s1.050575,s0.847816,s64.136372
100_12,s1.373843,s0.46374,s347.862517
100_13,s-1.245248,s-0.63981,s125.561183
100_14,s0.338793,s-1.306797,s194.028876
100_15,s-0.179821,s1.640172,s282.801172
100_16,s1.593643,s0.142487,s235.155091
100_17,s1.541295,s-0.929737,s310.83356
100_18,s-1.250661,s-1.151455,s199.265546
100_19,s0.914429,s1.373433,s12.198963
100_20,s-0.990518,s0.917264,s50.454835
100_21,s-1.575529,s0.490109,s161.451982
100_22,s-1.731787,s0.896333,s41.722179
100_23,s-0.4896,s-1.523251,s233.738856
100_24,s-0.59971,s1.855491,s332.670797
100_25,s2.195039,s0.14766,s276.378481
100_26,s-1.046984,s1.820391,s55.830495
100_27,s1.478226,s1.561201,s231.407036
100_28,s1.009852,s-1.784012,s287.529052
100_29,s-1.799898,s-1.265056,s121.541619
100_30,s-0.69012,s-2.088955,s218.237921
100_31,s0.424488,s-2.158659,s199.060667
100_32,s0.943868,s2.260888,s331.390383
100_33,s-1.284294,s-1.908033,s93.051652
100_34,s-2.436729,s1.041563,s178.101692
100_35,s1.524309,s-1.981535,s193.08367
100_36,s2.128314,s-1.213581,s173.42918
100_37,s2.21165,s1.36697,s351.856848
100_38,s-1.943709,s-0.471164,s76.317652
100_39,s-1.7889,s2.282507,s354.121861
100_40,s-1.783567,s1.605891,s35.245421
100_41,s2.363303,s0.957756,s214.713346
100_42,s-2.218369,s-0.915881,s115.824923
100_43,s-0.865964,s-2.715254,s242.256704
100_44,s-2.023115,s-2.215176,s153.40833
100_45,s1.539398,s2.157024,s334.41392
100_46,s-0.56078,s2.641122,s352.15862
100_47,s2.391934,s-0.883827,s342.58859
100_48,s0.539859,s2.798402,s102.03545
100_49,s3.14502,s0.590636,s36.746496
100_50,s2.864552,s-0.452045,s297.59072
100_51,s2.406737,s-1.790983,s273.36504
100_52,s1.057025,s-2.646733,s184.135559
100_53,s-2.394613,s1.635796,s356.642679
100_54,s-2.905277,s0.747906,s72.500196
100_55,s-1.029026,s-3.345311,s77.506439
100_56,s-1.077656,s2.311095,s6.634927
100_57,s2.682851,s1.650699,s294.589367
100_58,s-2.807388,s1.535765,s66.143347
100_59,s-2.910519,s-0.481016,s52.863442
100_60,s0.539087,s-3.30634,s246.659103
100_61,s3.046104,s-1.26935,s346.454119
100_62,s-2.508949,s-1.986246,s126.411505
100_63,s-2.93107,s-1.622137,s82.261795
100_64,s1.985035,s-2.445841,s275.447764
100_65,s1.200553,s3.340834,s100.302035
100_66,s-2.291591,s2.711294,s338.119892
100_67,s3.187388,s1.183451,s278.967592
100_68,s-1.447782,s3.131521,s10.710101
100_69,s-2.845785,s2.204883,s111.039982
100_70,s-3.328107,s0.382364,s87.537311
100_71,s2.227809,s2.226963,s330.431299
100_72,s-3.373023,s-2.055533,s83.431494
100_73,s3.579258,s-0.937503,s329.234523
100_74,s0.442226,s3.47195,s10.190142
100_75,s1.722208,s-3.331141,s137.944124
100_76,s-3.621853,s-0.452413,s186.833749
100_77,s1.977097,s3.068157,s345.225682
100_78,s-1.829454,s-3.042302,s93.900732
100_79,s3.253774,s-1.962895,s273.354185
100_80,s-0.325149,s3.786064,s131.920094
100_81,s-2.642866,s3.068837,s62.521798
100_82,s1.630583,s3.597735,s69.101863
100_83,s2.725321,s3.129716,s330.762874
100_84,s2.95204,s2.146616,s7.081862
100_85,s2.410285,s-2.872808,s153.463555
100_86,s3.471528,s2.181397,s335.572071
100_87,s-0.231783,s-3.29185,s231.091314
100_88,s2.879316,s-2.323691,s230.103259
100_89,s4.142602,s-0.247685,s338.630898
100_90,s-3.731807,s1.440005,s254.30311
100_91,s1.18635,s4.133107,s345.164607
100_92,s2.81654,s-2.979447,s229.20729
100_93,s2.077396,s-3.764894,s240.696507
100_94,s3.798107,s1.672389,s289.594995
100_95,s4.266966,s1.073779,s316.595207
100_96,s-0.576484,s4.311632,s139.266225
100_97,s-4.016726,s-1.04327,s38.835671
100_98,s-2.12813,s3.62092,s51.486677
100_99,s-1.605121,s-3.609167,s192.198402
101_0,s0.0,s0.0,s224.07799
101_1,s-0.148662,s0.371349,s324.138907
101_2,s-0.433521,s-0.120664,s43.560215
101_3,s0.190827,s-0.673487,s116.327727
101_4,s-0.913799,s-0.259751,s80.095038
101_5,s-0.447068,s0.663423,s97.607334
101_6,s-0.744268,s-0.590394,s194.56315
101_7,s-0.067394,s1.047835,s63.289603
101_8,s0.44541,s0.540009,s230.223708
101_9,s1.095233,s-0.350664,s121.948796
101_10,s0.734919,s-0.948627,s215.942255
101_11,s1.050575,s0.847816,s64.136372
101_12,s1.373843,s0.46374,s347.862517
101_13,s-1.245248,s-0.63981,s125.561183
101_14,s0.338793,s-1.306797,s194.028876
101_15,s-0.179821,s1.640172,s282.801172
101_16,s1.593643,s0.142487,s235.155091
101_17,s1.541295,s-0.929737,s310.83356
101_18,s-1.250661,s-1.151455,s199.265546
101_19,s0.914429,s1.373433,s12.198963
101_20,s-0.990518,s0.917264,s50.454835
101_21,s-1.575529,s0.490109,s161.451982
101_22,s-1.731787,s0.896333,s41.722179
101_23,s-0.4896,s-1.523251,s233.738856
101_24,s-0.59971,s1.855491,s332.670797
101_25,s2.195039,s0.14766,s276.378481
101_26,s-1.046984,s1.820391,s55.830495
101_27,s1.478226,s1.561201,s231.407036
101_28,s1.009852,s-1.784012,s287.529052
101_29,s-1.799898,s-1.265056,s121.541619
101_30,s-0.69012,s-2.088955,s218.237921
101_31,s0.424488,s-2.158659,s199.060667
101_32,s0.943868,s2.260888,s331.390383
101_33,s-1.284294,s-1.908033,s93.051652
101_34,s-2.436729,s1.041563,s178.101692
101_35,s1.524309,s-1.981535,s193.08367
101_36,s2.128314,s-1.213581,s173.42918
101_37,s2.21165,s1.36697,s351.856848
101_38,s-1.943709,s-0.471164,s76.317652
101_39,s-1.7889,s2.282507,s354.121861
101_40,s-1.783567,s1.605891,s35.245421
101_41,s2.363303,s0.957756,s214.713346
101_42,s-2.218369,s-0.915881,s115.824923
101_43,s-0.865964,s-2.715254,s242.256704
101_44,s-2.023115,s-2.215176,s153.40833
101_45,s1.539398,s2.157024,s334.41392
101_46,s-0.56078,s2.641122,s352.15862
101_47,s2.391934,s-0.883827,s342.58859
101_48,s0.539859,s2.798402,s102.03545
101_49,s3.14502,s0.590636,s36.746496
101_50,s2.864552,s-0.452045,s297.59072
101_51,s2.406737,s-1.790983,s273.36504
101_52,s1.057025,s-2.646733,s184.135559
101_53,s-2.394613,s1.635796,s356.642679
101_54,s-2.905277,s0.747906,s72.500196
101_55,s-1.029026,s-3.345311,s77.506439
101_56,s-1.077656,s2.311095,s6.634927
101_57,s2.682851,s1.650699,s294.589367
101_58,s-2.807388,s1.535765,s66.143347
101_59,s-2.910519,s-0.481016,s52.863442
101_60,s0.539087,s-3.30634,s246.659103
101_61,s3.046104,s-1.26935,s346.454119
101_62,s-2.508949,s-1.986246,s126.411505
101_63,s-2.93107,s-1.622137,s82.261795
101_64,s1.985035,s-2.445841,s275.447764
101_65,s1.200553,s3.340834,s100.302035
101_66,s-2.291591,s2.711294,s338.119892
101_67,s3.187388,s1.183451,s278.967592
101_68,s-1.447782,s3.131521,s10.710101
101_69,s-2.845785,s2.204883,s111.039982
101_70,s-3.328107,s0.382364,s87.537311
101_71,s2.227809,s2.226963,s330.431299
101_72,s-3.373023,s-2.055533,s83.431494
101_73,s3.579258,s-0.937503,s329.234523
101_74,s0.442226,s3.47195,s10.190142
101_75,s1.722208,s-3.331141,s137.944124
101_76,s-3.621853,s-0.452413,s186.833749
101_77,s1.977097,s3.068157,s345.225682
101_78,s-1.829454,s-3.042302,s93.900732
101_79,s3.253774,s-1.962895,s273.354185
101_80,s-0.325149,s3.786064,s131.920094
101_81,s-2.642866,s3.068837,s62.521798
101_82,s1.630583,s3.597735,s69.101863
101_83,s2.725321,s3.129716,s330.762874
101_84,s2.95204,s2.146616,s7.081862
101_85,s2.410285,s-2.872808,s153.463555
101_86,s3.471528,s2.181397,s335.572071
101_87,s-0.231783,s-3.29185,s231.091314
101_88,s2.879316,s-2.323691,s230.103259
101_89,s4.142602,s-0.247685,s338.630898
101_90,s-3.731807,s1.440005,s254.30311
101_91,s1.18635,s4.133107,s345.164607
101_92,s2.81654,s-2.979447,s229.20729
101_93,s2.077396,s-3.764894,s240.696507
101_94,s3.798107,s1.672389,s289.594995
101_95,s4.266966,s1.073779,s316.595207
101_96,s-0.576484,s4.311632,s139.266225
101_97,s-4.016726,s-1.04327,s38.835671
101_98,s-2.12813,s3.62092,s51.486677
101_99,s-1.605121,s-3.609167,s192.198402
101_100,s-2.057409,s-3.604105,s97.529507
102_0,s0.0,s0.0,s224.07799
102_1,s-0.148662,s0.371349,s324.138907
102_2,s-0.433521,s-0.120664,s43.560215
102_3,s0.190827,s-0.673487,s116.327727
102_4,s-0.913799,s-0.259751,s80.095038
102_5,s-0.447068,s0.663423,s97.607334
102_6,s-0.744268,s-0.590394,s194.56315
102_7,s-0.067394,s1.047835,s63.289603
102_8,s0.44541,s0.540009,s230.223708
102_9,s1.095233,s-0.350664,s121.948796
102_10,s0.734919,s-0.948627,s215.942255
102_11,s1.050575,s0.847816,s64.136372
102_12,s1.373843,s0.46374,s347.862517
102_13,s-1.245248,s-0.63981,s125.561183
102_14,s0.338793,s-1.306797,s194.028876
102_15,s-0.179821,s1.640172,s282.801172
102_16,s1.593643,s0.142487,s235.155091
102_17,s1.541295,s-0.929737,s310.83356
102_18,s-1.250661,s-1.151455,s199.265546
102_19,s0.914429,s1.373433,s12.198963
102_20,s-0.990518,s0.917264,s50.454835
102_21,s-1.575529,s0.490109,s161.451982
102_22,s-1.731787,s0.896333,s41.722179
102_23,s-0.4896,s-1.523251,s233.738856
102_24,s-0.59971,s1.855491,s332.670797
102_25,s2.195039,s0.14766,s276.378481
102_26,s-1.046984,s1.820391,s55.830495
102_27,s1.478226,s1.561201,s231.407036
102_28,s1.009852,s-1.784012,s287.529052
102_29,s-1.799898,s-1.265056,s121.541619
102_30,s-0.69012,s-2.088955,s218.237921
102_31,s0.424488,s-2.158659,s199.060667
102_32,s0.943868,s2.260888,s331.390383
102_33,s-1.284294,s-1.908033,s93.051652
102_34,s-2.436729,s1.041563,s178.101692
102_35,s1.524309,s-1.981535,s193.08367
102_36,s2.128314,s-1.213581,s173.42918
102_37,s2.21165,s1.36697,s351.856848
102_38,s-1.943709,s-0.471164,s76.317652
102_39,s-1.7889,s2.282507,s354.121861
102_40,s-1.783567,s1.605891,s35.245421
102_41,s2.363303,s0.957756,s214.713346
102_42,s-2.218369,s-0.915881,s115.824923
102_43,s-0.865964,s-2.715254,s242.256704
102_44,s-2.023115,s-2.215176,s153.40833
102_45,s1.539398,s2.157024,s334.41392
102_46,s-0.56078,s2.641122,s352.15862
102_47,s2.391934,s-0.883827,s342.58859
102_48,s0.539859,s2.798402,s102.03545
102_49,s3.14502,s0.590636,s36.746496
102_50,s2.864552,s-0.452045,s297.59072
102_51,s2.406737,s-1.790983,s273.36504
102_52,s1.057025,s-2.646733,s184.135559
102_53,s-2.394613,s1.635796,s356.642679
102_54,s-2.905277,s0.747906,s72.500196
102_55,s-1.029026,s-3.345311,s77.506439
102_56,s-1.077656,s2.311095,s6.634927
102_57,s2.682851,s1.650699,s294.589367
102_58,s-2.807388,s1.535765,s66.143347
102_59,s-2.910519,s-0.481016,s52.863442
102_60,s0.539087,s-3.30634,s246.659103
102_61,s3.046104,s-1.26935,s346.454119
102_62,s-2.508949,s-1.986246,s126.411505
102_63,s-2.93107,s-1.622137,s82.261795
102_64,s1.985035,s-2.445841,s275.447764
102_65,s1.200553,s3.340834,s100.302035
102_66,s-2.291591,s2.711294,s338.119892
102_67,s3.187388,s1.183451,s278.967592
102_68,s-1.447782,s3.131521,s10.710101
102_69,s-2.845785,s2.204883,s111.039982
102_70,s-3.328107,s0.382364,s87.537311
102_71,s2.227809,s2.226963,s330.431299
102_72,s-3.373023,s-2.055533,s83.431494
102_73,s3.579258,s-0.937503,s329.234523
102_74,s0.442226,s3.47195,s10.190142
102_75,s1.722208,s-3.331141,s137.944124
102_76,s-3.621853,s-0.452413,s186.833749
102_77,s1.977097,s3.068157,s345.225682
102_78,s-1.829454,s-3.042302,s93.900732
102_79,s3.253774,s-1.962895,s273.354185
102_80,s-0.325149,s3.786064,s131.920094
102_81,s-2.642866,s3.068837,s62.521798
102_82,s1.630583,s3.597735,s69.101863
102_83,s2.725321,s3.129716,s330.762874
102_84,s2.95204,s2.146616,s7.081862
102_85,s2.410285,s-2.872808,s153.463555
102_86,s3.471528,s2.181397,s335.572071
102_87,s-0.231783,s-3.29185,s231.091314
102_88,s2.879316,s-2.323691,s230.103259
102_89,s4.142602,s-0.247685,s338.630898
102_90,s-3.731807,s1.440005,s254.30311
102_91,s1.18635,s4.133107,s345.164607
102_92,s2.81654,s-2.979447,s229.20729
102_93,s2.077396,s-3.764894,s240.696507
102_94,s3.798107,s1.672389,s289.594995
102_95,s4.266966,s1.073779,s316.595207
102_96,s-0.576484,s4.311632,s139.266225
102_97,s-4.016726,s-1.04327,s38.835671
102_98,s-2.12813,s3.62092,s51.486677
102_99,s-1.605121,s-3.609167,s192.198402
102_100,s-2.057409,s-3.604105,s97.529507
102_101,s3.761321,s-1.501655,s322.282092
103_0,s0.0,s0.0,s224.07799
103_1,s-0.148662,s0.371349,s324.138907
103_2,s-0.433521,s-0.120664,s43.560215
103_3,s0.190827,s-0.673487,s116.327727
103_4,s-0.913799,s-0.259751,s80.095038
103_5,s-0.447068,s0.663423,s97.607334
103_6,s-0.744268,s-0.590394,s194.56315
103_7,s-0.067394,s1.047835,s63.289603
103_8,s0.44541,s0.540009,s230.223708
103_9,s1.095233,s-0.350664,s121.948796
103_10,s0.734919,s-0.948627,s215.942255
103_11,s1.050575,s0.847816,s64.136372
103_12,s1.373843,s0.46374,s347.862517
103_13,s-1.245248,s-0.63981,s125.561183
103_14,s0.338793,s-1.306797,s194.028876
103_15,s-0.179821,s1.640172,s282.801172
103_16,s1.593643,s0.142487,s235.155091
103_17,s1.541295,s-0.929737,s310.83356
103_18,s-1.250661,s-1.151455,s199.265546
103_19,s0.914429,s1.373433,s12.198963
103_20,s-0.990518,s0.917264,s50.454835
103_21,s-1.575529,s0.490109,s161.451982
103_22,s-1.731787,s0.896333,s41.722179
103_23,s-0.4896,s-1.523251,s233.738856
103_24,s-0.59971,s1.855491,s332.670797
103_25,s2.195039,s0.14766,s276.378481
103_26,s-1.046984,s1.820391,s55.830495
103_27,s1.478226,s1.561201,s231.407036
103_28,s1.009852,s-1.784012,s287.529052
103_29,s-1.799898,s-1.265056,s121.541619
103_30,s-0.69012,s-2.088955,s218.237921
103_31,s0.424488,s-2.158659,s199.060667
103_32,s0.943868,s2.260888,s331.390383
103_33,s-1.284294,s-1.908033,s93.051652
103_34,s-2.436729,s1.041563,s178.101692
103_35,s1.524309,s-1.981535,s193.08367
103_36,s2.128314,s-1.213581,s173.42918
103_37,s2.21165,s1.36697,s351.856848
103_38,s-1.943709,s-0.471164,s76.317652
103_39,s-1.7889,s2.282507,s354.121861
103_40,s-1.783567,s1.605891,s35.245421
103_41,s2.363303,s0.957756,s214.713346
103_42,s-2.218369,s-0.915881,s115.824923
103_43,s-0.865964,s-2.715254,s242.256704
103_44,s-2.023115,s-2.215176,s153.40833
103_45,s1.539398,s2.157024,s334.41392
103_46,s-0.56078,s2.641122,s352.15862
103_47,s2.391934,s-0.883827,s342.58859
103_48,s0.539859,s2.798402,s102.03545
103_49,s3.14502,s0.590636,s36.746496
103_50,s2.864552,s-0.452045,s297.59072
103_51,s2.406737,s-1.790983,s273.36504
103_52,s1.057025,s-2.646733,s184.135559
103_53,s-2.394613,s1.635796,s356.642679
103_54,s-2.905277,s0.747906,s72.500196
103_55,s-1.029026,s-3.345311,s77.506439
103_56,s-1.077656,s2.311095,s6.634927
103_57,s2.682851,s1.650699,s294.589367
103_58,s-2.807388,s1.535765,s66.143347
103_59,s-2.910519,s-0.481016,s52.863442
103_60,s0.539087,s-3.30634,s246.659103
103_61,s3.046104,s-1.26935,s346.454119
103_62,s-2.508949,s-1.986246,s126.411505
103_63,s-2.93107,s-1.622137,s82.261795
103_64,s1.985035,s-2.445841,s275.447764
103_65,s1.200553,s3.340834,s100.302035
103_66,s-2.291591,s2.711294,s338.119892
103_67,s3.187388,s1.183451,s278.967592
103_68,s-1.447782,s3.131521,s10.710101
103_69,s-2.845785,s2.204883,s111.039982
103_70,s-3.328107,s0.382364,s87.537311
103_71,s2.227809,s2.226963,s330.431299
103_72,s-3.373023,s-2.055533,s83.431494
103_73,s3.579258,s-0.937503,s329.234523
103_74,s0.442226,s3.47195,s10.190142
103_75,s1.722208,s-3.331141,s137.944124
103_76,s-3.621853,s-0.452413,s186.833749
103_77,s1.977097,s3.068157,s345.225682
103_78,s-1.829454,s-3.042302,s93.900732
103_79,s3.253774,s-1.962895,s273.354185
103_80,s-0.325149,s3.786064,s131.920094
103_81,s-2.642866,s3.068837,s62.521798
103_82,s1.630583,s3.597735,s69.101863
103_83,s2.725321,s3.129716,s330.762874
103_84,s2.95204,s2.146616,s7.081862
103_85,s2.410285,s-2.872808,s153.463555
103_86,s3.471528,s2.181397,s335.572071
103_87,s-0.231783,s-3.29185,s231.091314
103_88,s2.879316,s-2.323691,s230.103259
103_89,s4.142602,s-0.247685,s338.630898
103_90,s-3.731807,s1.440005,s254.30311
103_91,s1.18635,s4.133107,s345.164607
103_92,s2.81654,s-2.979447,s229.20729
103_93,s2.077396,s-3.764894,s240.696507
103_94,s3.798107,s1.672389,s289.594995
103_95,s4.266966,s1.073779,s316.595207
103_96,s-0.576484,s4.311632,s139.266225
103_97,s-4.016726,s-1.04327,s38.835671
103_98,s-2.12813,s3.62092,s51.486677
103_99,s-1.605121,s-3.609167,s192.198402
103_100,s-2.057409,s-3.604105,s97.529507
103_101,s3.761321,s-1.501655,s322.282092
103_102,s-3.11213,s2.669204,s69.175553
104_0,s0.0,s0.0,s224.07799
104_1,s-0.148662,s0.371349,s324.138907
104_2,s-0.433521,s-0.120664,s43.560215
104_3,s0.190827,s-0.673487,s116.327727
104_4,s-0.913799,s-0.259751,s80.095038
104_5,s-0.447068,s0.663423,s97.607334
104_6,s-0.744268,s-0.590394,s194.56315
104_7,s-0.067394,s1.047835,s63.289603
104_8,s0.44541,s0.540009,s230.223708
104_9,s1.095233,s-0.350664,s121.948796
104_10,s0.734919,s-0.948627,s215.942255
104_11,s1.050575,s0.847816,s64.136372
104_12,s1.373843,s0.46374,s347.862517
104_13,s-1.245248,s-0.63981,s125.561183
104_14,s0.338793,s-1.306797,s194.028876
104_15,s-0.179821,s1.640172,s282.801172
104_16,s1.593643,s0.142487,s235.155091
104_17,s1.541295,s-0.929737,s310.83356
104_18,s-1.250661,s-1.151455,s199.265546
104_19,s0.914429,s1.373433,s12.198963
104_20,s-0.990518,s0.917264,s50.454835
104_21,s-1.575529,s0.490109,s161.451982
104_22,s-1.731787,s0.896333,s41.722179
104_23,s-0.4896,s-1.523251,s233.738856
104_24,s-0.59971,s1.855491,s332.670797
104_25,s2.195039,s0.14766,s276.378481
104_26,s-1.046984,s1.820391,s55.830495
104_27,s1.478226,s1.561201,s231.407036
104_28,s1.009852,s-1.784012,s287.529052
104_29,s-1.799898,s-1.265056,s121.541619
104_30,s-0.69012,s-2.088955,s218.237921
104_31,s0.424488,s-2.158659,s199.060667
104_32,s0.943868,s2.260888,s331.390383
104_33,s-1.284294,s-1.908033,s93.051652
104_34,s-2.436729,s1.041563,s178.101692
104_35,s1.524309,s-1.981535,s193.08367
104_36,s2.128314,s-1.213581,s173.42918
104_37,s2.21165,s1.36697,s351.856848
104_38,s-1.943709,s-0.471164,s76.317652
104_39,s-1.7889,s2.282507,s354.121861
104_40,s-1.783567,s1.605891,s35.245421
104_41,s2.363303,s0.957756,s214.713346
104_42,s-2.218369,s-0.915881,s115.824923
104_43,s-0.865964,s-2.715254,s242.256704
104_44,s-2.023115,s-2.215176,s153.40833
104_45,s1.539398,s2.157024,s334.41392
104_46,s-0.56078,s2.641122,s352.15862
104_47,s2.391934,s-0.883827,s342.58859
104_48,s0.539859,s2.798402,s102.03545
104_49,s3.14502,s0.590636,s36.746496
104_50,s2.864552,s-0.452045,s297.59072
104_51,s2.406737,s-1.790983,s273.36504
104_52,s1.057025,s-2.646733,s184.135559
104_53,s-2.394613,s1.635796,s356.642679
104_54,s-2.905277,s0.747906,s72.500196
104_55,s-1.029026,s-3.345311,s77.506439
104_56,s-1.077656,s2.311095,s6.634927
104_57,s2.682851,s1.650699,s294.589367
104_58,s-2.807388,s1.535765,s66.143347
104_59,s-2.910519,s-0.481016,s52.863442
104_60,s0.539087,s-3.30634,s246.659103
104_61,s3.046104,s-1.26935,s346.454119
104_62,s-2.508949,s-1.986246,s126.411505
104_63,s-2.93107,s-1.622137,s82.261795
104_64,s1.985035,s-2.445841,s275.447764
104_65,s1.200553,s3.340834,s100.302035
104_66,s-2.291591,s2.711294,s338.119892
104_67,s3.187388,s1.183451,s278.967592
104_68,s-1.447782,s3.131521,s10.710101
104_69,s-2.845785,s2.204883,s111.039982
104_70,s-3.328107,s0.382364,s87.537311
104_71,s2.227809,s2.226963,s330.431299
104_72,s-3.373023,s-2.055533,s83.431494
104_73,s3.579258,s-0.937503,s329.234523
104_74,s0.442226,s3.47195,s10.190142
104_75,s1.722208,s-3.331141,s137.944124
104_76,s-3.621853,s-0.452413,s186.833749
104_77,s1.977097,s3.068157,s345.225682
104_78,s-1.829454,s-3.042302,s93.900732
104_79,s3.253774,s-1.962895,s273.354185
104_80,s-0.325149,s3.786064,s131.920094
104_81,s-2.642866,s3.068837,s62.521798
104_82,s1.630583,s3.597735,s69.101863
104_83,s2.725321,s3.129716,s330.762874
104_84,s2.95204,s2.146616,s7.081862
104_85,s2.410285,s-2.872808,s153.463555
104_86,s3.471528,s2.181397,s335.572071
104_87,s-0.231783,s-3.29185,s231.091314
104_88,s2.879316,s-2.323691,s230.103259
104_89,s4.142602,s-0.247685,s338.630898
104_90,s-3.731807,s1.440005,s254.30311
104_91,s1.18635,s4.133107,s345.164607
104_92,s2.81654,s-2.979447,s229.20729
104_93,s2.077396,s-3.764894,s240.696507
104_94,s3.798107,s1.672389,s289.594995
104_95,s4.266966,s1.073779,s316.595207
104_96,s-0.576484,s4.311632,s139.266225
104_97,s-4.016726,s-1.04327,s38.835671
104_98,s-2.12813,s3.62092,s51.486677
104_99,s-1.605121,s-3.609167,s192.198402
104_100,s-2.057409,s-3.604105,s97.529507
104_101,s3.761321,s-1.501655,s322.282092
104_102,s-3.11213,s2.669204,s69.175553
104_103,s3.612748,s-2.92755,s264.083497
105_0,s0.0,s0.0,s224.07799
105_1,s-0.148662,s0.371349,s324.138907
105_2,s-0.433521,s-0.120664,s43.560215
105_3,s0.190827,s-0.673487,s116.327727
105_4,s-0.913799,s-0.259751,s80.095038
105_5,s-0.447068,s0.663423,s97.607334
105_6,s-0.744268,s-0.590394,s194.56315
105_7,s-0.067394,s1.047835,s63.289603
105_8,s0.44541,s0.540009,s230.223708
105_9,s1.095233,s-0.350664,s121.948796
105_10,s0.734919,s-0.948627,s215.942255
105_11,s1.050575,s0.847816,s64.136372
105_12,s1.373843,s0.46374,s347.862517
105_13,s-1.245248,s-0.63981,s125.561183
105_14,s0.338793,s-1.306797,s194.028876
105_15,s-0.179821,s1.640172,s282.801172
105_16,s1.593643,s0.142487,s235.155091
105_17,s1.541295,s-0.929737,s310.83356
105_18,s-1.250661,s-1.151455,s199.265546
105_19,s0.914429,s1.373433,s12.198963
105_20,s-0.990518,s0.917264,s50.454835
105_21,s-1.575529,s0.490109,s161.451982
105_22,s-1.731787,s0.896333,s41.722179
105_23,s-0.4896,s-1.523251,s233.738856
105_24,s-0.59971,s1.855491,s332.670797
105_25,s2.195039,s0.14766,s276.378481
105_26,s-1.046984,s1.820391,s55.830495
105_27,s1.478226,s1.561201,s231.407036
105_28,s1.009852,s-1.784012,s287.529052
105_29,s-1.799898,s-1.265056,s121.541619
105_30,s-0.69012,s-2.088955,s218.237921
105_31,s0.424488,s-2.158659,s199.060667
105_32,s0.943868,s2.260888,s331.390383
105_33,s-1.284294,s-1.908033,s93.051652
105_34,s-2.436729,s1.041563,s178.101692
105_35,s1.524309,s-1.981535,s193.08367
105_36,s2.128314,s-1.213581,s173.42918
105_37,s2.21165,s1.36697,s351.856848
105_38,s-1.943709,s-0.471164,s76.317652
105_39,s-1.7889,s2.282507,s354.121861
105_40,s-1.783567,s1.605891,s35.245421
105_41,s2.363303,s0.957756,s214.713346
105_42,s-2.218369,s-0.915881,s115.824923
105_43,s-0.865964,s-2.715254,s242.256704
105_44,s-2.023115,s-2.215176,s153.40833
105_45,s1.539398,s2.157024,s334.41392
105_46,s-0.56078,s2.641122,s352.15862
105_47,s2.391934,s-0.883827,s342.58859
105_48,s0.539859,s2.798402,s102.03545
105_49,s3.14502,s0.590636,s36.746496
105_50,s2.864552,s-0.452045,s297.59072
105_51,s2.406737,s-1.790983,s273.36504
105_52,s1.057025,s-2.646733,s184.135559
105_53,s-2.394613,s1.635796,s356.642679
105_54,s-2.905277,s0.747906,s72.500196
105_55,s-1.029026,s-3.345311,s77.506439
105_56,s-1.077656,s2.311095,s6.634927
105_57,s2.682851,s1.650699,s294.589367
105_58,s-2.807388,s1.535765,s66.143347
105_59,s-2.910519,s-0.481016,s52.863442
105_60,s0.539087,s-3.30634,s246.659103
105_61,s3.046104,s-1.26935,s346.454119
105_62,s-2.508949,s-1.986246,s126.411505
105_63,s-2.93107,s-1.622137,s82.261795
105_64,s1.985035,s-2.445841,s275.447764
105_65,s1.200553,s3.340834,s100.302035
105_66,s-2.291591,s2.711294,s338.119892
105_67,s3.187388,s1.183451,s278.967592
105_68,s-1.447782,s3.131521,s10.710101
105_69,s-2.845785,s2.204883,s111.039982
105_70,s-3.328107,s0.382364,s87.537311
105_71,s2.227809,s2.226963,s330.431299
105_72,s-3.373023,s-2.055533,s83.431494
105_73,s3.579258,s-0.937503,s329.234523
105_74,s0.442226,s3.47195,s10.190142
105_75,s1.722208,s-3.331141,s137.944124
105_76,s-3.621853,s-0.452413,s186.833749
105_77,s1.977097,s3.068157,s345.225682
105_78,s-1.829454,s-3.042302,s93.900732
105_79,s3.253774,s-1.962895,s273.354185
105_80,s-0.325149,s3.786064,s131.920094
105_81,s-2.642866,s3.068837,s62.521798
105_82,s1.630583,s3.597735,s69.101863
105_83,s2.725321,s3.129716,s330.762874
105_84,s2.95204,s2.146616,s7.081862
105_85,s2.410285,s-2.872808,s153.463555
105_86,s3.471528,s2.181397,s335.572071
105_87,s-0.231783,s-3.29185,s231.091314
105_88,s2.879316,s-2.323691,s230.103259
105_89,s4.142602,s-0.247685,s338.630898
105_90,s-3.731807,s1.440005,s254.30311
105_91,s1.18635,s4.133107,s345.164607
105_92,s2.81654,s-2.979447,s229.20729
105_93,s2.077396,s-3.764894,s240.696507
105_94,s3.798107,s1.672389,s289.594995
105_95,s4.266966,s1.073779,s316.595207
105_96,s-0.576484,s4.311632,s139.266225
105_97,s-4.016726,s-1.04327,s38.835671
105_98,s-2.12813,s3.62092,s51.486677
105_99,s-1.605121,s-3.609167,s192.198402
105_100,s-2.057409,s-3.604105,s97.529507
105_101,s3.761321,s-1.501655,s322.282092
105_102,s-3.11213,s2.669204,s69.175553
105_103,s3.612748,s-2.92755,s264.083497
105_104,s0.498426,s-3.968825,s293.549509
106_0,s0.0,s0.0,s224.07799
106_1,s-0.148662,s0.371349,s324.138907
106_2,s-0.433521,s-0.120664,s43.560215
106_3,s0.190827,s-0.673487,s116.327727
106_4,s-0.913799,s-0.259751,s80.095038
106_5,s-0.447068,s0.663423,s97.607334
106_6,s-0.744268,s-0.590394,s194.56315
106_7,s-0.067394,s1.047835,s63.289603
106_8,s0.44541,s0.540009,s230.223708
106_9,s1.095233,s-0.350664,s121.948796
106_10,s0.734919,s-0.948627,s215.942255
106_11,s1.050575,s0.847816,s64.136372
106_12,s1.373843,s0.46374,s347.862517
106_13,s-1.245248,s-0.63981,s125.561183
106_14,s0.338793,s-1.306797,s194.028876
106_15,s-0.179821,s1.640172,s282.801172
106_16,s1.593643,s0.142487,s235.155091
106_17,s1.541295,s-0.929737,s310.83356
106_18,s-1.250661,s-1.151455,s199.265546
106_19,s0.914429,s1.373433,s12.198963
106_20,s-0.990518,s0.917264,s50.454835
106_21,s-1.575529,s0.490109,s161.451982
106_22,s-1.731787,s0.896333,s41.722179
106_23,s-0.4896,s-1.523251,s233.738856
106_24,s-0.59971,s1.855491,s332.670797
106_25,s2.195039,s0.14766,s276.378481
106_26,s-1.046984,s1.820391,s55.830495
106_27,s1.478226,s1.561201,s231.407036
106_28,s1.009852,s-1.784012,s287.529052
106_29,s-1.799898,s-1.265056,s121.541619
106_30,s-0.69012,s-2.088955,s218.237921
106_31,s0.424488,s-2.158659,s199.060667
106_32,s0.943868,s2.260888,s331.390383
106_33,s-1.284294,s-1.908033,s93.051652
106_34,s-2.436729,s1.041563,s178.101692
106_35,s1.524309,s-1.981535,s193.08367
106_36,s2.128314,s-1.213581,s173.42918
106_37,s2.21165,s1.36697,s351.856848
106_38,s-1.943709,s-0.471164,s76.317652
106_39,s-1.7889,s2.282507,s354.121861
106_40,s-1.783567,s1.605891,s35.245421
106_41,s2.363303,s0.957756,s214.713346
106_42,s-2.218369,s-0.915881,s115.824923
106_43,s-0.865964,s-2.715254,s242.256704
106_44,s-2.023115,s-2.215176,s153.40833
106_45,s1.539398,s2.157024,s334.41392
106_46,s-0.56078,s2.641122,s352.15862
106_47,s2.391934,s-0.883827,s342.58859
106_48,s0.539859,s2.798402,s102.03545
106_49,s3.14502,s0.590636,s36.746496
106_50,s2.864552,s-0.452045,s297.59072
106_51,s2.406737,s-1.790983,s273.36504
106_52,s1.057025,s-2.646733,s184.135559
106_53,s-2.394613,s1.635796,s356.642679
106_54,s-2.905277,s0.747906,s72.500196
106_55,s-1.029026,s-3.345311,s77.506439
106_56,s-1.077656,s2.311095,s6.634927
106_57,s2.682851,s1.650699,s294.589367
106_58,s-2.807388,s1.535765,s66.143347
106_59,s-2.910519,s-0.481016,s52.863442
106_60,s0.539087,s-3.30634,s246.659103
106_61,s3.046104,s-1.26935,s346.454119
106_62,s-2.508949,s-1.986246,s126.411505
106_63,s-2.93107,s-1.622137,s82.261795
106_64,s1.985035,s-2.445841,s275.447764
106_65,s1.200553,s3.340834,s100.302035
106_66,s-2.291591,s2.711294,s338.119892
106_67,s3.187388,s1.183451,s278.967592
106_68,s-1.447782,s3.131521,s10.710101
106_69,s-2.845785,s2.204883,s111.039982
106_70,s-3.328107,s0.382364,s87.537311
106_71,s2.227809,s2.226963,s330.431299
106_72,s-3.373023,s-2.055533,s83.431494
106_73,s3.579258,s-0.937503,s329.234523
106_74,s0.442226,s3.47195,s10.190142
106_75,s1.722208,s-3.331141,s137.944124
106_76,s-3.621853,s-0.452413,s186.833749
106_77,s1.977097,s3.068157,s345.225682
106_78,s-1.829454,s-3.042302,s93.900732
106_79,s3.253774,s-1.962895,s273.354185
106_80,s-0.325149,s3.786064,s131.920094
106_81,s-2.642866,s3.068837,s62.521798
106_82,s1.630583,s3.597735,s69.101863
106_83,s2.725321,s3.129716,s330.762874
106_84,s2.95204,s2.146616,s7.081862
106_85,s2.410285,s-2.872808,s153.463555
106_86,s3.471528,s2.181397,s335.572071
106_87,s-0.231783,s-3.29185,s231.091314
106_88,s2.879316,s-2.323691,s230.103259
106_89,s4.142602,s-0.247685,s338.630898
106_90,s-3.731807,s1.440005,s254.30311
106_91,s1.18635,s4.133107,s345.164607
106_92,s2.81654,s-2.979447,s229.20729
106_93,s2.077396,s-3.764894,s240.696507
106_94,s3.798107,s1.672389,s289.594995
106_95,s4.266966,s1.073779,s316.595207
106_96,s-0.576484,s4.311632,s139.266225
106_97,s-4.016726,s-1.04327,s38.835671
106_98,s-2.12813,s3.62092,s51.486677
106_99,s-1.605121,s-3.609167,s192.198402
106_100,s-2.057409,s-3.604105,s97.529507
106_101,s3.761321,s-1.501655,s322.282092
106_102,s-3.11213,s2.669204,s69.175553
106_103,s3.612748,s-2.92755,s264.083497
106_104,s0.498426,s-3.968825,s293.549509
106_105,s-0.944496,s-3.938328,s323.950988
107_0,s0.0,s0.0,s224.07799
107_1,s-0.148662,s0.371349,s324.138907
107_2,s-0.433521,s-0.120664,s43.560215
107_3,s0.190827,s-0.673487,s116.327727
107_4,s-0.913799,s-0.259751,s80.095038
107_5,s-0.447068,s0.663423,s97.607334
107_6,s-0.744268,s-0.590394,s194.56315
107_7,s-0.067394,s1.047835,s63.289603
107_8,s0.44541,s0.540009,s230.223708
107_9,s1.095233,s-0.350664,s121.948796
107_10,s0.734919,s-0.948627,s215.942255
107_11,s1.050575,s0.847816,s64.136372
107_12,s1.373843,s0.46374,s347.862517
107_13,s-1.245248,s-0.63981,s125.561183
107_14,s0.338793,s-1.306797,s194.028876
107_15,s-0.179821,s1.640172,s282.801172
107_16,s1.593643,s0.142487,s235.155091
107_17,s1.541295,s-0.929737,s310.83356
107_18,s-1.250661,s-1.151455,s199.265546
107_19,s0.914429,s1.373433,s12.198963
107_20,s-0.990518,s0.917264,s50.454835
107_21,s-1.575529,s0.490109,s161.451982
107_22,s-1.731787,s0.896333,s41.722179
107_23,s-0.4896,s-1.523251,s233.738856
107_24,s-0.59971,s1.855491,s332.670797
107_25,s2.195039,s0.14766,s276.378481
107_26,s-1.046984,s1.820391,s55.830495
107_27,s1.478226,s1.561201,s231.407036
107_28,s1.009852,s-1.784012,s287.529052
107_29,s-1.799898,s-1.265056,s121.541619
107_30,s-0.69012,s-2.088955,s218.237921
107_31,s0.424488,s-2.158659,s199.060667
107_32,s0.943868,s2.260888,s331.390383
107_33,s-1.284294,s-1.908033,s93.051652
107_34,s-2.436729,s1.041563,s178.101692
107_35,s1.524309,s-1.981535,s193.08367
107_36,s2.128314,s-1.213581,s173.42918
107_37,s2.21165,s1.36697,s351.856848
107_38,s-1.943709,s-0.471164,s76.317652
107_39,s-1.7889,s2.282507,s354.121861
107_40,s-1.783567,s1.605891,s35.245421
107_41,s2.363303,s0.957756,s214.713346
107_42,s-2.218369,s-0.915881,s115.824923
107_43,s-0.865964,s-2.715254,s242.256704
107_44,s-2.023115,s-2.215176,s153.40833
107_45,s1.539398,s2.157024,s334.41392
107_46,s-0.56078,s2.641122,s352.15862
107_47,s2.391934,s-0.883827,s342.58859
107_48,s0.539859,s2.798402,s102.03545
107_49,s3.14502,s0.590636,s36.746496
107_50,s2.864552,s-0.452045,s297.59072
107_51,s2.406737,s-1.790983,s273.36504
107_52,s1.057025,s-2.646733,s184.135559
107_53,s-2.394613,s1.635796,s356.642679
107_54,s-2.905277,s0.747906,s72.500196
107_55,s-1.029026,s-3.345311,s77.506439
107_56,s-1.077656,s2.311095,s6.634927
107_57,s2.682851,s1.650699,s294.589367
107_58,s-2.807388,s1.535765,s66.143347
107_59,s-2.910519,s-0.481016,s52.863442
107_60,s0.539087,s-3.30634,s246.659103
107_61,s3.046104,s-1.26935,s346.454119
107_62,s-2.508949,s-1.986246,s126.411505
107_63,s-2.93107,s-1.622137,s82.261795
107_64,s1.985035,s-2.445841,s275.447764
107_65,s1.200553,s3.340834,s100.302035
107_66,s-2.291591,s2.711294,s338.119892
107_67,s3.187388,s1.183451,s278.967592
107_68,s-1.447782,s3.131521,s10.710101
107_69,s-2.845785,s2.204883,s111.039982
107_70,s-3.328107,s0.382364,s87.537311
107_71,s2.227809,s2.226963,s330.431299
107_72,s-3.373023,s-2.055533,s83.431494
107_73,s3.579258,s-0.937503,s329.234523
107_74,s0.442226,s3.47195,s10.190142
107_75,s1.722208,s-3.331141,s137.944124
107_76,s-3.621853,s-0.452413,s186.833749
107_77,s1.977097,s3.068157,s345.225682
107_78,s-1.829454,s-3.042302,s93.900732
107_79,s3.253774,s-1.962895,s273.354185
107_80,s-0.325149,s3.786064,s131.920094
107_81,s-2.642866,s3.068837,s62.521798
107_82,s1.630583,s3.597735,s69.101863
107_83,s2.725321,s3.129716,s330.762874
107_84,s2.95204,s2.146616,s7.081862
107_85,s2.410285,s-2.872808,s153.463555
107_86,s3.471528,s2.181397,s335.572071
107_87,s-0.231783,s-3.29185,s231.091314
107_88,s2.879316,s-2.323691,s230.103259
107_89,s4.142602,s-0.247685,s338.630898
107_90,s-3.731807,s1.440005,s254.30311
107_91,s1.18635,s4.133107,s345.164607
107_92,s2.81654,s-2.979447,s229.20729
107_93,s2.077396,s-3.764894,s240.696507
107_94,s3.798107,s1.672389,s289.594995
107_95,s4.266966,s1.073779,s316.595207
107_96,s-0.576484,s4.311632,s139.266225
107_97,s-4.016726,s-1.04327,s38.835671
107_98,s-2.12813,s3.62092,s51.486677
107_99,s-1.605121,s-3.609167,s192.198402
107_100,s-2.057409,s-3.604105,s97.529507
107_101,s3.761321,s-1.501655,s322.282092
107_102,s-3.11213,s2.669204,s69.175553
107_103,s3.612748,s-2.92755,s264.083497
107_104,s0.498426,s-3.968825,s293.549509
107_105,s-0.944496,s-3.938328,s323.950988
107_106,s-3.905641,s2.02632,s347.918465
108_0,s0.0,s0.0,s224.07799
108_1,s-0.148662,s0.371349,s324.138907
108_2,s-0.433521,s-0.120664,s43.560215
108_3,s0.190827,s-0.673487,s116.327727
108_4,s-0.913799,s-0.259751,s80.095038
108_5,s-0.447068,s0.663423,s97.607334
108_6,s-0.744268,s-0.590394,s194.56315
108_7,s-0.067394,s1.047835,s63.289603
108_8,s0.44541,s0.540009,s230.223708
108_9,s1.095233,s-0.350664,s121.948796
108_10,s0.734919,s-0.948627,s215.942255
108_11,s1.050575,s0.847816,s64.136372
108_12,s1.373843,s0.46374,s347.862517
108_13,s-1.245248,s-0.63981,s125.561183
108_14,s0.338793,s-1.306797,s194.028876
108_15,s-0.179821,s1.640172,s282.801172
108_16,s1.593643,s0.142487,s235.155091
108_17,s1.541295,s-0.929737,s310.83356
108_18,s-1.250661,s-1.151455,s199.265546
108_19,s0.914429,s1.373433,s12.198963
108_20,s-0.990518,s0.917264,s50.454835
108_21,s-1.575529,s0.490109,s161.451982
108_22,s-1.731787,s0.896333,s41.722179
108_23,s-0.4896,s-1.523251,s233.738856
108_24,s-0.59971,s1.855491,s332.670797
108_25,s2.195039,s0.14766,s276.378481
108_26,s-1.046984,s1.820391,s55.830495
108_27,s1.478226,s1.561201,s231.407036
108_28,s1.009852,s-1.784012,s287.529052
108_29,s-1.799898,s-1.265056,s121.541619
108_30,s-0.69012,s-2.088955,s218.237921
108_31,s0.424488,s-2.158659,s199.060667
108_32,s0.943868,s2.260888,s331.390383
108_33,s-1.284294,s-1.908033,s93.051652
108_34,s-2.436729,s1.041563,s178.101692
108_35,s1.524309,s-1.981535,s193.08367
108_36,s2.128314,s-1.213581,s173.42918
108_37,s2.21165,s1.36697,s351.856848
108_38,s-1.943709,s-0.471164,s76.317652
108_39,s-1.7889,s2.282507,s354.121861
108_40,s-1.783567,s1.605891,s35.245421
108_41,s2.363303,s0.957756,s214.713346
108_42,s-2.218369,s-0.915881,s115.824923
108_43,s-0.865964,s-2.715254,s242.256704
108_44,s-2.023115,s-2.215176,s153.40833
108_45,s1.539398,s2.157024,s334.41392
108_46,s-0.56078,s2.641122,s352.15862
108_47,s2.391934,s-0.883827,s342.58859
108_48,s0.539859,s2.798402,s102.03545
108_49,s3.14502,s0.590636,s36.746496
108_50,s2.864552,s-0.452045,s297.59072
108_51,s2.406737,s-1.790983,s273.36504
108_52,s1.057025,s-2.646733,s184.135559
108_53,s-2.394613,s1.635796,s356.642679
108_54,s-2.905277,s0.747906,s72.500196
108_55,s-1.029026,s-3.345311,s77.506439
108_56,s-1.077656,s2.311095,s6.634927
108_57,s2.682851,s1.650699,s294.589367
108_58,s-2.807388,s1.535765,s66.143347
108_59,s-2.910519,s-0.481016,s52.863442
108_60,s0.539087,s-3.30634,s246.659103
108_61,s3.046104,s-1.26935,s346.454119
108_62,s-2.508949,s-1.986246,s126.411505
108_63,s-2.93107,s-1.622137,s82.261795
108_64,s1.985035,s-2.445841,s275.447764
108_65,s1.200553,s3.340834,s100.302035
108_66,s-2.291591,s2.711294,s338.119892
108_67,s3.187388,s1.183451,s278.967592
108_68,s-1.447782,s3.131521,s10.710101
108_69,s-2.845785,s2.204883,s111.039982
108_70,s-3.328107,s0.382364,s87.537311
108_71,s2.227809,s2.226963,s330.431299
108_72,s-3.373023,s-2.055533,s83.431494
108_73,s3.579258,s-0.937503,s329.234523
108_74,s0.442226,s3.47195,s10.190142
108_75,s1.722208,s-3.331141,s137.944124
108_76,s-3.621853,s-0.452413,s186.833749
108_77,s1.977097,s3.068157,s345.225682
108_78,s-1.829454,s-3.042302,s93.900732
108_79,s3.253774,s-1.962895,s273.354185
108_80,s-0.325149,s3.786064,s131.920094
108_81,s-2.642866,s3.068837,s62.521798
108_82,s1.630583,s3.597735,s69.101863
108_83,s2.725321,s3.129716,s330.762874
108_84,s2.95204,s2.146616,s7.081862
108_85,s2.410285,s-2.872808,s153.463555
108_86,s3.471528,s2.181397,s335.572071
108_87,s-0.231783,s-3.29185,s231.091314
108_88,s2.879316,s-2.323691,s230.103259
108_89,s4.142602,s-0.247685,s338.630898
108_90,s-3.731807,s1.440005,s254.30311
108_91,s1.18635,s4.133107,s345.164607
108_92,s2.81654,s-2.979447,s229.20729
108_93,s2.077396,s-3.764894,s240.696507
108_94,s3.798107,s1.672389,s289.594995
108_95,s4.266966,s1.073779,s316.595207
108_96,s-0.576484,s4.311632,s139.266225
108_97,s-4.016726,s-1.04327,s38.835671
108_98,s-2.12813,s3.62092,s51.486677
108_99,s-1.605121,s-3.609167,s192.198402
108_100,s-2.057409,s-3.604105,s97.529507
108_101,s3.761321,s-1.501655,s322.282092
108_102,s-3.11213,s2.669204,s69.175553
108_103,s3.612748,s-2.92755,s264.083497
108_104,s0.498426,s-3.968825,s293.549509
108_105,s-0.944496,s-3.938328,s323.950988
108_106,s-3.905641,s2.02632,s347.918465
108_107,s-0.556445,s-4.213415,s160.216844
109_0,s0.0,s0.0,s224.07799
109_1,s-0.148662,s0.371349,s324.138907
109_2,s-0.433521,s-0.120664,s43.560215
109_3,s0.190827,s-0.673487,s116.327727
109_4,s-0.913799,s-0.259751,s80.095038
109_5,s-0.447068,s0.663423,s97.607334
109_6,s-0.744268,s-0.590394,s194.56315
109_7,s-0.067394,s1.047835,s63.289603
109_8,s0.44541,s0.540009,s230.223708
109_9,s1.095233,s-0.350664,s121.948796
109_10,s0.734919,s-0.948627,s215.942255
109_11,s1.050575,s0.847816,s64.136372
109_12,s1.373843,s0.46374,s347.862517
109_13,s-1.245248,s-0.63981,s125.561183
109_14,s0.338793,s-1.306797,s194.028876
109_15,s-0.179821,s1.640172,s282.801172
109_16,s1.593643,s0.142487,s235.155091
109_17,s1.541295,s-0.929737,s310.83356
109_18,s-1.250661,s-1.151455,s199.265546
109_19,s0.914429,s1.373433,s12.198963
109_20,s-0.990518,s0.917264,s50.454835
109_21,s-1.575529,s0.490109,s161.451982
109_22,s-1.731787,s0.896333,s41.722179
109_23,s-0.4896,s-1.523251,s233.738856
109_24,s-0.59971,s1.855491,s332.670797
109_25,s2.195039,s0.14766,s276.378481
109_26,s-1.046984,s1.820391,s55.830495
109_27,s1.478226,s1.561201,s231.407036
109_28,s1.009852,s-1.784012,s287.529052
109_29,s-1.799898,s-1.265056,s121.541619
109_30,s-0.69012,s-2.088955,s218.237921
109_31,s0.424488,s-2.158659,s199.060667
109_32,s0.943868,s2.260888,s331.390383
109_33,s-1.284294,s-1.908033,s93.051652
109_34,s-2.436729,s1.041563,s178.101692
109_35,s1.524309,s-1.981535,s193.08367
109_36,s2.128314,s-1.213581,s173.42918
109_37,s2.21165,s1.36697,s351.856848
109_38,s-1.943709,s-0.471164,s76.317652
109_39,s-1.7889,s2.282507,s354.121861
109_40,s-1.783567,s1.605891,s35.245421
109_41,s2.363303,s0.957756,s214.713346
109_42,s-2.218369,s-0.915881,s115.824923
109_43,s-0.865964,s-2.715254,s242.256704
109_44,s-2.023115,s-2.215176,s153.40833
109_45,s1.539398,s2.157024,s334.41392
109_46,s-0.56078,s2.641122,s352.15862
109_47,s2.391934,s-0.883827,s342.58859
109_48,s0.539859,s2.798402,s102.03545
109_49,s3.14502,s0.590636,s36.746496
109_50,s2.864552,s-0.452045,s297.59072
109_51,s2.406737,s-1.790983,s273.36504
109_52,s1.057025,s-2.646733,s184.135559
109_53,s-2.394613,s1.635796,s356.642679
109_54,s-2.905277,s0.747906,s72.500196
109_55,s-1.029026,s-3.345311,s77.506439
109_56,s-1.077656,s2.311095,s6.634927
109_57,s2.682851,s1.650699,s294.589367
109_58,s-2.807388,s1.535765,s66.143347
109_59,s-2.910519,s-0.481016,s52.863442
109_60,s0.539087,s-3.30634,s246.659103
109_61,s3.046104,s-1.26935,s346.454119
109_62,s-2.508949,s-1.986246,s126.411505
109_63,s-2.93107,s-1.622137,s82.261795
109_64,s1.985035,s-2.445841,s275.447764
109_65,s1.200553,s3.340834,s100.302035
109_66,s-2.291591,s2.711294,s338.119892
109_67,s3.187388,s1.183451,s278.967592
109_68,s-1.447782,s3.131521,s10.710101
109_69,s-2.845785,s2.204883,s111.039982
109_70,s-3.328107,s0.382364,s87.537311
109_71,s2.227809,s2.226963,s330.431299
109_72,s-3.373023,s-2.055533,s83.431494
109_73,s3.579258,s-0.937503,s329.234523
109_74,s0.442226,s3.47195,s10.190142
109_75,s1.722208,s-3.331141,s137.944124
109_76,s-3.621853,s-0.452413,s186.833749
109_77,s1.977097,s3.068157,s345.225682
109_78,s-1.829454,s-3.042302,s93.900732
109_79,s3.253774,s-1.962895,s273.354185
109_80,s-0.325149,s3.786064,s131.920094
109_81,s-2.642866,s3.068837,s62.521798
109_82,s1.630583,s3.597735,s69.101863
109_83,s2.725321,s3.129716,s330.762874
109_84,s2.95204,s2.146616,s7.081862
109_85,s2.410285,s-2.872808,s153.463555
109_86,s3.471528,s2.181397,s335.572071
109_87,s-0.231783,s-3.29185,s231.091314
109_88,s2.879316,s-2.323691,s230.103259
109_89,s4.142602,s-0.247685,s338.630898
109_90,s-3.731807,s1.440005,s254.30311
109_91,s1.18635,s4.133107,s345.164607
109_92,s2.81654,s-2.979447,s229.20729
109_93,s2.077396,s-3.764894,s240.696507
109_94,s3.798107,s1.672389,s289.594995
109_95,s4.266966,s1.073779,s316.595207
109_96,s-0.576484,s4.311632,s139.266225
109_97,s-4.016726,s-1.04327,s38.835671
109_98,s-2.12813,s3.62092,s51.486677
109_99,s-1.605121,s-3.609167,s192.198402
109_100,s-2.057409,s-3.604105,s97.529507
109_101,s3.761321,s-1.501655,s322.282092
109_102,s-3.11213,s2.669204,s69.175553
109_103,s3.612748,s-2.92755,s264.083497
109_104,s0.498426,s-3.968825,s293.549509
109_105,s-0.944496,s-3.938328,s323.950988
109_106,s-3.905641,s2.02632,s347.918465
109_107,s-0.556445,s-4.213415,s160.216844
109_108,s2.546828,s3.709942,s354.774885
110_0,s0.0,s0.0,s224.07799
110_1,s-0.148662,s0.371349,s324.138907
110_2,s-0.433521,s-0.120664,s43.560215
110_3,s0.190827,s-0.673487,s116.327727
110_4,s-0.913799,s-0.259751,s80.095038
110_5,s-0.447068,s0.663423,s97.607334
110_6,s-0.744268,s-0.590394,s194.56315
110_7,s-0.067394,s1.047835,s63.289603
110_8,s0.44541,s0.540009,s230.223708
110_9,s1.095233,s-0.350664,s121.948796
110_10,s0.734919,s-0.948627,s215.942255
110_11,s1.050575,s0.847816,s64.136372
110_12,s1.373843,s0.46374,s347.862517
110_13,s-1.245248,s-0.63981,s125.561183
110_14,s0.338793,s-1.306797,s194.028876
110_15,s-0.179821,s1.640172,s282.801172
110_16,s1.593643,s0.142487,s235.155091
110_17,s1.541295,s-0.929737,s310.83356
110_18,s-1.250661,s-1.151455,s199.265546
110_19,s0.914429,s1.373433,s12.198963
110_20,s-0.990518,s0.917264,s50.454835
110_21,s-1.575529,s0.490109,s161.451982
110_22,s-1.731787,s0.896333,s41.722179
110_23,s-0.4896,s-1.523251,s233.738856
110_24,s-0.59971,s1.855491,s332.670797
110_25,s2.195039,s0.14766,s276.378481
110_26,s-1.046984,s1.820391,s55.830495
110_27,s1.478226,s1.561201,s231.407036
110_28,s1.009852,s-1.784012,s287.529052
110_29,s-1.799898,s-1.265056,s121.541619
110_30,s-0.69012,s-2.088955,s218.237921
110_31,s0.424488,s-2.158659,s199.060667
110_32,s0.943868,s2.260888,s331.390383
110_33,s-1.284294,s-1.908033,s93.051652
110_34,s-2.436729,s1.041563,s178.101692
110_35,s1.524309,s-1.981535,s193.08367
110_36,s2.128314,s-1.213581,s173.42918
110_37,s2.21165,s1.36697,s351.856848
110_38,s-1.943709,s-0.471164,s76.317652
110_39,s-1.7889,s2.282507,s354.121861
110_40,s-1.783567,s1.605891,s35.245421
110_41,s2.363303,s0.957756,s214.713346
110_42,s-2.218369,s-0.915881,s115.824923
110_43,s-0.865964,s-2.715254,s242.256704
110_44,s-2.023115,s-2.215176,s153.40833
110_45,s1.539398,s2.157024,s334.41392
110_46,s-0.56078,s2.641122,s352.15862
110_47,s2.391934,s-0.883827,s342.58859
110_48,s0.539859,s2.798402,s102.03545
110_49,s3.14502,s0.590636,s36.746496
110_50,s2.864552,s-0.452045,s297.59072
110_51,s2.406737,s-1.790983,s273.36504
110_52,s1.057025,s-2.646733,s184.135559
110_53,s-2.394613,s1.635796,s356.642679
110_54,s-2.905277,s0.747906,s72.500196
110_55,s-1.029026,s-3.345311,s77.506439
110_56,s-1.077656,s2.311095,s6.634927
110_57,s2.682851,s1.650699,s294.589367
110_58,s-2.807388,s1.535765,s66.143347
110_59,s-2.910519,s-0.481016,s52.863442
110_60,s0.539087,s-3.30634,s246.659103
110_61,s3.046104,s-1.26935,s346.454119
110_62,s-2.508949,s-1.986246,s126.411505
110_63,s-2.93107,s-1.622137,s82.261795
110_64,s1.985035,s-2.445841,s275.447764
110_65,s1.200553,s3.340834,s100.302035
110_66,s-2.291591,s2.711294,s338.119892
110_67,s3.187388,s1.183451,s278.967592
110_68,s-1.447782,s3.131521,s10.710101
110_69,s-2.845785,s2.204883,s111.039982
110_70,s-3.328107,s0.382364,s87.537311
110_71,s2.227809,s2.226963,s330.431299
110_72,s-3.373023,s-2.055533,s83.431494
110_73,s3.579258,s-0.937503,s329.234523
110_74,s0.442226,s3.47195,s10.190142
110_75,s1.722208,s-3.331141,s137.944124
110_76,s-3.621853,s-0.452413,s186.833749
110_77,s1.977097,s3.068157,s345.225682
110_78,s-1.829454,s-3.042302,s93.900732
110_79,s3.253774,s-1.962895,s273.354185
110_80,s-0.325149,s3.786064,s131.920094
110_81,s-2.642866,s3.068837,s62.521798
110_82,s1.630583,s3.597735,s69.101863
110_83,s2.725321,s3.129716,s330.762874
110_84,s2.95204,s2.146616,s7.081862
110_85,s2.410285,s-2.872808,s153.463555
110_86,s3.471528,s2.181397,s335.572071
110_87,s-0.231783,s-3.29185,s231.091314
110_88,s2.879316,s-2.323691,s230.103259
110_89,s4.142602,s-0.247685,s338.630898
110_90,s-3.731807,s1.440005,s254.30311
110_91,s1.18635,s4.133107,s345.164607
110_92,s2.81654,s-2.979447,s229.20729
110_93,s2.077396,s-3.764894,s240.696507
110_94,s3.798107,s1.672389,s289.594995
110_95,s4.266966,s1.073779,s316.595207
110_96,s-0.576484,s4.311632,s139.266225
110_97,s-4.016726,s-1.04327,s38.835671
110_98,s-2.12813,s3.62092,s51.486677
110_99,s-1.605121,s-3.609167,s192.198402
110_100,s-2.057409,s-3.604105,s97.529507
110_101,s3.761321,s-1.501655,s322.282092
110_102,s-3.11213,s2.669204,s69.175553
110_103,s3.612748,s-2.92755,s264.083497
110_104,s0.498426,s-3.968825,s293.549509
110_105,s-0.944496,s-3.938328,s323.950988
110_106,s-3.905641,s2.02632,s347.918465
110_107,s-0.556445,s-4.213415,s160.216844
110_108,s2.546828,s3.709942,s354.774885
110_109,s1.068345,s-4.319854,s314.737555
111_0,s0.0,s0.0,s224.07799
111_1,s-0.148662,s0.371349,s324.138907
111_2,s-0.433521,s-0.120664,s43.560215
111_3,s0.190827,s-0.673487,s116.327727
111_4,s-0.913799,s-0.259751,s80.095038
111_5,s-0.447068,s0.663423,s97.607334
111_6,s-0.744268,s-0.590394,s194.56315
111_7,s-0.067394,s1.047835,s63.289603
111_8,s0.44541,s0.540009,s230.223708
111_9,s1.095233,s-0.350664,s121.948796
111_10,s0.734919,s-0.948627,s215.942255
111_11,s1.050575,s0.847816,s64.136372
111_12,s1.373843,s0.46374,s347.862517
111_13,s-1.245248,s-0.63981,s125.561183
111_14,s0.338793,s-1.306797,s194.028876
111_15,s-0.179821,s1.640172,s282.801172
111_16,s1.593643,s0.142487,s235.155091
111_17,s1.541295,s-0.929737,s310.83356
111_18,s-1.250661,s-1.151455,s199.265546
111_19,s0.914429,s1.373433,s12.198963
111_20,s-0.990518,s0.917264,s50.454835
111_21,s-1.575529,s0.490109,s161.451982
111_22,s-1.731787,s0.896333,s41.722179
111_23,s-0.4896,s-1.523251,s233.738856
111_24,s-0.59971,s1.855491,s332.670797
111_25,s2.195039,s0.14766,s276.378481
111_26,s-1.046984,s1.820391,s55.830495
111_27,s1.478226,s1.561201,s231.407036
111_28,s1.009852,s-1.784012,s287.529052
111_29,s-1.799898,s-1.265056,s121.541619
111_30,s-0.69012,s-2.088955,s218.237921
111_31,s0.424488,s-2.158659,s199.060667
111_32,s0.943868,s2.260888,s331.390383
111_33,s-1.284294,s-1.908033,s93.051652
111_34,s-2.436729,s1.041563,s178.101692
111_35,s1.524309,s-1.981535,s193.08367
111_36,s2.128314,s-1.213581,s173.42918
111_37,s2.21165,s1.36697,s351.856848
111_38,s-1.943709,s-0.471164,s76.317652
111_39,s-1.7889,s2.282507,s354.121861
111_40,s-1.783567,s1.605891,s35.245421
111_41,s2.363303,s0.957756,s214.713346
111_42,s-2.218369,s-0.915881,s115.824923
111_43,s-0.865964,s-2.715254,s242.256704
111_44,s-2.023115,s-2.215176,s153.40833
111_45,s1.539398,s2.157024,s334.41392
111_46,s-0.56078,s2.641122,s352.15862
111_47,s2.391934,s-0.883827,s342.58859
111_48,s0.539859,s2.798402,s102.03545
111_49,s3.14502,s0.590636,s36.746496
111_50,s2.864552,s-0.452045,s297.59072
111_51,s2.406737,s-1.790983,s273.36504
111_52,s1.057025,s-2.646733,s184.135559
111_53,s-2.394613,s1.635796,s356.642679
111_54,s-2.905277,s0.747906,s72.500196
111_55,s-1.029026,s-3.345311,s77.506439
111_56,s-1.077656,s2.311095,s6.634927
111_57,s2.682851,s1.650699,s294.589367
111_58,s-2.807388,s1.535765,s66.143347
111_59,s-2.910519,s-0.481016,s52.863442
111_60,s0.539087,s-3.30634,s246.659103
111_61,s3.046104,s-1.26935,s346.454119
111_62,s-2.508949,s-1.986246,s126.411505
111_63,s-2.93107,s-1.622137,s82.261795
111_64,s1.985035,s-2.445841,s275.447764
111_65,s1.200553,s3.340834,s100.302035
111_66,s-2.291591,s2.711294,s338.119892
111_67,s3.187388,s1.183451,s278.967592
111_68,s-1.447782,s3.131521,s10.710101
111_69,s-2.845785,s2.204883,s111.039982
111_70,s-3.328107,s0.382364,s87.537311
111_71,s2.227809,s2.226963,s330.431299
111_72,s-3.373023,s-2.055533,s83.431494
111_73,s3.579258,s-0.937503,s329.234523
111_74,s0.442226,s3.47195,s10.190142
111_75,s1.722208,s-3.331141,s137.944124
111_76,s-3.621853,s-0.452413,s186.833749
111_77,s1.977097,s3.068157,s345.225682
111_78,s-1.829454,s-3.042302,s93.900732
111_79,s3.253774,s-1.962895,s273.354185
111_80,s-0.325149,s3.786064,s131.920094
111_81,s-2.642866,s3.068837,s62.521798
111_82,s1.630583,s3.597735,s69.101863
111_83,s2.725321,s3.129716,s330.762874
111_84,s2.95204,s2.146616,s7.081862
111_85,s2.410285,s-2.872808,s153.463555
111_86,s3.471528,s2.181397,s335.572071
111_87,s-0.231783,s-3.29185,s231.091314
111_88,s2.879316,s-2.323691,s230.103259
111_89,s4.142602,s-0.247685,s338.630898
111_90,s-3.731807,s1.440005,s254.30311
111_91,s1.18635,s4.133107,s345.164607
111_92,s2.81654,s-2.979447,s229.20729
111_93,s2.077396,s-3.764894,s240.696507
111_94,s3.798107,s1.672389,s289.594995
111_95,s4.266966,s1.073779,s316.595207
111_96,s-0.576484,s4.311632,s139.266225
111_97,s-4.016726,s-1.04327,s38.835671
111_98,s-2.12813,s3.62092,s51.486677
111_99,s-1.605121,s-3.609167,s192.198402
111_100,s-2.057409,s-3.604105,s97.529507
111_101,s3.761321,s-1.501655,s322.282092
111_102,s-3.11213,s2.669204,s69.175553
111_103,s3.612748,s-2.92755,s264.083497
111_104,s0.498426,s-3.968825,s293.549509
111_105,s-0.944496,s-3.938328,s323.950988
111_106,s-3.905641,s2.02632,s347.918465
111_107,s-0.556445,s-4.213415,s160.216844
111_108,s2.546828,s3.709942,s354.774885
111_109,s1.068345,s-4.319854,s314.737555
111_110,s-4.401897,s0.652538,s141.517355
112_0,s0.0,s0.0,s224.07799
112_1,s-0.148662,s0.371349,s324.138907
112_2,s-0.433521,s-0.120664,s43.560215
112_3,s0.190827,s-0.673487,s116.327727
112_4,s-0.913799,s-0.259751,s80.095038
112_5,s-0.447068,s0.663423,s97.607334
112_6,s-0.744268,s-0.590394,s194.56315
112_7,s-0.067394,s1.047835,s63.289603
112_8,s0.44541,s0.540009,s230.223708
112_9,s1.095233,s-0.350664,s121.948796
112_10,s0.734919,s-0.948627,s215.942255
112_11,s1.050575,s0.847816,s64.136372
112_12,s1.373843,s0.46374,s347.862517
112_13,s-1.245248,s-0.63981,s125.561183
112_14,s0.338793,s-1.306797,s194.028876
112_15,s-0.179821,s1.640172,s282.801172
112_16,s1.593643,s0.142487,s235.155091
112_17,s1.541295,s-0.929737,s310.83356
112_18,s-1.250661,s-1.151455,s199.265546
112_19,s0.914429,s1.373433,s12.198963
112_20,s-0.990518,s0.917264,s50.454835
112_21,s-1.575529,s0.490109,s161.451982
112_22,s-1.731787,s0.896333,s41.722179
112_23,s-0.4896,s-1.523251,s233.738856
112_24,s-0.59971,s1.855491,s332.670797
112_25,s2.195039,s0.14766,s276.378481
112_26,s-1.046984,s1.820391,s55.830495
112_27,s1.478226,s1.561201,s231.407036
112_28,s1.009852,s-1.784012,s287.529052
112_29,s-1.799898,s-1.265056,s121.541619
112_30,s-0.69012,s-2.088955,s218.237921
112_31,s0.424488,s-2.158659,s199.060667
112_32,s0.943868,s2.260888,s331.390383
112_33,s-1.284294,s-1.908033,s93.051652
112_34,s-2.436729,s1.041563,s178.101692
112_35,s1.524309,s-1.981535,s193.08367
112_36,s2.128314,s-1.213581,s173.42918
112_37,s2.21165,s1.36697,s351.856848
112_38,s-1.943709,s-0.471164,s76.317652
112_39,s-1.7889,s2.282507,s354.121861
112_40,s-1.783567,s1.605891,s35.245421
112_41,s2.363303,s0.957756,s214.713346
112_42,s-2.218369,s-0.915881,s115.824923
112_43,s-0.865964,s-2.715254,s242.256704
112_44,s-2.023115,s-2.215176,s153.40833
112_45,s1.539398,s2.157024,s334.41392
112_46,s-0.56078,s2.641122,s352.15862
112_47,s2.391934,s-0.883827,s342.58859
112_48,s0.539859,s2.798402,s102.03545
112_49,s3.14502,s0.590636,s36.746496
112_50,s2.864552,s-0.452045,s297.59072
112_51,s2.406737,s-1.790983,s273.36504
112_52,s1.057025,s-2.646733,s184.135559
112_53,s-2.394613,s1.635796,s356.642679
112_54,s-2.905277,s0.747906,s72.500196
112_55,s-1.029026,s-3.345311,s77.506439
112_56,s-1.077656,s2.311095,s6.634927
112_57,s2.682851,s1.650699,s294.589367
112_58,s-2.807388,s1.535765,s66.143347
112_59,s-2.910519,s-0.481016,s52.863442
112_60,s0.539087,s-3.30634,s246.659103
112_61,s3.046104,s-1.26935,s346.454119
112_62,s-2.508949,s-1.986246,s126.411505
112_63,s-2.93107,s-1.622137,s82.261795
112_64,s1.985035,s-2.445841,s275.447764
112_65,s1.200553,s3.340834,s100.302035
112_66,s-2.291591,s2.711294,s338.119892
112_67,s3.187388,s1.183451,s278.967592
112_68,s-1.447782,s3.131521,s10.710101
112_69,s-2.845785,s2.204883,s111.039982
112_70,s-3.328107,s0.382364,s87.537311
112_71,s2.227809,s2.226963,s330.431299
112_72,s-3.373023,s-2.055533,s83.431494
112_73,s3.579258,s-0.937503,s329.234523
112_74,s0.442226,s3.47195,s10.190142
112_75,s1.722208,s-3.331141,s137.944124
112_76,s-3.621853,s-0.452413,s186.833749
112_77,s1.977097,s3.068157,s345.225682
112_78,s-1.829454,s-3.042302,s93.900732
112_79,s3.253774,s-1.962895,s273.354185
112_80,s-0.325149,s3.786064,s131.920094
112_81,s-2.642866,s3.068837,s62.521798
112_82,s1.630583,s3.597735,s69.101863
112_83,s2.725321,s3.129716,s330.762874
112_84,s2.95204,s2.146616,s7.081862
112_85,s2.410285,s-2.872808,s153.463555
112_86,s3.471528,s2.181397,s335.572071
112_87,s-0.231783,s-3.29185,s231.091314
112_88,s2.879316,s-2.323691,s230.103259
112_89,s4.142602,s-0.247685,s338.630898
112_90,s-3.731807,s1.440005,s254.30311
112_91,s1.18635,s4.133107,s345.164607
112_92,s2.81654,s-2.979447,s229.20729
112_93,s2.077396,s-3.764894,s240.696507
112_94,s3.798107,s1.672389,s289.594995
112_95,s4.266966,s1.073779,s316.595207
112_96,s-0.576484,s4.311632,s139.266225
112_97,s-4.016726,s-1.04327,s38.835671
112_98,s-2.12813,s3.62092,s51.486677
112_99,s-1.605121,s-3.609167,s192.198402
112_100,s-2.057409,s-3.604105,s97.529507
112_101,s3.761321,s-1.501655,s322.282092
112_102,s-3.11213,s2.669204,s69.175553
112_103,s3.612748,s-2.92755,s264.083497
112_104,s0.498426,s-3.968825,s293.549509
112_105,s-0.944496,s-3.938328,s323.950988
112_106,s-3.905641,s2.02632,s347.918465
112_107,s-0.556445,s-4.213415,s160.216844
112_108,s2.546828,s3.709942,s354.774885
112_109,s1.068345,s-4.319854,s314.737555
112_110,s-4.401897,s0.652538,s141.517355
112_111,s-4.280539,s-2.280238,s210.497366
113_0,s0.0,s0.0,s224.07799
113_1,s-0.148662,s0.371349,s324.138907
113_2,s-0.433521,s-0.120664,s43.560215
113_3,s0.190827,s-0.673487,s116.327727
113_4,s-0.913799,s-0.259751,s80.095038
113_5,s-0.447068,s0.663423,s97.607334
113_6,s-0.744268,s-0.590394,s194.56315
113_7,s-0.067394,s1.047835,s63.289603
113_8,s0.44541,s0.540009,s230.223708
113_9,s1.095233,s-0.350664,s121.948796
113_10,s0.734919,s-0.948627,s215.942255
113_11,s1.050575,s0.847816,s64.136372
113_12,s1.373843,s0.46374,s347.862517
113_13,s-1.245248,s-0.63981,s125.561183
113_14,s0.338793,s-1.306797,s194.028876
113_15,s-0.179821,s1.640172,s282.801172
113_16,s1.593643,s0.142487,s235.155091
113_17,s1.541295,s-0.929737,s310.83356
113_18,s-1.250661,s-1.151455,s199.265546
113_19,s0.914429,s1.373433,s12.198963
113_20,s-0.990518,s0.917264,s50.454835
113_21,s-1.575529,s0.490109,s161.451982
113_22,s-1.731787,s0.896333,s41.722179
113_23,s-0.4896,s-1.523251,s233.738856
113_24,s-0.59971,s1.855491,s332.670797
113_25,s2.195039,s0.14766,s276.378481
113_26,s-1.046984,s1.820391,s55.830495
113_27,s1.478226,s1.561201,s231.407036
113_28,s1.009852,s-1.784012,s287.529052
113_29,s-1.799898,s-1.265056,s121.541619
113_30,s-0.69012,s-2.088955,s218.237921
113_31,s0.424488,s-2.158659,s199.060667
113_32,s0.943868,s2.260888,s331.390383
113_33,s-1.284294,s-1.908033,s93.051652
113_34,s-2.436729,s1.041563,s178.101692
113_35,s1.524309,s-1.981535,s193.08367
113_36,s2.128314,s-1.213581,s173.42918
113_37,s2.21165,s1.36697,s351.856848
113_38,s-1.943709,s-0.471164,s76.317652
113_39,s-1.7889,s2.282507,s354.121861
113_40,s-1.783567,s1.605891,s35.245421
113_41,s2.363303,s0.957756,s214.713346
113_42,s-2.218369,s-0.915881,s115.824923
113_43,s-0.865964,s-2.715254,s242.256704
113_44,s-2.023115,s-2.215176,s153.40833
113_45,s1.539398,s2.157024,s334.41392
113_46,s-0.56078,s2.641122,s352.15862
113_47,s2.391934,s-0.883827,s342.58859
113_48,s0.539859,s2.798402,s102.03545
113_49,s3.14502,s0.590636,s36.746496
113_50,s2.864552,s-0.452045,s297.59072
113_51,s2.406737,s-1.790983,s273.36504
113_52,s1.057025,s-2.646733,s184.135559
113_53,s-2.394613,s1.635796,s356.642679
113_54,s-2.905277,s0.747906,s72.500196
113_55,s-1.029026,s-3.345311,s77.506439
113_56,s-1.077656,s2.311095,s6.634927
113_57,s2.682851,s1.650699,s294.589367
113_58,s-2.807388,s1.535765,s66.143347
113_59,s-2.910519,s-0.481016,s52.863442
113_60,s0.539087,s-3.30634,s246.659103
113_61,s3.046104,s-1.26935,s346.454119
113_62,s-2.508949,s-1.986246,s126.411505
113_63,s-2.93107,s-1.622137,s82.261795
113_64,s1.985035,s-2.445841,s275.447764
113_65,s1.200553,s3.340834,s100.302035
113_66,s-2.291591,s2.711294,s338.119892
113_67,s3.187388,s1.183451,s278.967592
113_68,s-1.447782,s3.131521,s10.710101
113_69,s-2.845785,s2.204883,s111.039982
113_70,s-3.328107,s0.382364,s87.537311
113_71,s2.227809,s2.226963,s330.431299
113_72,s-3.373023,s-2.055533,s83.431494
113_73,s3.579258,s-0.937503,s329.234523
113_74,s0.442226,s3.47195,s10.190142
113_75,s1.722208,s-3.331141,s137.944124
113_76,s-3.621853,s-0.452413,s186.833749
113_77,s1.977097,s3.068157,s345.225682
113_78,s-1.829454,s-3.042302,s93.900732
113_79,s3.253774,s-1.962895,s273.354185
113_80,s-0.325149,s3.786064,s131.920094
113_81,s-2.642866,s3.068837,s62.521798
113_82,s1.630583,s3.597735,s69.101863
113_83,s2.725321,s3.129716,s330.762874
113_84,s2.95204,s2.146616,s7.081862
113_85,s2.410285,s-2.872808,s153.463555
113_86,s3.471528,s2.181397,s335.572071
113_87,s-0.231783,s-3.29185,s231.091314
113_88,s2.879316,s-2.323691,s230.103259
113_89,s4.142602,s-0.247685,s338.630898
113_90,s-3.731807,s1.440005,s254.30311
113_91,s1.18635,s4.133107,s345.164607
113_92,s2.81654,s-2.979447,s229.20729
113_93,s2.077396,s-3.764894,s240.696507
113_94,s3.798107,s1.672389,s289.594995
113_95,s4.266966,s1.073779,s316.595207
113_96,s-0.576484,s4.311632,s139.266225
113_97,s-4.016726,s-1.04327,s38.835671
113_98,s-2.12813,s3.62092,s51.486677
113_99,s-1.605121,s-3.609167,s192.198402
113_100,s-2.057409,s-3.604105,s97.529507
113_101,s3.761321,s-1.501655,s322.282092
113_102,s-3.11213,s2.669204,s69.175553
113_103,s3.612748,s-2.92755,s264.083497
113_104,s0.498426,s-3.968825,s293.549509
113_105,s-0.944496,s-3.938328,s323.950988
113_106,s-3.905641,s2.02632,s347.918465
113_107,s-0.556445,s-4.213415,s160.216844
113_108,s2.546828,s3.709942,s354.774885
113_109,s1.068345,s-4.319854,s314.737555
113_110,s-4.401897,s0.652538,s141.517355
113_111,s-4.280539,s-2.280238,s210.497366
113_112,s-4.138004,s1.495634,s82.519476
114_0,s0.0,s0.0,s224.07799
114_1,s-0.148662,s0.371349,s324.138907
114_2,s-0.433521,s-0.120664,s43.560215
114_3,s0.190827,s-0.673487,s116.327727
114_4,s-0.913799,s-0.259751,s80.095038
114_5,s-0.447068,s0.663423,s97.607334
114_6,s-0.744268,s-0.590394,s194.56315
114_7,s-0.067394,s1.047835,s63.289603
114_8,s0.44541,s0.540009,s230.223708
114_9,s1.095233,s-0.350664,s121.948796
114_10,s0.734919,s-0.948627,s215.942255
114_11,s1.050575,s0.847816,s64.136372
114_12,s1.373843,s0.46374,s347.862517
114_13,s-1.245248,s-0.63981,s125.561183
114_14,s0.338793,s-1.306797,s194.028876
114_15,s-0.179821,s1.640172,s282.801172
114_16,s1.593643,s0.142487,s235.155091
114_17,s1.541295,s-0.929737,s310.83356
114_18,s-1.250661,s-1.151455,s199.265546
114_19,s0.914429,s1.373433,s12.198963
114_20,s-0.990518,s0.917264,s50.454835
114_21,s-1.575529,s0.490109,s161.451982
114_22,s-1.731787,s0.896333,s41.722179
114_23,s-0.4896,s-1.523251,s233.738856
114_24,s-0.59971,s1.855491,s332.670797
114_25,s2.195039,s0.14766,s276.378481
114_26,s-1.046984,s1.820391,s55.830495
114_27,s1.478226,s1.561201,s231.407036
114_28,s1.009852,s-1.784012,s287.529052
114_29,s-1.799898,s-1.265056,s121.541619
114_30,s-0.69012,s-2.088955,s218.237921
114_31,s0.424488,s-2.158659,s199.060667
114_32,s0.943868,s2.260888,s331.390383
114_33,s-1.284294,s-1.908033,s93.051652
114_34,s-2.436729,s1.041563,s178.101692
114_35,s1.524309,s-1.981535,s193.08367
114_36,s2.128314,s-1.213581,s173.42918
114_37,s2.21165,s1.36697,s351.856848
114_38,s-1.943709,s-0.471164,s76.317652
114_39,s-1.7889,s2.282507,s354.121861
114_40,s-1.783567,s1.605891,s35.245421
114_41,s2.363303,s0.957756,s214.713346
114_42,s-2.218369,s-0.915881,s115.824923
114_43,s-0.865964,s-2.715254,s242.256704
114_44,s-2.023115,s-2.215176,s153.40833
114_45,s1.539398,s2.157024,s334.41392
114_46,s-0.56078,s2.641122,s352.15862
114_47,s2.391934,s-0.883827,s342.58859
114_48,s0.539859,s2.798402,s102.03545
114_49,s3.14502,s0.590636,s36.746496
114_50,s2.864552,s-0.452045,s297.59072
114_51,s2.406737,s-1.790983,s273.36504
114_52,s1.057025,s-2.646733,s184.135559
114_53,s-2.394613,s1.635796,s356.642679
114_54,s-2.905277,s0.747906,s72.500196
114_55,s-1.029026,s-3.345311,s77.506439
114_56,s-1.077656,s2.311095,s6.634927
114_57,s2.682851,s1.650699,s294.589367
114_58,s-2.807388,s1.535765,s66.143347
114_59,s-2.910519,s-0.481016,s52.863442
114_60,s0.539087,s-3.30634,s246.659103
114_61,s3.046104,s-1.26935,s346.454119
114_62,s-2.508949,s-1.986246,s126.411505
114_63,s-2.93107,s-1.622137,s82.261795
114_64,s1.985035,s-2.445841,s275.447764
114_65,s1.200553,s3.340834,s100.302035
114_66,s-2.291591,s2.711294,s338.119892
114_67,s3.187388,s1.183451,s278.967592
114_68,s-1.447782,s3.131521,s10.710101
114_69,s-2.845785,s2.204883,s111.039982
114_70,s-3.328107,s0.382364,s87.537311
114_71,s2.227809,s2.226963,s330.431299
114_72,s-3.373023,s-2.055533,s83.431494
114_73,s3.579258,s-0.937503,s329.234523
114_74,s0.442226,s3.47195,s10.190142
114_75,s1.722208,s-3.331141,s137.944124
114_76,s-3.621853,s-0.452413,s186.833749
114_77,s1.977097,s3.068157,s345.225682
114_78,s-1.829454,s-3.042302,s93.900732
114_79,s3.253774,s-1.962895,s273.354185
114_80,s-0.325149,s3.786064,s131.920094
114_81,s-2.642866,s3.068837,s62.521798
114_82,s1.630583,s3.597735,s69.101863
114_83,s2.725321,s3.129716,s330.762874
114_84,s2.95204,s2.146616,s7.081862
114_85,s2.410285,s-2.872808,s153.463555
114_86,s3.471528,s2.181397,s335.572071
114_87,s-0.231783,s-3.29185,s231.091314
114_88,s2.879316,s-2.323691,s230.103259
114_89,s4.142602,s-0.247685,s338.630898
114_90,s-3.731807,s1.440005,s254.30311
114_91,s1.18635,s4.133107,s345.164607
114_92,s2.81654,s-2.979447,s229.20729
114_93,s2.077396,s-3.764894,s240.696507
114_94,s3.798107,s1.672389,s289.594995
114_95,s4.266966,s1.073779,s316.595207
114_96,s-0.576484,s4.311632,s139.266225
114_97,s-4.016726,s-1.04327,s38.835671
114_98,s-2.12813,s3.62092,s51.486677
114_99,s-1.605121,s-3.609167,s192.198402
114_100,s-2.057409,s-3.604105,s97.529507
114_101,s3.761321,s-1.501655,s322.282092
114_102,s-3.11213,s2.669204,s69.175553
114_103,s3.612748,s-2.92755,s264.083497
114_104,s0.498426,s-3.968825,s293.549509
114_105,s-0.944496,s-3.938328,s323.950988
114_106,s-3.905641,s2.02632,s347.918465
114_107,s-0.556445,s-4.213415,s160.216844
114_108,s2.546828,s3.709942,s354.774885
114_109,s1.068345,s-4.319854,s314.737555
114_110,s-4.401897,s0.652538,s141.517355
114_111,s-4.280539,s-2.280238,s210.497366
114_112,s-4.138004,s1.495634,s82.519476
114_113,s-3.417892,s-2.927117,s312.781521
115_0,s0.0,s0.0,s224.07799
115_1,s-0.148662,s0.371349,s324.138907
115_2,s-0.433521,s-0.120664,s43.560215
115_3,s0.190827,s-0.673487,s116.327727
115_4,s-0.913799,s-0.259751,s80.095038
115_5,s-0.447068,s0.663423,s97.607334
115_6,s-0.744268,s-0.590394,s194.56315
115_7,s-0.067394,s1.047835,s63.289603
115_8,s0.44541,s0.540009,s230.223708
115_9,s1.095233,s-0.350664,s121.948796
115_10,s0.734919,s-0.948627,s215.942255
115_11,s1.050575,s0.847816,s64.136372
115_12,s1.373843,s0.46374,s347.862517
115_13,s-1.245248,s-0.63981,s125.561183
115_14,s0.338793,s-1.306797,s194.028876
115_15,s-0.179821,s1.640172,s282.801172
115_16,s1.593643,s0.142487,s235.155091
115_17,s1.541295,s-0.929737,s310.83356
115_18,s-1.250661,s-1.151455,s199.265546
115_19,s0.914429,s1.373433,s12.198963
115_20,s-0.990518,s0.917264,s50.454835
115_21,s-1.575529,s0.490109,s161.451982
115_22,s-1.731787,s0.896333,s41.722179
115_23,s-0.4896,s-1.523251,s233.738856
115_24,s-0.59971,s1.855491,s332.670797
115_25,s2.195039,s0.14766,s276.378481
115_26,s-1.046984,s1.820391,s55.830495
115_27,s1.478226,s1.561201,s231.407036
115_28,s1.009852,s-1.784012,s287.529052
115_29,s-1.799898,s-1.265056,s121.541619
115_30,s-0.69012,s-2.088955,s218.237921
115_31,s0.424488,s-2.158659,s199.060667
115_32,s0.943868,s2.260888,s331.390383
115_33,s-1.284294,s-1.908033,s93.051652
115_34,s-2.436729,s1.041563,s178.101692
115_35,s1.524309,s-1.981535,s193.08367
115_36,s2.128314,s-1.213581,s173.42918
115_37,s2.21165,s1.36697,s351.856848
115_38,s-1.943709,s-0.471164,s76.317652
115_39,s-1.7889,s2.282507,s354.121861
115_40,s-1.783567,s1.605891,s35.245421
115_41,s2.363303,s0.957756,s214.713346
115_42,s-2.218369,s-0.915881,s115.824923
115_43,s-0.865964,s-2.715254,s242.256704
115_44,s-2.023115,s-2.215176,s153.40833
115_45,s1.539398,s2.157024,s334.41392
115_46,s-0.56078,s2.641122,s352.15862
115_47,s2.391934,s-0.883827,s342.58859
115_48,s0.539859,s2.798402,s102.03545
115_49,s3.14502,s0.590636,s36.746496
115_50,s2.864552,s-0.452045,s297.59072
115_51,s2.406737,s-1.790983,s273.36504
115_52,s1.057025,s-2.646733,s184.135559
115_53,s-2.394613,s1.635796,s356.642679
115_54,s-2.905277,s0.747906,s72.500196
115_55,s-1.029026,s-3.345311,s77.506439
115_56,s-1.077656,s2.311095,s6.634927
115_57,s2.682851,s1.650699,s294.589367
115_58,s-2.807388,s1.535765,s66.143347
115_59,s-2.910519,s-0.481016,s52.863442
115_60,s0.539087,s-3.30634,s246.659103
115_61,s3.046104,s-1.26935,s346.454119
115_62,s-2.508949,s-1.986246,s126.411505
115_63,s-2.93107,s-1.622137,s82.261795
115_64,s1.985035,s-2.445841,s275.447764
115_65,s1.200553,s3.340834,s100.302035
115_66,s-2.291591,s2.711294,s338.119892
115_67,s3.187388,s1.183451,s278.967592
115_68,s-1.447782,s3.131521,s10.710101
115_69,s-2.845785,s2.204883,s111.039982
115_70,s-3.328107,s0.382364,s87.537311
115_71,s2.227809,s2.226963,s330.431299
115_72,s-3.373023,s-2.055533,s83.431494
115_73,s3.579258,s-0.937503,s329.234523
115_74,s0.442226,s3.47195,s10.190142
115_75,s1.722208,s-3.331141,s137.944124
115_76,s-3.621853,s-0.452413,s186.833749
115_77,s1.977097,s3.068157,s345.225682
115_78,s-1.829454,s-3.042302,s93.900732
115_79,s3.253774,s-1.962895,s273.354185
115_80,s-0.325149,s3.786064,s131.920094
115_81,s-2.642866,s3.068837,s62.521798
115_82,s1.630583,s3.597735,s69.101863
115_83,s2.725321,s3.129716,s330.762874
115_84,s2.95204,s2.146616,s7.081862
115_85,s2.410285,s-2.872808,s153.463555
115_86,s3.471528,s2.181397,s335.572071
115_87,s-0.231783,s-3.29185,s231.091314
115_88,s2.879316,s-2.323691,s230.103259
115_89,s4.142602,s-0.247685,s338.630898
115_90,s-3.731807,s1.440005,s254.30311
115_91,s1.18635,s4.133107,s345.164607
115_92,s2.81654,s-2.979447,s229.20729
115_93,s2.077396,s-3.764894,s240.696507
115_94,s3.798107,s1.672389,s289.594995
115_95,s4.266966,s1.073779,s316.595207
115_96,s-0.576484,s4.311632,s139.266225
115_97,s-4.016726,s-1.04327,s38.835671
115_98,s-2.12813,s3.62092,s51.486677
115_99,s-1.605121,s-3.609167,s192.198402
115_100,s-2.057409,s-3.604105,s97.529507
115_101,s3.761321,s-1.501655,s322.282092
115_102,s-3.11213,s2.669204,s69.175553
115_103,s3.612748,s-2.92755,s264.083497
115_104,s0.498426,s-3.968825,s293.549509
115_105,s-0.944496,s-3.938328,s323.950988
115_106,s-3.905641,s2.02632,s347.918465
115_107,s-0.556445,s-4.213415,s160.216844
115_108,s2.546828,s3.709942,s354.774885
115_109,s1.068345,s-4.319854,s314.737555
115_110,s-4.401897,s0.652538,s141.517355
115_111,s-4.280539,s-2.280238,s210.497366
115_112,s-4.138004,s1.495634,s82.519476
115_113,s-3.417892,s-2.927117,s312.781521
115_114,s-2.909704,s-3.627137,s117.572004
116_0,s0.0,s0.0,s224.07799
116_1,s-0.148662,s0.371349,s324.138907
116_2,s-0.433521,s-0.120664,s43.560215
116_3,s0.190827,s-0.673487,s116.327727
116_4,s-0.913799,s-0.259751,s80.095038
116_5,s-0.447068,s0.663423,s97.607334
116_6,s-0.744268,s-0.590394,s194.56315
116_7,s-0.067394,s1.047835,s63.289603
116_8,s0.44541,s0.540009,s230.223708
116_9,s1.095233,s-0.350664,s121.948796
116_10,s0.734919,s-0.948627,s215.942255
116_11,s1.050575,s0.847816,s64.136372
116_12,s1.373843,s0.46374,s347.862517
116_13,s-1.245248,s-0.63981,s125.561183
116_14,s0.338793,s-1.306797,s194.028876
116_15,s-0.179821,s1.640172,s282.801172
116_16,s1.593643,s0.142487,s235.155091
116_17,s1.541295,s-0.929737,s310.83356
116_18,s-1.250661,s-1.151455,s199.265546
116_19,s0.914429,s1.373433,s12.198963
116_20,s-0.990518,s0.917264,s50.454835
116_21,s-1.575529,s0.490109,s161.451982
116_22,s-1.731787,s0.896333,s41.722179
116_23,s-0.4896,s-1.523251,s233.738856
116_24,s-0.59971,s1.855491,s332.670797
116_25,s2.195039,s0.14766,s276.378481
116_26,s-1.046984,s1.820391,s55.830495
116_27,s1.478226,s1.561201,s231.407036
116_28,s1.009852,s-1.784012,s287.529052
116_29,s-1.799898,s-1.265056,s121.541619
116_30,s-0.69012,s-2.088955,s218.237921
116_31,s0.424488,s-2.158659,s199.060667
116_32,s0.943868,s2.260888,s331.390383
116_33,s-1.284294,s-1.908033,s93.051652
116_34,s-2.436729,s1.041563,s178.101692
116_35,s1.524309,s-1.981535,s193.08367
116_36,s2.128314,s-1.213581,s173.42918
116_37,s2.21165,s1.36697,s351.856848
116_38,s-1.943709,s-0.471164,s76.317652
116_39,s-1.7889,s2.282507,s354.121861
116_40,s-1.783567,s1.605891,s35.245421
116_41,s2.363303,s0.957756,s214.713346
116_42,s-2.218369,s-0.915881,s115.824923
116_43,s-0.865964,s-2.715254,s242.256704
116_44,s-2.023115,s-2.215176,s153.40833
116_45,s1.539398,s2.157024,s334.41392
116_46,s-0.56078,s2.641122,s352.15862
116_47,s2.391934,s-0.883827,s342.58859
116_48,s0.539859,s2.798402,s102.03545
116_49,s3.14502,s0.590636,s36.746496
116_50,s2.864552,s-0.452045,s297.59072
116_51,s2.406737,s-1.790983,s273.36504
116_52,s1.057025,s-2.646733,s184.135559
116_53,s-2.394613,s1.635796,s356.642679
116_54,s-2.905277,s0.747906,s72.500196
116_55,s-1.029026,s-3.345311,s77.506439
116_56,s-1.077656,s2.311095,s6.634927
116_57,s2.682851,s1.650699,s294.589367
116_58,s-2.807388,s1.535765,s66.143347
116_59,s-2.910519,s-0.481016,s52.863442
116_60,s0.539087,s-3.30634,s246.659103
116_61,s3.046104,s-1.26935,s346.454119
116_62,s-2.508949,s-1.986246,s126.411505
116_63,s-2.93107,s-1.622137,s82.261795
116_64,s1.985035,s-2.445841,s275.447764
116_65,s1.200553,s3.340834,s100.302035
116_66,s-2.291591,s2.711294,s338.119892
116_67,s3.187388,s1.183451,s278.967592
116_68,s-1.447782,s3.131521,s10.710101
116_69,s-2.845785,s2.204883,s111.039982
116_70,s-3.328107,s0.382364,s87.537311
116_71,s2.227809,s2.226963,s330.431299
116_72,s-3.373023,s-2.055533,s83.431494
116_73,s3.579258,s-0.937503,s329.234523
116_74,s0.442226,s3.47195,s10.190142
116_75,s1.722208,s-3.331141,s137.944124
116_76,s-3.621853,s-0.452413,s186.833749
116_77,s1.977097,s3.068157,s345.225682
116_78,s-1.829454,s-3.042302,s93.900732
116_79,s3.253774,s-1.962895,s273.354185
116_80,s-0.325149,s3.786064,s131.920094
116_81,s-2.642866,s3.068837,s62.521798
116_82,s1.630583,s3.597735,s69.101863
116_83,s2.725321,s3.129716,s330.762874
116_84,s2.95204,s2.146616,s7.081862
116_85,s2.410285,s-2.872808,s153.463555
116_86,s3.471528,s2.181397,s335.572071
116_87,s-0.231783,s-3.29185,s231.091314
116_88,s2.879316,s-2.323691,s230.103259
116_89,s4.142602,s-0.247685,s338.630898
116_90,s-3.731807,s1.440005,s254.30311
116_91,s1.18635,s4.133107,s345.164607
116_92,s2.81654,s-2.979447,s229.20729
116_93,s2.077396,s-3.764894,s240.696507
116_94,s3.798107,s1.672389,s289.594995
116_95,s4.266966,s1.073779,s316.595207
116_96,s-0.576484,s4.311632,s139.266225
116_97,s-4.016726,s-1.04327,s38.835671
116_98,s-2.12813,s3.62092,s51.486677
116_99,s-1.605121,s-3.609167,s192.198402
116_100,s-2.057409,s-3.604105,s97.529507
116_101,s3.761321,s-1.501655,s322.282092
116_102,s-3.11213,s2.669204,s69.175553
116_103,s3.612748,s-2.92755,s264.083497
116_104,s0.498426,s-3.968825,s293.549509
116_105,s-0.944496,s-3.938328,s323.950988
116_106,s-3.905641,s2.02632,s347.918465
116_107,s-0.556445,s-4.213415,s160.216844
116_108,s2.546828,s3.709942,s354.774885
116_109,s1.068345,s-4.319854,s314.737555
116_110,s-4.401897,s0.652538,s141.517355
116_111,s-4.280539,s-2.280238,s210.497366
116_112,s-4.138004,s1.495634,s82.519476
116_113,s-3.417892,s-2.927117,s312.781521
116_114,s-2.909704,s-3.627137,s117.572004
116_115,s-4.641877,s-1.221873,s234.093079
117_0,s0.0,s0.0,s224.07799
117_1,s-0.148662,s0.371349,s324.138907
117_2,s-0.433521,s-0.120664,s43.560215
117_3,s0.190827,s-0.673487,s116.327727
117_4,s-0.913799,s-0.259751,s80.095038
117_5,s-0.447068,s0.663423,s97.607334
117_6,s-0.744268,s-0.590394,s194.56315
117_7,s-0.067394,s1.047835,s63.289603
117_8,s0.44541,s0.540009,s230.223708
117_9,s1.095233,s-0.350664,s121.948796
117_10,s0.734919,s-0.948627,s215.942255
117_11,s1.050575,s0.847816,s64.136372
117_12,s1.373843,s0.46374,s347.862517
117_13,s-1.245248,s-0.63981,s125.561183
117_14,s0.338793,s-1.306797,s194.028876
117_15,s-0.179821,s1.640172,s282.801172
117_16,s1.593643,s0.142487,s235.155091
117_17,s1.541295,s-0.929737,s310.83356
117_18,s-1.250661,s-1.151455,s199.265546
117_19,s0.914429,s1.373433,s12.198963
117_20,s-0.990518,s0.917264,s50.454835
117_21,s-1.575529,s0.490109,s161.451982
117_22,s-1.731787,s0.896333,s41.722179
117_23,s-0.4896,s-1.523251,s233.738856
117_24,s-0.59971,s1.855491,s332.670797
117_25,s2.195039,s0.14766,s276.378481
117_26,s-1.046984,s1.820391,s55.830495
117_27,s1.478226,s1.561201,s231.407036
117_28,s1.009852,s-1.784012,s287.529052
117_29,s-1.799898,s-1.265056,s121.541619
117_30,s-0.69012,s-2.088955,s218.237921
117_31,s0.424488,s-2.158659,s199.060667
117_32,s0.943868,s2.260888,s331.390383
117_33,s-1.284294,s-1.908033,s93.051652
117_34,s-2.436729,s1.041563,s178.101692
117_35,s1.524309,s-1.981535,s193.08367
117_36,s2.128314,s-1.213581,s173.42918
117_37,s2.21165,s1.36697,s351.856848
117_38,s-1.943709,s-0.471164,s76.317652
117_39,s-1.7889,s2.282507,s354.121861
117_40,s-1.783567,s1.605891,s35.245421
117_41,s2.363303,s0.957756,s214.713346
117_42,s-2.218369,s-0.915881,s115.824923
117_43,s-0.865964,s-2.715254,s242.256704
117_44,s-2.023115,s-2.215176,s153.40833
117_45,s1.539398,s2.157024,s334.41392
117_46,s-0.56078,s2.641122,s352.15862
117_47,s2.391934,s-0.883827,s342.58859
117_48,s0.539859,s2.798402,s102.03545
117_49,s3.14502,s0.590636,s36.746496
117_50,s2.864552,s-0.452045,s297.59072
117_51,s2.406737,s-1.790983,s273.36504
117_52,s1.057025,s-2.646733,s184.135559
117_53,s-2.394613,s1.635796,s356.642679
117_54,s-2.905277,s0.747906,s72.500196
117_55,s-1.029026,s-3.345311,s77.506439
117_56,s-1.077656,s2.311095,s6.634927
117_57,s2.682851,s1.650699,s294.589367
117_58,s-2.807388,s1.535765,s66.143347
117_59,s-2.910519,s-0.481016,s52.863442
117_60,s0.539087,s-3.30634,s246.659103
117_61,s3.046104,s-1.26935,s346.454119
117_62,s-2.508949,s-1.986246,s126.411505
117_63,s-2.93107,s-1.622137,s82.261795
117_64,s1.985035,s-2.445841,s275.447764
117_65,s1.200553,s3.340834,s100.302035
117_66,s-2.291591,s2.711294,s338.119892
117_67,s3.187388,s1.183451,s278.967592
117_68,s-1.447782,s3.131521,s10.710101
117_69,s-2.845785,s2.204883,s111.039982
117_70,s-3.328107,s0.382364,s87.537311
117_71,s2.227809,s2.226963,s330.431299
117_72,s-3.373023,s-2.055533,s83.431494
117_73,s3.579258,s-0.937503,s329.234523
117_74,s0.442226,s3.47195,s10.190142
117_75,s1.722208,s-3.331141,s137.944124
117_76,s-3.621853,s-0.452413,s186.833749
117_77,s1.977097,s3.068157,s345.225682
117_78,s-1.829454,s-3.042302,s93.900732
117_79,s3.253774,s-1.962895,s273.354185
117_80,s-0.325149,s3.786064,s131.920094
117_81,s-2.642866,s3.068837,s62.521798
117_82,s1.630583,s3.597735,s69.101863
117_83,s2.725321,s3.129716,s330.762874
117_84,s2.95204,s2.146616,s7.081862
117_85,s2.410285,s-2.872808,s153.463555
117_86,s3.471528,s2.181397,s335.572071
117_87,s-0.231783,s-3.29185,s231.091314
117_88,s2.879316,s-2.323691,s230.103259
117_89,s4.142602,s-0.247685,s338.630898
117_90,s-3.731807,s1.440005,s254.30311
117_91,s1.18635,s4.133107,s345.164607
117_92,s2.81654,s-2.979447,s229.20729
117_93,s2.077396,s-3.764894,s240.696507
117_94,s3.798107,s1.672389,s289.594995
117_95,s4.266966,s1.073779,s316.595207
117_96,s-0.576484,s4.311632,s139.266225
117_97,s-4.016726,s-1.04327,s38.835671
117_98,s-2.12813,s3.62092,s51.486677
117_99,s-1.605121,s-3.609167,s192.198402
117_100,s-2.057409,s-3.604105,s97.529507
117_101,s3.761321,s-1.501655,s322.282092
117_102,s-3.11213,s2.669204,s69.175553
117_103,s3.612748,s-2.92755,s264.083497
117_104,s0.498426,s-3.968825,s293.549509
117_105,s-0.944496,s-3.938328,s323.950988
117_106,s-3.905641,s2.02632,s347.918465
117_107,s-0.556445,s-4.213415,s160.216844
117_108,s2.546828,s3.709942,s354.774885
117_109,s1.068345,s-4.319854,s314.737555
117_110,s-4.401897,s0.652538,s141.517355
117_111,s-4.280539,s-2.280238,s210.497366
117_112,s-4.138004,s1.495634,s82.519476
117_113,s-3.417892,s-2.927117,s312.781521
117_114,s-2.909704,s-3.627137,s117.572004
117_115,s-4.641877,s-1.221873,s234.093079
117_116,s-2.427069,s-4.02484,s138.071358
118_0,s0.0,s0.0,s224.07799
118_1,s-0.148662,s0.371349,s324.138907
118_2,s-0.433521,s-0.120664,s43.560215
118_3,s0.190827,s-0.673487,s116.327727
118_4,s-0.913799,s-0.259751,s80.095038
118_5,s-0.447068,s0.663423,s97.607334
118_6,s-0.744268,s-0.590394,s194.56315
118_7,s-0.067394,s1.047835,s63.289603
118_8,s0.44541,s0.540009,s230.223708
118_9,s1.095233,s-0.350664,s121.948796
118_10,s0.734919,s-0.948627,s215.942255
118_11,s1.050575,s0.847816,s64.136372
118_12,s1.373843,s0.46374,s347.862517
118_13,s-1.245248,s-0.63981,s125.561183
118_14,s0.338793,s-1.306797,s194.028876
118_15,s-0.179821,s1.640172,s282.801172
118_16,s1.593643,s0.142487,s235.155091
118_17,s1.541295,s-0.929737,s310.83356
118_18,s-1.250661,s-1.151455,s199.265546
118_19,s0.914429,s1.373433,s12.198963
118_20,s-0.990518,s0.917264,s50.454835
118_21,s-1.575529,s0.490109,s161.451982
118_22,s-1.731787,s0.896333,s41.722179
118_23,s-0.4896,s-1.523251,s233.738856
118_24,s-0.59971,s1.855491,s332.670797
118_25,s2.195039,s0.14766,s276.378481
118_26,s-1.046984,s1.820391,s55.830495
118_27,s1.478226,s1.561201,s231.407036
118_28,s1.009852,s-1.784012,s287.529052
118_29,s-1.799898,s-1.265056,s121.541619
118_30,s-0.69012,s-2.088955,s218.237921
118_31,s0.424488,s-2.158659,s199.060667
118_32,s0.943868,s2.260888,s331.390383
118_33,s-1.284294,s-1.908033,s93.051652
118_34,s-2.436729,s1.041563,s178.101692
118_35,s1.524309,s-1.981535,s193.08367
118_36,s2.128314,s-1.213581,s173.42918
118_37,s2.21165,s1.36697,s351.856848
118_38,s-1.943709,s-0.471164,s76.317652
118_39,s-1.7889,s2.282507,s354.121861
118_40,s-1.783567,s1.605891,s35.245421
118_41,s2.363303,s0.957756,s214.713346
118_42,s-2.218369,s-0.915881,s115.824923
118_43,s-0.865964,s-2.715254,s242.256704
118_44,s-2.023115,s-2.215176,s153.40833
118_45,s1.539398,s2.157024,s334.41392
118_46,s-0.56078,s2.641122,s352.15862
118_47,s2.391934,s-0.883827,s342.58859
118_48,s0.539859,s2.798402,s102.03545
118_49,s3.14502,s0.590636,s36.746496
118_50,s2.864552,s-0.452045,s297.59072
118_51,s2.406737,s-1.790983,s273.36504
118_52,s1.057025,s-2.646733,s184.135559
118_53,s-2.394613,s1.635796,s356.642679
118_54,s-2.905277,s0.747906,s72.500196
118_55,s-1.029026,s-3.345311,s77.506439
118_56,s-1.077656,s2.311095,s6.634927
118_57,s2.682851,s1.650699,s294.589367
118_58,s-2.807388,s1.535765,s66.143347
118_59,s-2.910519,s-0.481016,s52.863442
118_60,s0.539087,s-3.30634,s246.659103
118_61,s3.046104,s-1.26935,s346.454119
118_62,s-2.508949,s-1.986246,s126.411505
118_63,s-2.93107,s-1.622137,s82.261795
118_64,s1.985035,s-2.445841,s275.447764
118_65,s1.200553,s3.340834,s100.302035
118_66,s-2.291591,s2.711294,s338.119892
118_67,s3.187388,s1.183451,s278.967592
118_68,s-1.447782,s3.131521,s10.710101
118_69,s-2.845785,s2.204883,s111.039982
118_70,s-3.328107,s0.382364,s87.537311
118_71,s2.227809,s2.226963,s330.431299
118_72,s-3.373023,s-2.055533,s83.431494
118_73,s3.579258,s-0.937503,s329.234523
118_74,s0.442226,s3.47195,s10.190142
118_75,s1.722208,s-3.331141,s137.944124
118_76,s-3.621853,s-0.452413,s186.833749
118_77,s1.977097,s3.068157,s345.225682
118_78,s-1.829454,s-3.042302,s93.900732
118_79,s3.253774,s-1.962895,s273.354185
118_80,s-0.325149,s3.786064,s131.920094
118_81,s-2.642866,s3.068837,s62.521798
118_82,s1.630583,s3.597735,s69.101863
118_83,s2.725321,s3.129716,s330.762874
118_84,s2.95204,s2.146616,s7.081862
118_85,s2.410285,s-2.872808,s153.463555
118_86,s3.471528,s2.181397,s335.572071
118_87,s-0.231783,s-3.29185,s231.091314
118_88,s2.879316,s-2.323691,s230.103259
118_89,s4.142602,s-0.247685,s338.630898
118_90,s-3.731807,s1.440005,s254.30311
118_91,s1.18635,s4.133107,s345.164607
118_92,s2.81654,s-2.979447,s229.20729
118_93,s2.077396,s-3.764894,s240.696507
118_94,s3.798107,s1.672389,s289.594995
118_95,s4.266966,s1.073779,s316.595207
118_96,s-0.576484,s4.311632,s139.266225
118_97,s-4.016726,s-1.04327,s38.835671
118_98,s-2.12813,s3.62092,s51.486677
118_99,s-1.605121,s-3.609167,s192.198402
118_100,s-2.057409,s-3.604105,s97.529507
118_101,s3.761321,s-1.501655,s322.282092
118_102,s-3.11213,s2.669204,s69.175553
118_103,s3.612748,s-2.92755,s264.083497
118_104,s0.498426,s-3.968825,s293.549509
118_105,s-0.944496,s-3.938328,s323.950988
118_106,s-3.905641,s2.02632,s347.918465
118_107,s-0.556445,s-4.213415,s160.216844
118_108,s2.546828,s3.709942,s354.774885
118_109,s1.068345,s-4.319854,s314.737555
118_110,s-4.401897,s0.652538,s141.517355
118_111,s-4.280539,s-2.280238,s210.497366
118_112,s-4.138004,s1.495634,s82.519476
118_113,s-3.417892,s-2.927117,s312.781521
118_114,s-2.909704,s-3.627137,s117.572004
118_115,s-4.641877,s-1.221873,s234.093079
118_116,s-2.427069,s-4.02484,s138.071358
118_117,s2.081235,s-4.269773,s189.529959
119_0,s0.0,s0.0,s224.07799
119_1,s-0.148662,s0.371349,s324.138907
119_2,s-0.433521,s-0.120664,s43.560215
119_3,s0.190827,s-0.673487,s116.327727
119_4,s-0.913799,s-0.259751,s80.095038
119_5,s-0.447068,s0.663423,s97.607334
119_6,s-0.744268,s-0.590394,s194.56315
119_7,s-0.067394,s1.047835,s63.289603
119_8,s0.44541,s0.540009,s230.223708
119_9,s1.095233,s-0.350664,s121.948796
119_10,s0.734919,s-0.948627,s215.942255
119_11,s1.050575,s0.847816,s64.136372
119_12,s1.373843,s0.46374,s347.862517
119_13,s-1.245248,s-0.63981,s125.561183
119_14,s0.338793,s-1.306797,s194.028876
119_15,s-0.179821,s1.640172,s282.801172
119_16,s1.593643,s0.142487,s235.155091
119_17,s1.541295,s-0.929737,s310.83356
119_18,s-1.250661,s-1.151455,s199.265546
119_19,s0.914429,s1.373433,s12.198963
119_20,s-0.990518,s0.917264,s50.454835
119_21,s-1.575529,s0.490109,s161.451982
119_22,s-1.731787,s0.896333,s41.722179
119_23,s-0.4896,s-1.523251,s233.738856
119_24,s-0.59971,s1.855491,s332.670797
119_25,s2.195039,s0.14766,s276.378481
119_26,s-1.046984,s1.820391,s55.830495
119_27,s1.478226,s1.561201,s231.407036
119_28,s1.009852,s-1.784012,s287.529052
119_29,s-1.799898,s-1.265056,s121.541619
119_30,s-0.69012,s-2.088955,s218.237921
119_31,s0.424488,s-2.158659,s199.060667
119_32,s0.943868,s2.260888,s331.390383
119_33,s-1.284294,s-1.908033,s93.051652
119_34,s-2.436729,s1.041563,s178.101692
119_35,s1.524309,s-1.981535,s193.08367
119_36,s2.128314,s-1.213581,s173.42918
119_37,s2.21165,s1.36697,s351.856848
119_38,s-1.943709,s-0.471164,s76.317652
119_39,s-1.7889,s2.282507,s354.121861
119_40,s-1.783567,s1.605891,s35.245421
119_41,s2.363303,s0.957756,s214.713346
119_42,s-2.218369,s-0.915881,s115.824923
119_43,s-0.865964,s-2.715254,s242.256704
119_44,s-2.023115,s-2.215176,s153.40833
119_45,s1.539398,s2.157024,s334.41392
119_46,s-0.56078,s2.641122,s352.15862
119_47,s2.391934,s-0.883827,s342.58859
119_48,s0.539859,s2.798402,s102.03545
119_49,s3.14502,s0.590636,s36.746496
119_50,s2.864552,s-0.452045,s297.59072
119_51,s2.406737,s-1.790983,s273.36504
119_52,s1.057025,s-2.646733,s184.135559
119_53,s-2.394613,s1.635796,s356.642679
119_54,s-2.905277,s0.747906,s72.500196
119_55,s-1.029026,s-3.345311,s77.506439
119_56,s-1.077656,s2.311095,s6.634927
119_57,s2.682851,s1.650699,s294.589367
119_58,s-2.807388,s1.535765,s66.143347
119_59,s-2.910519,s-0.481016,s52.863442
119_60,s0.539087,s-3.30634,s246.659103
119_61,s3.046104,s-1.26935,s346.454119
119_62,s-2.508949,s-1.986246,s126.411505
119_63,s-2.93107,s-1.622137,s82.261795
119_64,s1.985035,s-2.445841,s275.447764
119_65,s1.200553,s3.340834,s100.302035
119_66,s-2.291591,s2.711294,s338.119892
119_67,s3.187388,s1.183451,s278.967592
119_68,s-1.447782,s3.131521,s10.710101
119_69,s-2.845785,s2.204883,s111.039982
119_70,s-3.328107,s0.382364,s87.537311
119_71,s2.227809,s2.226963,s330.431299
119_72,s-3.373023,s-2.055533,s83.431494
119_73,s3.579258,s-0.937503,s329.234523
119_74,s0.442226,s3.47195,s10.190142
119_75,s1.722208,s-3.331141,s137.944124
119_76,s-3.621853,s-0.452413,s186.833749
119_77,s1.977097,s3.068157,s345.225682
119_78,s-1.829454,s-3.042302,s93.900732
119_79,s3.253774,s-1.962895,s273.354185
119_80,s-0.325149,s3.786064,s131.920094
119_81,s-2.642866,s3.068837,s62.521798
119_82,s1.630583,s3.597735,s69.101863
119_83,s2.725321,s3.129716,s330.762874
119_84,s2.95204,s2.146616,s7.081862
119_85,s2.410285,s-2.872808,s153.463555
119_86,s3.471528,s2.181397,s335.572071
119_87,s-0.231783,s-3.29185,s231.091314
119_88,s2.879316,s-2.323691,s230.103259
119_89,s4.142602,s-0.247685,s338.630898
119_90,s-3.731807,s1.440005,s254.30311
119_91,s1.18635,s4.133107,s345.164607
119_92,s2.81654,s-2.979447,s229.20729
119_93,s2.077396,s-3.764894,s240.696507
119_94,s3.798107,s1.672389,s289.594995
119_95,s4.266966,s1.073779,s316.595207
119_96,s-0.576484,s4.311632,s139.266225
119_97,s-4.016726,s-1.04327,s38.835671
119_98,s-2.12813,s3.62092,s51.486677
119_99,s-1.605121,s-3.609167,s192.198402
119_100,s-2.057409,s-3.604105,s97.529507
119_101,s3.761321,s-1.501655,s322.282092
119_102,s-3.11213,s2.669204,s69.175553
119_103,s3.612748,s-2.92755,s264.083497
119_104,s0.498426,s-3.968825,s293.549509
119_105,s-0.944496,s-3.938328,s323.950988
119_106,s-3.905641,s2.02632,s347.918465
119_107,s-0.556445,s-4.213415,s160.216844
119_108,s2.546828,s3.709942,s354.774885
119_109,s1.068345,s-4.319854,s314.737555
119_110,s-4.401897,s0.652538,s141.517355
119_111,s-4.280539,s-2.280238,s210.497366
119_112,s-4.138004,s1.495634,s82.519476
119_113,s-3.417892,s-2.927117,s312.781521
119_114,s-2.909704,s-3.627137,s117.572004
119_115,s-4.641877,s-1.221873,s234.093079
119_116,s-2.427069,s-4.02484,s138.071358
119_117,s2.081235,s-4.269773,s189.529959
119_118,s3.980854,s-2.304951,s265.834882
120_0,s0.0,s0.0,s224.07799
120_1,s-0.148662,s0.371349,s324.138907
120_2,s-0.433521,s-0.120664,s43.560215
120_3,s0.190827,s-0.673487,s116.327727
120_4,s-0.913799,s-0.259751,s80.095038
120_5,s-0.447068,s0.663423,s97.607334
120_6,s-0.744268,s-0.590394,s194.56315
120_7,s-0.067394,s1.047835,s63.289603
120_8,s0.44541,s0.540009,s230.223708
120_9,s1.095233,s-0.350664,s121.948796
120_10,s0.734919,s-0.948627,s215.942255
120_11,s1.050575,s0.847816,s64.136372
120_12,s1.373843,s0.46374,s347.862517
120_13,s-1.245248,s-0.63981,s125.561183
120_14,s0.338793,s-1.306797,s194.028876
120_15,s-0.179821,s1.640172,s282.801172
120_16,s1.593643,s0.142487,s235.155091
120_17,s1.541295,s-0.929737,s310.83356
120_18,s-1.250661,s-1.151455,s199.265546
120_19,s0.914429,s1.373433,s12.198963
120_20,s-0.990518,s0.917264,s50.454835
120_21,s-1.575529,s0.490109,s161.451982
120_22,s-1.731787,s0.896333,s41.722179
120_23,s-0.4896,s-1.523251,s233.738856
120_24,s-0.59971,s1.855491,s332.670797
120_25,s2.195039,s0.14766,s276.378481
120_26,s-1.046984,s1.820391,s55.830495
120_27,s1.478226,s1.561201,s231.407036
120_28,s1.009852,s-1.784012,s287.529052
120_29,s-1.799898,s-1.265056,s121.541619
120_30,s-0.69012,s-2.088955,s218.237921
120_31,s0.424488,s-2.158659,s199.060667
120_32,s0.943868,s2.260888,s331.390383
120_33,s-1.284294,s-1.908033,s93.051652
120_34,s-2.436729,s1.041563,s178.101692
120_35,s1.524309,s-1.981535,s193.08367
120_36,s2.128314,s-1.213581,s173.42918
120_37,s2.21165,s1.36697,s351.856848
120_38,s-1.943709,s-0.471164,s76.317652
120_39,s-1.7889,s2.282507,s354.121861
120_40,s-1.783567,s1.605891,s35.245421
120_41,s2.363303,s0.957756,s214.713346
120_42,s-2.218369,s-0.915881,s115.824923
120_43,s-0.865964,s-2.715254,s242.256704
120_44,s-2.023115,s-2.215176,s153.40833
120_45,s1.539398,s2.157024,s334.41392
120_46,s-0.56078,s2.641122,s352.15862
120_47,s2.391934,s-0.883827,s342.58859
120_48,s0.539859,s2.798402,s102.03545
120_49,s3.14502,s0.590636,s36.746496
120_50,s2.864552,s-0.452045,s297.59072
120_51,s2.406737,s-1.790983,s273.36504
120_52,s1.057025,s-2.646733,s184.135559
120_53,s-2.394613,s1.635796,s356.642679
120_54,s-2.905277,s0.747906,s72.500196
120_55,s-1.029026,s-3.345311,s77.506439
120_56,s-1.077656,s2.311095,s6.634927
120_57,s2.682851,s1.650699,s294.589367
120_58,s-2.807388,s1.535765,s66.143347
120_59,s-2.910519,s-0.481016,s52.863442
120_60,s0.539087,s-3.30634,s246.659103
120_61,s3.046104,s-1.26935,s346.454119
120_62,s-2.508949,s-1.986246,s126.411505
120_63,s-2.93107,s-1.622137,s82.261795
120_64,s1.985035,s-2.445841,s275.447764
120_65,s1.200553,s3.340834,s100.302035
120_66,s-2.291591,s2.711294,s338.119892
120_67,s3.187388,s1.183451,s278.967592
120_68,s-1.447782,s3.131521,s10.710101
120_69,s-2.845785,s2.204883,s111.039982
120_70,s-3.328107,s0.382364,s87.537311
120_71,s2.227809,s2.226963,s330.431299
120_72,s-3.373023,s-2.055533,s83.431494
120_73,s3.579258,s-0.937503,s329.234523
120_74,s0.442226,s3.47195,s10.190142
120_75,s1.722208,s-3.331141,s137.944124
120_76,s-3.621853,s-0.452413,s186.833749
120_77,s1.977097,s3.068157,s345.225682
120_78,s-1.829454,s-3.042302,s93.900732
120_79,s3.253774,s-1.962895,s273.354185
120_80,s-0.325149,s3.786064,s131.920094
120_81,s-2.642866,s3.068837,s62.521798
120_82,s1.630583,s3.597735,s69.101863
120_83,s2.725321,s3.129716,s330.762874
120_84,s2.95204,s2.146616,s7.081862
120_85,s2.410285,s-2.872808,s153.463555
120_86,s3.471528,s2.181397,s335.572071
120_87,s-0.231783,s-3.29185,s231.091314
120_88,s2.879316,s-2.323691,s230.103259
120_89,s4.142602,s-0.247685,s338.630898
120_90,s-3.731807,s1.440005,s254.30311
120_91,s1.18635,s4.133107,s345.164607
120_92,s2.81654,s-2.979447,s229.20729
120_93,s2.077396,s-3.764894,s240.696507
120_94,s3.798107,s1.672389,s289.594995
120_95,s4.266966,s1.073779,s316.595207
120_96,s-0.576484,s4.311632,s139.266225
120_97,s-4.016726,s-1.04327,s38.835671
120_98,s-2.12813,s3.62092,s51.486677
120_99,s-1.605121,s-3.609167,s192.198402
120_100,s-2.057409,s-3.604105,s97.529507
120_101,s3.761321,s-1.501655,s322.282092
120_102,s-3.11213,s2.669204,s69.175553
120_103,s3.612748,s-2.92755,s264.083497
120_104,s0.498426,s-3.968825,s293.549509
120_105,s-0.944496,s-3.938328,s323.950988
120_106,s-3.905641,s2.02632,s347.918465
120_107,s-0.556445,s-4.213415,s160.216844
120_108,s2.546828,s3.709942,s354.774885
120_109,s1.068345,s-4.319854,s314.737555
120_110,s-4.401897,s0.652538,s141.517355
120_111,s-4.280539,s-2.280238,s210.497366
120_112,s-4.138004,s1.495634,s82.519476
120_113,s-3.417892,s-2.927117,s312.781521
120_114,s-2.909704,s-3.627137,s117.572004
120_115,s-4.641877,s-1.221873,s234.093079
120_116,s-2.427069,s-4.02484,s138.071358
120_117,s2.081235,s-4.269773,s189.529959
120_118,s3.980854,s-2.304951,s265.834882
120_119,s-2.96033,s3.714693,s115.258664
121_0,s0.0,s0.0,s224.07799
121_1,s-0.148662,s0.371349,s324.138907
121_2,s-0.433521,s-0.120664,s43.560215
121_3,s0.190827,s-0.673487,s116.327727
121_4,s-0.913799,s-0.259751,s80.095038
121_5,s-0.447068,s0.663423,s97.607334
121_6,s-0.744268,s-0.590394,s194.56315
121_7,s-0.067394,s1.047835,s63.289603
121_8,s0.44541,s0.540009,s230.223708
121_9,s1.095233,s-0.350664,s121.948796
121_10,s0.734919,s-0.948627,s215.942255
121_11,s1.050575,s0.847816,s64.136372
121_12,s1.373843,s0.46374,s347.862517
121_13,s-1.245248,s-0.63981,s125.561183
121_14,s0.338793,s-1.306797,s194.028876
121_15,s-0.179821,s1.640172,s282.801172
121_16,s1.593643,s0.142487,s235.155091
121_17,s1.541295,s-0.929737,s310.83356
121_18,s-1.250661,s-1.151455,s199.265546
121_19,s0.914429,s1.373433,s12.198963
121_20,s-0.990518,s0.917264,s50.454835
121_21,s-1.575529,s0.490109,s161.451982
121_22,s-1.731787,s0.896333,s41.722179
121_23,s-0.4896,s-1.523251,s233.738856
121_24,s-0.59971,s1.855491,s332.670797
121_25,s2.195039,s0.14766,s276.378481
121_26,s-1.046984,s1.820391,s55.830495
121_27,s1.478226,s1.561201,s231.407036
121_28,s1.009852,s-1.784012,s287.529052
121_29,s-1.799898,s-1.265056,s121.541619
121_30,s-0.69012,s-2.088955,s218.237921
121_31,s0.424488,s-2.158659,s199.060667
121_32,s0.943868,s2.260888,s331.390383
121_33,s-1.284294,s-1.908033,s93.051652
121_34,s-2.436729,s1.041563,s178.101692
121_35,s1.524309,s-1.981535,s193.08367
121_36,s2.128314,s-1.213581,s173.42918
121_37,s2.21165,s1.36697,s351.856848
121_38,s-1.943709,s-0.471164,s76.317652
121_39,s-1.7889,s2.282507,s354.121861
121_40,s-1.783567,s1.605891,s35.245421
121_41,s2.363303,s0.957756,s214.713346
121_42,s-2.218369,s-0.915881,s115.824923
121_43,s-0.865964,s-2.715254,s242.256704
121_44,s-2.023115,s-2.215176,s153.40833
121_45,s1.539398,s2.157024,s334.41392
121_46,s-0.56078,s2.641122,s352.15862
121_47,s2.391934,s-0.883827,s342.58859
121_48,s0.539859,s2.798402,s102.03545
121_49,s3.14502,s0.590636,s36.746496
121_50,s2.864552,s-0.452045,s297.59072
121_51,s2.406737,s-1.790983,s273.36504
121_52,s1.057025,s-2.646733,s184.135559
121_53,s-2.394613,s1.635796,s356.642679
121_54,s-2.905277,s0.747906,s72.500196
121_55,s-1.029026,s-3.345311,s77.506439
121_56,s-1.077656,s2.311095,s6.634927
121_57,s2.682851,s1.650699,s294.589367
121_58,s-2.807388,s1.535765,s66.143347
121_59,s-2.910519,s-0.481016,s52.863442
121_60,s0.539087,s-3.30634,s246.659103
121_61,s3.046104,s-1.26935,s346.454119
121_62,s-2.508949,s-1.986246,s126.411505
121_63,s-2.93107,s-1.622137,s82.261795
121_64,s1.985035,s-2.445841,s275.447764
121_65,s1.200553,s3.340834,s100.302035
121_66,s-2.291591,s2.711294,s338.119892
121_67,s3.187388,s1.183451,s278.967592
121_68,s-1.447782,s3.131521,s10.710101
121_69,s-2.845785,s2.204883,s111.039982
121_70,s-3.328107,s0.382364,s87.537311
121_71,s2.227809,s2.226963,s330.431299
121_72,s-3.373023,s-2.055533,s83.431494
121_73,s3.579258,s-0.937503,s329.234523
121_74,s0.442226,s3.47195,s10.190142
121_75,s1.722208,s-3.331141,s137.944124
121_76,s-3.621853,s-0.452413,s186.833749
121_77,s1.977097,s3.068157,s345.225682
121_78,s-1.829454,s-3.042302,s93.900732
121_79,s3.253774,s-1.962895,s273.354185
121_80,s-0.325149,s3.786064,s131.920094
121_81,s-2.642866,s3.068837,s62.521798
121_82,s1.630583,s3.597735,s69.101863
121_83,s2.725321,s3.129716,s330.762874
121_84,s2.95204,s2.146616,s7.081862
121_85,s2.410285,s-2.872808,s153.463555
121_86,s3.471528,s2.181397,s335.572071
121_87,s-0.231783,s-3.29185,s231.091314
121_88,s2.879316,s-2.323691,s230.103259
121_89,s4.142602,s-0.247685,s338.630898
121_90,s-3.731807,s1.440005,s254.30311
121_91,s1.18635,s4.133107,s345.164607
121_92,s2.81654,s-2.979447,s229.20729
121_93,s2.077396,s-3.764894,s240.696507
121_94,s3.798107,s1.672389,s289.594995
121_95,s4.266966,s1.073779,s316.595207
121_96,s-0.576484,s4.311632,s139.266225
121_97,s-4.016726,s-1.04327,s38.835671
121_98,s-2.12813,s3.62092,s51.486677
121_99,s-1.605121,s-3.609167,s192.198402
121_100,s-2.057409,s-3.604105,s97.529507
121_101,s3.761321,s-1.501655,s322.282092
121_102,s-3.11213,s2.669204,s69.175553
121_103,s3.612748,s-2.92755,s264.083497
121_104,s0.498426,s-3.968825,s293.549509
121_105,s-0.944496,s-3.938328,s323.950988
121_106,s-3.905641,s2.02632,s347.918465
121_107,s-0.556445,s-4.213415,s160.216844
121_108,s2.546828,s3.709942,s354.774885
121_109,s1.068345,s-4.319854,s314.737555
121_110,s-4.401897,s0.652538,s141.517355
121_111,s-4.280539,s-2.280238,s210.497366
121_112,s-4.138004,s1.495634,s82.519476
121_113,s-3.417892,s-2.927117,s312.781521
121_114,s-2.909704,s-3.627137,s117.572004
121_115,s-4.641877,s-1.221873,s234.093079
121_116,s-2.427069,s-4.02484,s138.071358
121_117,s2.081235,s-4.269773,s189.529959
121_118,s3.980854,s-2.304951,s265.834882
121_119,s-2.96033,s3.714693,s115.258664
121_120,s-1.779767,s4.241748,s234.524682
122_0,s0.0,s0.0,s224.07799
122_1,s-0.148662,s0.371349,s324.138907
122_2,s-0.433521,s-0.120664,s43.560215
122_3,s0.190827,s-0.673487,s116.327727
122_4,s-0.913799,s-0.259751,s80.095038
122_5,s-0.447068,s0.663423,s97.607334
122_6,s-0.744268,s-0.590394,s194.56315
122_7,s-0.067394,s1.047835,s63.289603
122_8,s0.44541,s0.540009,s230.223708
122_9,s1.095233,s-0.350664,s121.948796
122_10,s0.734919,s-0.948627,s215.942255
122_11,s1.050575,s0.847816,s64.136372
122_12,s1.373843,s0.46374,s347.862517
122_13,s-1.245248,s-0.63981,s125.561183
122_14,s0.338793,s-1.306797,s194.028876
122_15,s-0.179821,s1.640172,s282.801172
122_16,s1.593643,s0.142487,s235.155091
122_17,s1.541295,s-0.929737,s310.83356
122_18,s-1.250661,s-1.151455,s199.265546
122_19,s0.914429,s1.373433,s12.198963
122_20,s-0.990518,s0.917264,s50.454835
122_21,s-1.575529,s0.490109,s161.451982
122_22,s-1.731787,s0.896333,s41.722179
122_23,s-0.4896,s-1.523251,s233.738856
122_24,s-0.59971,s1.855491,s332.670797
122_25,s2.195039,s0.14766,s276.378481
122_26,s-1.046984,s1.820391,s55.830495
122_27,s1.478226,s1.561201,s231.407036
122_28,s1.009852,s-1.784012,s287.529052
122_29,s-1.799898,s-1.265056,s121.541619
122_30,s-0.69012,s-2.088955,s218.237921
122_31,s0.424488,s-2.158659,s199.060667
122_32,s0.943868,s2.260888,s331.390383
122_33,s-1.284294,s-1.908033,s93.051652
122_34,s-2.436729,s1.041563,s178.101692
122_35,s1.524309,s-1.981535,s193.08367
122_36,s2.128314,s-1.213581,s173.42918
122_37,s2.21165,s1.36697,s351.856848
122_38,s-1.943709,s-0.471164,s76.317652
122_39,s-1.7889,s2.282507,s354.121861
122_40,s-1.783567,s1.605891,s35.245421
122_41,s2.363303,s0.957756,s214.713346
122_42,s-2.218369,s-0.915881,s115.824923
122_43,s-0.865964,s-2.715254,s242.256704
122_44,s-2.023115,s-2.215176,s153.40833
122_45,s1.539398,s2.157024,s334.41392
122_46,s-0.56078,s2.641122,s352.15862
122_47,s2.391934,s-0.883827,s342.58859
122_48,s0.539859,s2.798402,s102.03545
122_49,s3.14502,s0.590636,s36.746496
122_50,s2.864552,s-0.452045,s297.59072
122_51,s2.406737,s-1.790983,s273.36504
122_52,s1.057025,s-2.646733,s184.135559
122_53,s-2.394613,s1.635796,s356.642679
122_54,s-2.905277,s0.747906,s72.500196
122_55,s-1.029026,s-3.345311,s77.506439
122_56,s-1.077656,s2.311095,s6.634927
122_57,s2.682851,s1.650699,s294.589367
122_58,s-2.807388,s1.535765,s66.143347
122_59,s-2.910519,s-0.481016,s52.863442
122_60,s0.539087,s-3.30634,s246.659103
122_61,s3.046104,s-1.26935,s346.454119
122_62,s-2.508949,s-1.986246,s126.411505
122_63,s-2.93107,s-1.622137,s82.261795
122_64,s1.985035,s-2.445841,s275.447764
122_65,s1.200553,s3.340834,s100.302035
122_66,s-2.291591,s2.711294,s338.119892
122_67,s3.187388,s1.183451,s278.967592
122_68,s-1.447782,s3.131521,s10.710101
122_69,s-2.845785,s2.204883,s111.039982
122_70,s-3.328107,s0.382364,s87.537311
122_71,s2.227809,s2.226963,s330.431299
122_72,s-3.373023,s-2.055533,s83.431494
122_73,s3.579258,s-0.937503,s329.234523
122_74,s0.442226,s3.47195,s10.190142
122_75,s1.722208,s-3.331141,s137.944124
122_76,s-3.621853,s-0.452413,s186.833749
122_77,s1.977097,s3.068157,s345.225682
122_78,s-1.829454,s-3.042302,s93.900732
122_79,s3.253774,s-1.962895,s273.354185
122_80,s-0.325149,s3.786064,s131.920094
122_81,s-2.642866,s3.068837,s62.521798
122_82,s1.630583,s3.597735,s69.101863
122_83,s2.725321,s3.129716,s330.762874
122_84,s2.95204,s2.146616,s7.081862
122_85,s2.410285,s-2.872808,s153.463555
122_86,s3.471528,s2.181397,s335.572071
122_87,s-0.231783,s-3.29185,s231.091314
122_88,s2.879316,s-2.323691,s230.103259
122_89,s4.142602,s-0.247685,s338.630898
122_90,s-3.731807,s1.440005,s254.30311
122_91,s1.18635,s4.133107,s345.164607
122_92,s2.81654,s-2.979447,s229.20729
122_93,s2.077396,s-3.764894,s240.696507
122_94,s3.798107,s1.672389,s289.594995
122_95,s4.266966,s1.073779,s316.595207
122_96,s-0.576484,s4.311632,s139.266225
122_97,s-4.016726,s-1.04327,s38.835671
122_98,s-2.12813,s3.62092,s51.486677
122_99,s-1.605121,s-3.609167,s192.198402
122_100,s-2.057409,s-3.604105,s97.529507
122_101,s3.761321,s-1.501655,s322.282092
122_102,s-3.11213,s2.669204,s69.175553
122_103,s3.612748,s-2.92755,s264.083497
122_104,s0.498426,s-3.968825,s293.549509
122_105,s-0.944496,s-3.938328,s323.950988
122_106,s-3.905641,s2.02632,s347.918465
122_107,s-0.556445,s-4.213415,s160.216844
122_108,s2.546828,s3.709942,s354.774885
122_109,s1.068345,s-4.319854,s314.737555
122_110,s-4.401897,s0.652538,s141.517355
122_111,s-4.280539,s-2.280238,s210.497366
122_112,s-4.138004,s1.495634,s82.519476
122_113,s-3.417892,s-2.927117,s312.781521
122_114,s-2.909704,s-3.627137,s117.572004
122_115,s-4.641877,s-1.221873,s234.093079
122_116,s-2.427069,s-4.02484,s138.071358
122_117,s2.081235,s-4.269773,s189.529959
122_118,s3.980854,s-2.304951,s265.834882
122_119,s-2.96033,s3.714693,s115.258664
122_120,s-1.779767,s4.241748,s234.524682
122_121,s-1.286726,s-4.62432,s76.009566
123_0,s0.0,s0.0,s224.07799
123_1,s-0.148662,s0.371349,s324.138907
123_2,s-0.433521,s-0.120664,s43.560215
123_3,s0.190827,s-0.673487,s116.327727
123_4,s-0.913799,s-0.259751,s80.095038
123_5,s-0.447068,s0.663423,s97.607334
123_6,s-0.744268,s-0.590394,s194.56315
123_7,s-0.067394,s1.047835,s63.289603
123_8,s0.44541,s0.540009,s230.223708
123_9,s1.095233,s-0.350664,s121.948796
123_10,s0.734919,s-0.948627,s215.942255
123_11,s1.050575,s0.847816,s64.136372
123_12,s1.373843,s0.46374,s347.862517
123_13,s-1.245248,s-0.63981,s125.561183
123_14,s0.338793,s-1.306797,s194.028876
123_15,s-0.179821,s1.640172,s282.801172
123_16,s1.593643,s0.142487,s235.155091
123_17,s1.541295,s-0.929737,s310.83356
123_18,s-1.250661,s-1.151455,s199.265546
123_19,s0.914429,s1.373433,s12.198963
123_20,s-0.990518,s0.917264,s50.454835
123_21,s-1.575529,s0.490109,s161.451982
123_22,s-1.731787,s0.896333,s41.722179
123_23,s-0.4896,s-1.523251,s233.738856
123_24,s-0.59971,s1.855491,s332.670797
123_25,s2.195039,s0.14766,s276.378481
123_26,s-1.046984,s1.820391,s55.830495
123_27,s1.478226,s1.561201,s231.407036
123_28,s1.009852,s-1.784012,s287.529052
123_29,s-1.799898,s-1.265056,s121.541619
123_30,s-0.69012,s-2.088955,s218.237921
123_31,s0.424488,s-2.158659,s199.060667
123_32,s0.943868,s2.260888,s331.390383
123_33,s-1.284294,s-1.908033,s93.051652
123_34,s-2.436729,s1.041563,s178.101692
123_35,s1.524309,s-1.981535,s193.08367
123_36,s2.128314,s-1.213581,s173.42918
123_37,s2.21165,s1.36697,s351.856848
123_38,s-1.943709,s-0.471164,s76.317652
123_39,s-1.7889,s2.282507,s354.121861
123_40,s-1.783567,s1.605891,s35.245421
123_41,s2.363303,s0.957756,s214.713346
123_42,s-2.218369,s-0.915881,s115.824923
123_43,s-0.865964,s-2.715254,s242.256704
123_44,s-2.023115,s-2.215176,s153.40833
123_45,s1.539398,s2.157024,s334.41392
123_46,s-0.56078,s2.641122,s352.15862
123_47,s2.391934,s-0.883827,s342.58859
123_48,s0.539859,s2.798402,s102.03545
123_49,s3.14502,s0.590636,s36.746496
123_50,s2.864552,s-0.452045,s297.59072
123_51,s2.406737,s-1.790983,s273.36504
123_52,s1.057025,s-2.646733,s184.135559
123_53,s-2.394613,s1.635796,s356.642679
123_54,s-2.905277,s0.747906,s72.500196
123_55,s-1.029026,s-3.345311,s77.506439
123_56,s-1.077656,s2.311095,s6.634927
123_57,s2.682851,s1.650699,s294.589367
123_58,s-2.807388,s1.535765,s66.143347
123_59,s-2.910519,s-0.481016,s52.863442
123_60,s0.539087,s-3.30634,s246.659103
123_61,s3.046104,s-1.26935,s346.454119
123_62,s-2.508949,s-1.986246,s126.411505
123_63,s-2.93107,s-1.622137,s82.261795
123_64,s1.985035,s-2.445841,s275.447764
123_65,s1.200553,s3.340834,s100.302035
123_66,s-2.291591,s2.711294,s338.119892
123_67,s3.187388,s1.183451,s278.967592
123_68,s-1.447782,s3.131521,s10.710101
123_69,s-2.845785,s2.204883,s111.039982
123_70,s-3.328107,s0.382364,s87.537311
123_71,s2.227809,s2.226963,s330.431299
123_72,s-3.373023,s-2.055533,s83.431494
123_73,s3.579258,s-0.937503,s329.234523
123_74,s0.442226,s3.47195,s10.190142
123_75,s1.722208,s-3.331141,s137.944124
123_76,s-3.621853,s-0.452413,s186.833749
123_77,s1.977097,s3.068157,s345.225682
123_78,s-1.829454,s-3.042302,s93.900732
123_79,s3.253774,s-1.962895,s273.354185
123_80,s-0.325149,s3.786064,s131.920094
123_81,s-2.642866,s3.068837,s62.521798
123_82,s1.630583,s3.597735,s69.101863
123_83,s2.725321,s3.129716,s330.762874
123_84,s2.95204,s2.146616,s7.081862
123_85,s2.410285,s-2.872808,s153.463555
123_86,s3.471528,s2.181397,s335.572071
123_87,s-0.231783,s-3.29185,s231.091314
123_88,s2.879316,s-2.323691,s230.103259
123_89,s4.142602,s-0.247685,s338.630898
123_90,s-3.731807,s1.440005,s254.30311
123_91,s1.18635,s4.133107,s345.164607
123_92,s2.81654,s-2.979447,s229.20729
123_93,s2.077396,s-3.764894,s240.696507
123_94,s3.798107,s1.672389,s289.594995
123_95,s4.266966,s1.073779,s316.595207
123_96,s-0.576484,s4.311632,s139.266225
123_97,s-4.016726,s-1.04327,s38.835671
123_98,s-2.12813,s3.62092,s51.486677
123_99,s-1.605121,s-3.609167,s192.198402
123_100,s-2.057409,s-3.604105,s97.529507
123_101,s3.761321,s-1.501655,s322.282092
123_102,s-3.11213,s2.669204,s69.175553
123_103,s3.612748,s-2.92755,s264.083497
123_104,s0.498426,s-3.968825,s293.549509
123_105,s-0.944496,s-3.938328,s323.950988
123_106,s-3.905641,s2.02632,s347.918465
123_107,s-0.556445,s-4.213415,s160.216844
123_108,s2.546828,s3.709942,s354.774885
123_109,s1.068345,s-4.319854,s314.737555
123_110,s-4.401897,s0.652538,s141.517355
123_111,s-4.280539,s-2.280238,s210.497366
123_112,s-4.138004,s1.495634,s82.519476
123_113,s-3.417892,s-2.927117,s312.781521
123_114,s-2.909704,s-3.627137,s117.572004
123_115,s-4.641877,s-1.221873,s234.093079
123_116,s-2.427069,s-4.02484,s138.071358
123_117,s2.081235,s-4.269773,s189.529959
123_118,s3.980854,s-2.304951,s265.834882
123_119,s-2.96033,s3.714693,s115.258664
123_120,s-1.779767,s4.241748,s234.524682
123_121,s-1.286726,s-4.62432,s76.009566
123_122,s3.264641,s3.311287,s288.730364
124_0,s0.0,s0.0,s224.07799
124_1,s-0.148662,s0.371349,s324.138907
124_2,s-0.433521,s-0.120664,s43.560215
124_3,s0.190827,s-0.673487,s116.327727
124_4,s-0.913799,s-0.259751,s80.095038
124_5,s-0.447068,s0.663423,s97.607334
124_6,s-0.744268,s-0.590394,s194.56315
124_7,s-0.067394,s1.047835,s63.289603
124_8,s0.44541,s0.540009,s230.223708
124_9,s1.095233,s-0.350664,s121.948796
124_10,s0.734919,s-0.948627,s215.942255
124_11,s1.050575,s0.847816,s64.136372
124_12,s1.373843,s0.46374,s347.862517
124_13,s-1.245248,s-0.63981,s125.561183
124_14,s0.338793,s-1.306797,s194.028876
124_15,s-0.179821,s1.640172,s282.801172
124_16,s1.593643,s0.142487,s235.155091
124_17,s1.541295,s-0.929737,s310.83356
124_18,s-1.250661,s-1.151455,s199.265546
124_19,s0.914429,s1.373433,s12.198963
124_20,s-0.990518,s0.917264,s50.454835
124_21,s-1.575529,s0.490109,s161.451982
124_22,s-1.731787,s0.896333,s41.722179
124_23,s-0.4896,s-1.523251,s233.738856
124_24,s-0.59971,s1.855491,s332.670797
124_25,s2.195039,s0.14766,s276.378481
124_26,s-1.046984,s1.820391,s55.830495
124_27,s1.478226,s1.561201,s231.407036
124_28,s1.009852,s-1.784012,s287.529052
124_29,s-1.799898,s-1.265056,s121.541619
124_30,s-0.69012,s-2.088955,s218.237921
124_31,s0.424488,s-2.158659,s199.060667
124_32,s0.943868,s2.260888,s331.390383
124_33,s-1.284294,s-1.908033,s93.051652
124_34,s-2.436729,s1.041563,s178.101692
124_35,s1.524309,s-1.981535,s193.08367
124_36,s2.128314,s-1.213581,s173.42918
124_37,s2.21165,s1.36697,s351.856848
124_38,s-1.943709,s-0.471164,s76.317652
124_39,s-1.7889,s2.282507,s354.121861
124_40,s-1.783567,s1.605891,s35.245421
124_41,s2.363303,s0.957756,s214.713346
124_42,s-2.218369,s-0.915881,s115.824923
124_43,s-0.865964,s-2.715254,s242.256704
124_44,s-2.023115,s-2.215176,s153.40833
124_45,s1.539398,s2.157024,s334.41392
124_46,s-0.56078,s2.641122,s352.15862
124_47,s2.391934,s-0.883827,s342.58859
124_48,s0.539859,s2.798402,s102.03545
124_49,s3.14502,s0.590636,s36.746496
124_50,s2.864552,s-0.452045,s297.59072
124_51,s2.406737,s-1.790983,s273.36504
124_52,s1.057025,s-2.646733,s184.135559
124_53,s-2.394613,s1.635796,s356.642679
124_54,s-2.905277,s0.747906,s72.500196
124_55,s-1.029026,s-3.345311,s77.506439
124_56,s-1.077656,s2.311095,s6.634927
124_57,s2.682851,s1.650699,s294.589367
124_58,s-2.807388,s1.535765,s66.143347
124_59,s-2.910519,s-0.481016,s52.863442
124_60,s0.539087,s-3.30634,s246.659103
124_61,s3.046104,s-1.26935,s346.454119
124_62,s-2.508949,s-1.986246,s126.411505
124_63,s-2.93107,s-1.622137,s82.261795
124_64,s1.985035,s-2.445841,s275.447764
124_65,s1.200553,s3.340834,s100.302035
124_66,s-2.291591,s2.711294,s338.119892
124_67,s3.187388,s1.183451,s278.967592
124_68,s-1.447782,s3.131521,s10.710101
124_69,s-2.845785,s2.204883,s111.039982
124_70,s-3.328107,s0.382364,s87.537311
124_71,s2.227809,s2.226963,s330.431299
124_72,s-3.373023,s-2.055533,s83.431494
124_73,s3.579258,s-0.937503,s329.234523
124_74,s0.442226,s3.47195,s10.190142
124_75,s1.722208,s-3.331141,s137.944124
124_76,s-3.621853,s-0.452413,s186.833749
124_77,s1.977097,s3.068157,s345.225682
124_78,s-1.829454,s-3.042302,s93.900732
124_79,s3.253774,s-1.962895,s273.354185
124_80,s-0.325149,s3.786064,s131.920094
124_81,s-2.642866,s3.068837,s62.521798
124_82,s1.630583,s3.597735,s69.101863
124_83,s2.725321,s3.129716,s330.762874
124_84,s2.95204,s2.146616,s7.081862
124_85,s2.410285,s-2.872808,s153.463555
124_86,s3.471528,s2.181397,s335.572071
124_87,s-0.231783,s-3.29185,s231.091314
124_88,s2.879316,s-2.323691,s230.103259
124_89,s4.142602,s-0.247685,s338.630898
124_90,s-3.731807,s1.440005,s254.30311
124_91,s1.18635,s4.133107,s345.164607
124_92,s2.81654,s-2.979447,s229.20729
124_93,s2.077396,s-3.764894,s240.696507
124_94,s3.798107,s1.672389,s289.594995
124_95,s4.266966,s1.073779,s316.595207
124_96,s-0.576484,s4.311632,s139.266225
124_97,s-4.016726,s-1.04327,s38.835671
124_98,s-2.12813,s3.62092,s51.486677
124_99,s-1.605121,s-3.609167,s192.198402
124_100,s-2.057409,s-3.604105,s97.529507
124_101,s3.761321,s-1.501655,s322.282092
124_102,s-3.11213,s2.669204,s69.175553
124_103,s3.612748,s-2.92755,s264.083497
124_104,s0.498426,s-3.968825,s293.549509
124_105,s-0.944496,s-3.938328,s323.950988
124_106,s-3.905641,s2.02632,s347.918465
124_107,s-0.556445,s-4.213415,s160.216844
124_108,s2.546828,s3.709942,s354.774885
124_109,s1.068345,s-4.319854,s314.737555
124_110,s-4.401897,s0.652538,s141.517355
124_111,s-4.280539,s-2.280238,s210.497366
124_112,s-4.138004,s1.495634,s82.519476
124_113,s-3.417892,s-2.927117,s312.781521
124_114,s-2.909704,s-3.627137,s117.572004
124_115,s-4.641877,s-1.221873,s234.093079
124_116,s-2.427069,s-4.02484,s138.071358
124_117,s2.081235,s-4.269773,s189.529959
124_118,s3.980854,s-2.304951,s265.834882
124_119,s-2.96033,s3.714693,s115.258664
124_120,s-1.779767,s4.241748,s234.524682
124_121,s-1.286726,s-4.62432,s76.009566
124_122,s3.264641,s3.311287,s288.730364
124_123,s4.114851,s2.471437,s325.179175
125_0,s0.0,s0.0,s224.07799
125_1,s-0.148662,s0.371349,s324.138907
125_2,s-0.433521,s-0.120664,s43.560215
125_3,s0.190827,s-0.673487,s116.327727
125_4,s-0.913799,s-0.259751,s80.095038
125_5,s-0.447068,s0.663423,s97.607334
125_6,s-0.744268,s-0.590394,s194.56315
125_7,s-0.067394,s1.047835,s63.289603
125_8,s0.44541,s0.540009,s230.223708
125_9,s1.095233,s-0.350664,s121.948796
125_10,s0.734919,s-0.948627,s215.942255
125_11,s1.050575,s0.847816,s64.136372
125_12,s1.373843,s0.46374,s347.862517
125_13,s-1.245248,s-0.63981,s125.561183
125_14,s0.338793,s-1.306797,s194.028876
125_15,s-0.179821,s1.640172,s282.801172
125_16,s1.593643,s0.142487,s235.155091
125_17,s1.541295,s-0.929737,s310.83356
125_18,s-1.250661,s-1.151455,s199.265546
125_19,s0.914429,s1.373433,s12.198963
125_20,s-0.990518,s0.917264,s50.454835
125_21,s-1.575529,s0.490109,s161.451982
125_22,s-1.731787,s0.896333,s41.722179
125_23,s-0.4896,s-1.523251,s233.738856
125_24,s-0.59971,s1.855491,s332.670797
125_25,s2.195039,s0.14766,s276.378481
125_26,s-1.046984,s1.820391,s55.830495
125_27,s1.478226,s1.561201,s231.407036
125_28,s1.009852,s-1.784012,s287.529052
125_29,s-1.799898,s-1.265056,s121.541619
125_30,s-0.69012,s-2.088955,s218.237921
125_31,s0.424488,s-2.158659,s199.060667
125_32,s0.943868,s2.260888,s331.390383
125_33,s-1.284294,s-1.908033,s93.051652
125_34,s-2.436729,s1.041563,s178.101692
125_35,s1.524309,s-1.981535,s193.08367
125_36,s2.128314,s-1.213581,s173.42918
125_37,s2.21165,s1.36697,s351.856848
125_38,s-1.943709,s-0.471164,s76.317652
125_39,s-1.7889,s2.282507,s354.121861
125_40,s-1.783567,s1.605891,s35.245421
125_41,s2.363303,s0.957756,s214.713346
125_42,s-2.218369,s-0.915881,s115.824923
125_43,s-0.865964,s-2.715254,s242.256704
125_44,s-2.023115,s-2.215176,s153.40833
125_45,s1.539398,s2.157024,s334.41392
125_46,s-0.56078,s2.641122,s352.15862
125_47,s2.391934,s-0.883827,s342.58859
125_48,s0.539859,s2.798402,s102.03545
125_49,s3.14502,s0.590636,s36.746496
125_50,s2.864552,s-0.452045,s297.59072
125_51,s2.406737,s-1.790983,s273.36504
125_52,s1.057025,s-2.646733,s184.135559
125_53,s-2.394613,s1.635796,s356.642679
125_54,s-2.905277,s0.747906,s72.500196
125_55,s-1.029026,s-3.345311,s77.506439
125_56,s-1.077656,s2.311095,s6.634927
125_57,s2.682851,s1.650699,s294.589367
125_58,s-2.807388,s1.535765,s66.143347
125_59,s-2.910519,s-0.481016,s52.863442
125_60,s0.539087,s-3.30634,s246.659103
125_61,s3.046104,s-1.26935,s346.454119
125_62,s-2.508949,s-1.986246,s126.411505
125_63,s-2.93107,s-1.622137,s82.261795
125_64,s1.985035,s-2.445841,s275.447764
125_65,s1.200553,s3.340834,s100.302035
125_66,s-2.291591,s2.711294,s338.119892
125_67,s3.187388,s1.183451,s278.967592
125_68,s-1.447782,s3.131521,s10.710101
125_69,s-2.845785,s2.204883,s111.039982
125_70,s-3.328107,s0.382364,s87.537311
125_71,s2.227809,s2.226963,s330.431299
125_72,s-3.373023,s-2.055533,s83.431494
125_73,s3.579258,s-0.937503,s329.234523
125_74,s0.442226,s3.47195,s10.190142
125_75,s1.722208,s-3.331141,s137.944124
125_76,s-3.621853,s-0.452413,s186.833749
125_77,s1.977097,s3.068157,s345.225682
125_78,s-1.829454,s-3.042302,s93.900732
125_79,s3.253774,s-1.962895,s273.354185
125_80,s-0.325149,s3.786064,s131.920094
125_81,s-2.642866,s3.068837,s62.521798
125_82,s1.630583,s3.597735,s69.101863
125_83,s2.725321,s3.129716,s330.762874
125_84,s2.95204,s2.146616,s7.081862
125_85,s2.410285,s-2.872808,s153.463555
125_86,s3.471528,s2.181397,s335.572071
125_87,s-0.231783,s-3.29185,s231.091314
125_88,s2.879316,s-2.323691,s230.103259
125_89,s4.142602,s-0.247685,s338.630898
125_90,s-3.731807,s1.440005,s254.30311
125_91,s1.18635,s4.133107,s345.164607
125_92,s2.81654,s-2.979447,s229.20729
125_93,s2.077396,s-3.764894,s240.696507
125_94,s3.798107,s1.672389,s289.594995
125_95,s4.266966,s1.073779,s316.595207
125_96,s-0.576484,s4.311632,s139.266225
125_97,s-4.016726,s-1.04327,s38.835671
125_98,s-2.12813,s3.62092,s51.486677
125_99,s-1.605121,s-3.609167,s192.198402
125_100,s-2.057409,s-3.604105,s97.529507
125_101,s3.761321,s-1.501655,s322.282092
125_102,s-3.11213,s2.669204,s69.175553
125_103,s3.612748,s-2.92755,s264.083497
125_104,s0.498426,s-3.968825,s293.549509
125_105,s-0.944496,s-3.938328,s323.950988
125_106,s-3.905641,s2.02632,s347.918465
125_107,s-0.556445,s-4.213415,s160.216844
125_108,s2.546828,s3.709942,s354.774885
125_109,s1.068345,s-4.319854,s314.737555
125_110,s-4.401897,s0.652538,s141.517355
125_111,s-4.280539,s-2.280238,s210.497366
125_112,s-4.138004,s1.495634,s82.519476
125_113,s-3.417892,s-2.927117,s312.781521
125_114,s-2.909704,s-3.627137,s117.572004
125_115,s-4.641877,s-1.221873,s234.093079
125_116,s-2.427069,s-4.02484,s138.071358
125_117,s2.081235,s-4.269773,s189.529959
125_118,s3.980854,s-2.304951,s265.834882
125_119,s-2.96033,s3.714693,s115.258664
125_120,s-1.779767,s4.241748,s234.524682
125_121,s-1.286726,s-4.62432,s76.009566
125_122,s3.264641,s3.311287,s288.730364
125_123,s4.114851,s2.471437,s325.179175
125_124,s4.720079,s0.872271,s221.002385
126_0,s0.0,s0.0,s224.07799
126_1,s-0.148662,s0.371349,s324.138907
126_2,s-0.433521,s-0.120664,s43.560215
126_3,s0.190827,s-0.673487,s116.327727
126_4,s-0.913799,s-0.259751,s80.095038
126_5,s-0.447068,s0.663423,s97.607334
126_6,s-0.744268,s-0.590394,s194.56315
126_7,s-0.067394,s1.047835,s63.289603
126_8,s0.44541,s0.540009,s230.223708
126_9,s1.095233,s-0.350664,s121.948796
126_10,s0.734919,s-0.948627,s215.942255
126_11,s1.050575,s0.847816,s64.136372
126_12,s1.373843,s0.46374,s347.862517
126_13,s-1.245248,s-0.63981,s125.561183
126_14,s0.338793,s-1.306797,s194.028876
126_15,s-0.179821,s1.640172,s282.801172
126_16,s1.593643,s0.142487,s235.155091
126_17,s1.541295,s-0.929737,s310.83356
126_18,s-1.250661,s-1.151455,s199.265546
126_19,s0.914429,s1.373433,s12.198963
126_20,s-0.990518,s0.917264,s50.454835
126_21,s-1.575529,s0.490109,s161.451982
126_22,s-1.731787,s0.896333,s41.722179
126_23,s-0.4896,s-1.523251,s233.738856
126_24,s-0.59971,s1.855491,s332.670797
126_25,s2.195039,s0.14766,s276.378481
126_26,s-1.046984,s1.820391,s55.830495
126_27,s1.478226,s1.561201,s231.407036
126_28,s1.009852,s-1.784012,s287.529052
126_29,s-1.799898,s-1.265056,s121.541619
126_30,s-0.69012,s-2.088955,s218.237921
126_31,s0.424488,s-2.158659,s199.060667
126_32,s0.943868,s2.260888,s331.390383
126_33,s-1.284294,s-1.908033,s93.051652
126_34,s-2.436729,s1.041563,s178.101692
126_35,s1.524309,s-1.981535,s193.08367
126_36,s2.128314,s-1.213581,s173.42918
126_37,s2.21165,s1.36697,s351.856848
126_38,s-1.943709,s-0.471164,s76.317652
126_39,s-1.7889,s2.282507,s354.121861
126_40,s-1.783567,s1.605891,s35.245421
126_41,s2.363303,s0.957756,s214.713346
126_42,s-2.218369,s-0.915881,s115.824923
126_43,s-0.865964,s-2.715254,s242.256704
126_44,s-2.023115,s-2.215176,s153.40833
126_45,s1.539398,s2.157024,s334.41392
126_46,s-0.56078,s2.641122,s352.15862
126_47,s2.391934,s-0.883827,s342.58859
126_48,s0.539859,s2.798402,s102.03545
126_49,s3.14502,s0.590636,s36.746496
126_50,s2.864552,s-0.452045,s297.59072
126_51,s2.406737,s-1.790983,s273.36504
126_52,s1.057025,s-2.646733,s184.135559
126_53,s-2.394613,s1.635796,s356.642679
126_54,s-2.905277,s0.747906,s72.500196
126_55,s-1.029026,s-3.345311,s77.506439
126_56,s-1.077656,s2.311095,s6.634927
126_57,s2.682851,s1.650699,s294.589367
126_58,s-2.807388,s1.535765,s66.143347
126_59,s-2.910519,s-0.481016,s52.863442
126_60,s0.539087,s-3.30634,s246.659103
126_61,s3.046104,s-1.26935,s346.454119
126_62,s-2.508949,s-1.986246,s126.411505
126_63,s-2.93107,s-1.622137,s82.261795
126_64,s1.985035,s-2.445841,s275.447764
126_65,s1.200553,s3.340834,s100.302035
126_66,s-2.291591,s2.711294,s338.119892
126_67,s3.187388,s1.183451,s278.967592
126_68,s-1.447782,s3.131521,s10.710101
126_69,s-2.845785,s2.204883,s111.039982
126_70,s-3.328107,s0.382364,s87.537311
126_71,s2.227809,s2.226963,s330.431299
126_72,s-3.373023,s-2.055533,s83.431494
126_73,s3.579258,s-0.937503,s329.234523
126_74,s0.442226,s3.47195,s10.190142
126_75,s1.722208,s-3.331141,s137.944124
126_76,s-3.621853,s-0.452413,s186.833749
126_77,s1.977097,s3.068157,s345.225682
126_78,s-1.829454,s-3.042302,s93.900732
126_79,s3.253774,s-1.962895,s273.354185
126_80,s-0.325149,s3.786064,s131.920094
126_81,s-2.642866,s3.068837,s62.521798
126_82,s1.630583,s3.597735,s69.101863
126_83,s2.725321,s3.129716,s330.762874
126_84,s2.95204,s2.146616,s7.081862
126_85,s2.410285,s-2.872808,s153.463555
126_86,s3.471528,s2.181397,s335.572071
126_87,s-0.231783,s-3.29185,s231.091314
126_88,s2.879316,s-2.323691,s230.103259
126_89,s4.142602,s-0.247685,s338.630898
126_90,s-3.731807,s1.440005,s254.30311
126_91,s1.18635,s4.133107,s345.164607
126_92,s2.81654,s-2.979447,s229.20729
126_93,s2.077396,s-3.764894,s240.696507
126_94,s3.798107,s1.672389,s289.594995
126_95,s4.266966,s1.073779,s316.595207
126_96,s-0.576484,s4.311632,s139.266225
126_97,s-4.016726,s-1.04327,s38.835671
126_98,s-2.12813,s3.62092,s51.486677
126_99,s-1.605121,s-3.609167,s192.198402
126_100,s-2.057409,s-3.604105,s97.529507
126_101,s3.761321,s-1.501655,s322.282092
126_102,s-3.11213,s2.669204,s69.175553
126_103,s3.612748,s-2.92755,s264.083497
126_104,s0.498426,s-3.968825,s293.549509
126_105,s-0.944496,s-3.938328,s323.950988
126_106,s-3.905641,s2.02632,s347.918465
126_107,s-0.556445,s-4.213415,s160.216844
126_108,s2.546828,s3.709942,s354.774885
126_109,s1.068345,s-4.319854,s314.737555
126_110,s-4.401897,s0.652538,s141.517355
126_111,s-4.280539,s-2.280238,s210.497366
126_112,s-4.138004,s1.495634,s82.519476
126_113,s-3.417892,s-2.927117,s312.781521
126_114,s-2.909704,s-3.627137,s117.572004
126_115,s-4.641877,s-1.221873,s234.093079
126_116,s-2.427069,s-4.02484,s138.071358
126_117,s2.081235,s-4.269773,s189.529959
126_118,s3.980854,s-2.304951,s265.834882
126_119,s-2.96033,s3.714693,s115.258664
126_120,s-1.779767,s4.241748,s234.524682
126_121,s-1.286726,s-4.62432,s76.009566
126_122,s3.264641,s3.311287,s288.730364
126_123,s4.114851,s2.471437,s325.179175
126_124,s4.720079,s0.872271,s221.002385
126_125,s4.384339,s-1.391967,s299.380666
127_0,s0.0,s0.0,s224.07799
127_1,s-0.148662,s0.371349,s324.138907
127_2,s-0.433521,s-0.120664,s43.560215
127_3,s0.190827,s-0.673487,s116.327727
127_4,s-0.913799,s-0.259751,s80.095038
127_5,s-0.447068,s0.663423,s97.607334
127_6,s-0.744268,s-0.590394,s194.56315
127_7,s-0.067394,s1.047835,s63.289603
127_8,s0.44541,s0.540009,s230.223708
127_9,s1.095233,s-0.350664,s121.948796
127_10,s0.734919,s-0.948627,s215.942255
127_11,s1.050575,s0.847816,s64.136372
127_12,s1.373843,s0.46374,s347.862517
127_13,s-1.245248,s-0.63981,s125.561183
127_14,s0.338793,s-1.306797,s194.028876
127_15,s-0.179821,s1.640172,s282.801172
127_16,s1.593643,s0.142487,s235.155091
127_17,s1.541295,s-0.929737,s310.83356
127_18,s-1.250661,s-1.151455,s199.265546
127_19,s0.914429,s1.373433,s12.198963
127_20,s-0.990518,s0.917264,s50.454835
127_21,s-1.575529,s0.490109,s161.451982
127_22,s-1.731787,s0.896333,s41.722179
127_23,s-0.4896,s-1.523251,s233.738856
127_24,s-0.59971,s1.855491,s332.670797
127_25,s2.195039,s0.14766,s276.378481
127_26,s-1.046984,s1.820391,s55.830495
127_27,s1.478226,s1.561201,s231.407036
127_28,s1.009852,s-1.784012,s287.529052
127_29,s-1.799898,s-1.265056,s121.541619
127_30,s-0.69012,s-2.088955,s218.237921
127_31,s0.424488,s-2.158659,s199.060667
127_32,s0.943868,s2.260888,s331.390383
127_33,s-1.284294,s-1.908033,s93.051652
127_34,s-2.436729,s1.041563,s178.101692
127_35,s1.524309,s-1.981535,s193.08367
127_36,s2.128314,s-1.213581,s173.42918
127_37,s2.21165,s1.36697,s351.856848
127_38,s-1.943709,s-0.471164,s76.317652
127_39,s-1.7889,s2.282507,s354.121861
127_40,s-1.783567,s1.605891,s35.245421
127_41,s2.363303,s0.957756,s214.713346
127_42,s-2.218369,s-0.915881,s115.824923
127_43,s-0.865964,s-2.715254,s242.256704
127_44,s-2.023115,s-2.215176,s153.40833
127_45,s1.539398,s2.157024,s334.41392
127_46,s-0.56078,s2.641122,s352.15862
127_47,s2.391934,s-0.883827,s342.58859
127_48,s0.539859,s2.798402,s102.03545
127_49,s3.14502,s0.590636,s36.746496
127_50,s2.864552,s-0.452045,s297.59072
127_51,s2.406737,s-1.790983,s273.36504
127_52,s1.057025,s-2.646733,s184.135559
127_53,s-2.394613,s1.635796,s356.642679
127_54,s-2.905277,s0.747906,s72.500196
127_55,s-1.029026,s-3.345311,s77.506439
127_56,s-1.077656,s2.311095,s6.634927
127_57,s2.682851,s1.650699,s294.589367
127_58,s-2.807388,s1.535765,s66.143347
127_59,s-2.910519,s-0.481016,s52.863442
127_60,s0.539087,s-3.30634,s246.659103
127_61,s3.046104,s-1.26935,s346.454119
127_62,s-2.508949,s-1.986246,s126.411505
127_63,s-2.93107,s-1.622137,s82.261795
127_64,s1.985035,s-2.445841,s275.447764
127_65,s1.200553,s3.340834,s100.302035
127_66,s-2.291591,s2.711294,s338.119892
127_67,s3.187388,s1.183451,s278.967592
127_68,s-1.447782,s3.131521,s10.710101
127_69,s-2.845785,s2.204883,s111.039982
127_70,s-3.328107,s0.382364,s87.537311
127_71,s2.227809,s2.226963,s330.431299
127_72,s-3.373023,s-2.055533,s83.431494
127_73,s3.579258,s-0.937503,s329.234523
127_74,s0.442226,s3.47195,s10.190142
127_75,s1.722208,s-3.331141,s137.944124
127_76,s-3.621853,s-0.452413,s186.833749
127_77,s1.977097,s3.068157,s345.225682
127_78,s-1.829454,s-3.042302,s93.900732
127_79,s3.253774,s-1.962895,s273.354185
127_80,s-0.325149,s3.786064,s131.920094
127_81,s-2.642866,s3.068837,s62.521798
127_82,s1.630583,s3.597735,s69.101863
127_83,s2.725321,s3.129716,s330.762874
127_84,s2.95204,s2.146616,s7.081862
127_85,s2.410285,s-2.872808,s153.463555
127_86,s3.471528,s2.181397,s335.572071
127_87,s-0.231783,s-3.29185,s231.091314
127_88,s2.879316,s-2.323691,s230.103259
127_89,s4.142602,s-0.247685,s338.630898
127_90,s-3.731807,s1.440005,s254.30311
127_91,s1.18635,s4.133107,s345.164607
127_92,s2.81654,s-2.979447,s229.20729
127_93,s2.077396,s-3.764894,s240.696507
127_94,s3.798107,s1.672389,s289.594995
127_95,s4.266966,s1.073779,s316.595207
127_96,s-0.576484,s4.311632,s139.266225
127_97,s-4.016726,s-1.04327,s38.835671
127_98,s-2.12813,s3.62092,s51.486677
127_99,s-1.605121,s-3.609167,s192.198402
127_100,s-2.057409,s-3.604105,s97.529507
127_101,s3.761321,s-1.501655,s322.282092
127_102,s-3.11213,s2.669204,s69.175553
127_103,s3.612748,s-2.92755,s264.083497
127_104,s0.498426,s-3.968825,s293.549509
127_105,s-0.944496,s-3.938328,s323.950988
127_106,s-3.905641,s2.02632,s347.918465
127_107,s-0.556445,s-4.213415,s160.216844
127_108,s2.546828,s3.709942,s354.774885
127_109,s1.068345,s-4.319854,s314.737555
127_110,s-4.401897,s0.652538,s141.517355
127_111,s-4.280539,s-2.280238,s210.497366
127_112,s-4.138004,s1.495634,s82.519476
127_113,s-3.417892,s-2.927117,s312.781521
127_114,s-2.909704,s-3.627137,s117.572004
127_115,s-4.641877,s-1.221873,s234.093079
127_116,s-2.427069,s-4.02484,s138.071358
127_117,s2.081235,s-4.269773,s189.529959
127_118,s3.980854,s-2.304951,s265.834882
127_119,s-2.96033,s3.714693,s115.258664
127_120,s-1.779767,s4.241748,s234.524682
127_121,s-1.286726,s-4.62432,s76.009566
127_122,s3.264641,s3.311287,s288.730364
127_123,s4.114851,s2.471437,s325.179175
127_124,s4.720079,s0.872271,s221.002385
127_125,s4.384339,s-1.391967,s299.380666
127_126,s1.752158,s4.090531,s286.453023
128_0,s0.0,s0.0,s224.07799
128_1,s-0.148662,s0.371349,s324.138907
128_2,s-0.433521,s-0.120664,s43.560215
128_3,s0.190827,s-0.673487,s116.327727
128_4,s-0.913799,s-0.259751,s80.095038
128_5,s-0.447068,s0.663423,s97.607334
128_6,s-0.744268,s-0.590394,s194.56315
128_7,s-0.067394,s1.047835,s63.289603
128_8,s0.44541,s0.540009,s230.223708
128_9,s1.095233,s-0.350664,s121.948796
128_10,s0.734919,s-0.948627,s215.942255
128_11,s1.050575,s0.847816,s64.136372
128_12,s1.373843,s0.46374,s347.862517
128_13,s-1.245248,s-0.63981,s125.561183
128_14,s0.338793,s-1.306797,s194.028876
128_15,s-0.179821,s1.640172,s282.801172
128_16,s1.593643,s0.142487,s235.155091
128_17,s1.541295,s-0.929737,s310.83356
128_18,s-1.250661,s-1.151455,s199.265546
128_19,s0.914429,s1.373433,s12.198963
128_20,s-0.990518,s0.917264,s50.454835
128_21,s-1.575529,s0.490109,s161.451982
128_22,s-1.731787,s0.896333,s41.722179
128_23,s-0.4896,s-1.523251,s233.738856
128_24,s-0.59971,s1.855491,s332.670797
128_25,s2.195039,s0.14766,s276.378481
128_26,s-1.046984,s1.820391,s55.830495
128_27,s1.478226,s1.561201,s231.407036
128_28,s1.009852,s-1.784012,s287.529052
128_29,s-1.799898,s-1.265056,s121.541619
128_30,s-0.69012,s-2.088955,s218.237921
128_31,s0.424488,s-2.158659,s199.060667
128_32,s0.943868,s2.260888,s331.390383
128_33,s-1.284294,s-1.908033,s93.051652
128_34,s-2.436729,s1.041563,s178.101692
128_35,s1.524309,s-1.981535,s193.08367
128_36,s2.128314,s-1.213581,s173.42918
128_37,s2.21165,s1.36697,s351.856848
128_38,s-1.943709,s-0.471164,s76.317652
128_39,s-1.7889,s2.282507,s354.121861
128_40,s-1.783567,s1.605891,s35.245421
128_41,s2.363303,s0.957756,s214.713346
128_42,s-2.218369,s-0.915881,s115.824923
128_43,s-0.865964,s-2.715254,s242.256704
128_44,s-2.023115,s-2.215176,s153.40833
128_45,s1.539398,s2.157024,s334.41392
128_46,s-0.56078,s2.641122,s352.15862
128_47,s2.391934,s-0.883827,s342.58859
128_48,s0.539859,s2.798402,s102.03545
128_49,s3.14502,s0.590636,s36.746496
128_50,s2.864552,s-0.452045,s297.59072
128_51,s2.406737,s-1.790983,s273.36504
128_52,s1.057025,s-2.646733,s184.135559
128_53,s-2.394613,s1.635796,s356.642679
128_54,s-2.905277,s0.747906,s72.500196
128_55,s-1.029026,s-3.345311,s77.506439
128_56,s-1.077656,s2.311095,s6.634927
128_57,s2.682851,s1.650699,s294.589367
128_58,s-2.807388,s1.535765,s66.143347
128_59,s-2.910519,s-0.481016,s52.863442
128_60,s0.539087,s-3.30634,s246.659103
128_61,s3.046104,s-1.26935,s346.454119
128_62,s-2.508949,s-1.986246,s126.411505
128_63,s-2.93107,s-1.622137,s82.261795
128_64,s1.985035,s-2.445841,s275.447764
128_65,s1.200553,s3.340834,s100.302035
128_66,s-2.291591,s2.711294,s338.119892
128_67,s3.187388,s1.183451,s278.967592
128_68,s-1.447782,s3.131521,s10.710101
128_69,s-2.845785,s2.204883,s111.039982
128_70,s-3.328107,s0.382364,s87.537311
128_71,s2.227809,s2.226963,s330.431299
128_72,s-3.373023,s-2.055533,s83.431494
128_73,s3.579258,s-0.937503,s329.234523
128_74,s0.442226,s3.47195,s10.190142
128_75,s1.722208,s-3.331141,s137.944124
128_76,s-3.621853,s-0.452413,s186.833749
128_77,s1.977097,s3.068157,s345.225682
128_78,s-1.829454,s-3.042302,s93.900732
128_79,s3.253774,s-1.962895,s273.354185
128_80,s-0.325149,s3.786064,s131.920094
128_81,s-2.642866,s3.068837,s62.521798
128_82,s1.630583,s3.597735,s69.101863
128_83,s2.725321,s3.129716,s330.762874
128_84,s2.95204,s2.146616,s7.081862
128_85,s2.410285,s-2.872808,s153.463555
128_86,s3.471528,s2.181397,s335.572071
128_87,s-0.231783,s-3.29185,s231.091314
128_88,s2.879316,s-2.323691,s230.103259
128_89,s4.142602,s-0.247685,s338.630898
128_90,s-3.731807,s1.440005,s254.30311
128_91,s1.18635,s4.133107,s345.164607
128_92,s2.81654,s-2.979447,s229.20729
128_93,s2.077396,s-3.764894,s240.696507
128_94,s3.798107,s1.672389,s289.594995
128_95,s4.266966,s1.073779,s316.595207
128_96,s-0.576484,s4.311632,s139.266225
128_97,s-4.016726,s-1.04327,s38.835671
128_98,s-2.12813,s3.62092,s51.486677
128_99,s-1.605121,s-3.609167,s192.198402
128_100,s-2.057409,s-3.604105,s97.529507
128_101,s3.761321,s-1.501655,s322.282092
128_102,s-3.11213,s2.669204,s69.175553
128_103,s3.612748,s-2.92755,s264.083497
128_104,s0.498426,s-3.968825,s293.549509
128_105,s-0.944496,s-3.938328,s323.950988
128_106,s-3.905641,s2.02632,s347.918465
128_107,s-0.556445,s-4.213415,s160.216844
128_108,s2.546828,s3.709942,s354.774885
128_109,s1.068345,s-4.319854,s314.737555
128_110,s-4.401897,s0.652538,s141.517355
128_111,s-4.280539,s-2.280238,s210.497366
128_112,s-4.138004,s1.495634,s82.519476
128_113,s-3.417892,s-2.927117,s312.781521
128_114,s-2.909704,s-3.627137,s117.572004
128_115,s-4.641877,s-1.221873,s234.093079
128_116,s-2.427069,s-4.02484,s138.071358
128_117,s2.081235,s-4.269773,s189.529959
128_118,s3.980854,s-2.304951,s265.834882
128_119,s-2.96033,s3.714693,s115.258664
128_120,s-1.779767,s4.241748,s234.524682
128_121,s-1.286726,s-4.62432,s76.009566
128_122,s3.264641,s3.311287,s288.730364
128_123,s4.114851,s2.471437,s325.179175
128_124,s4.720079,s0.872271,s221.002385
128_125,s4.384339,s-1.391967,s299.380666
128_126,s1.752158,s4.090531,s286.453023
128_127,s-4.462163,s-1.768926,s154.229839
129_0,s0.0,s0.0,s224.07799
129_1,s-0.148662,s0.371349,s324.138907
129_2,s-0.433521,s-0.120664,s43.560215
129_3,s0.190827,s-0.673487,s116.327727
129_4,s-0.913799,s-0.259751,s80.095038
129_5,s-0.447068,s0.663423,s97.607334
129_6,s-0.744268,s-0.590394,s194.56315
129_7,s-0.067394,s1.047835,s63.289603
129_8,s0.44541,s0.540009,s230.223708
129_9,s1.095233,s-0.350664,s121.948796
129_10,s0.734919,s-0.948627,s215.942255
129_11,s1.050575,s0.847816,s64.136372
129_12,s1.373843,s0.46374,s347.862517
129_13,s-1.245248,s-0.63981,s125.561183
129_14,s0.338793,s-1.306797,s194.028876
129_15,s-0.179821,s1.640172,s282.801172
129_16,s1.593643,s0.142487,s235.155091
129_17,s1.541295,s-0.929737,s310.83356
129_18,s-1.250661,s-1.151455,s199.265546
129_19,s0.914429,s1.373433,s12.198963
129_20,s-0.990518,s0.917264,s50.454835
129_21,s-1.575529,s0.490109,s161.451982
129_22,s-1.731787,s0.896333,s41.722179
129_23,s-0.4896,s-1.523251,s233.738856
129_24,s-0.59971,s1.855491,s332.670797
129_25,s2.195039,s0.14766,s276.378481
129_26,s-1.046984,s1.820391,s55.830495
129_27,s1.478226,s1.561201,s231.407036
129_28,s1.009852,s-1.784012,s287.529052
129_29,s-1.799898,s-1.265056,s121.541619
129_30,s-0.69012,s-2.088955,s218.237921
129_31,s0.424488,s-2.158659,s199.060667
129_32,s0.943868,s2.260888,s331.390383
129_33,s-1.284294,s-1.908033,s93.051652
129_34,s-2.436729,s1.041563,s178.101692
129_35,s1.524309,s-1.981535,s193.08367
129_36,s2.128314,s-1.213581,s173.42918
129_37,s2.21165,s1.36697,s351.856848
129_38,s-1.943709,s-0.471164,s76.317652
129_39,s-1.7889,s2.282507,s354.121861
129_40,s-1.783567,s1.605891,s35.245421
129_41,s2.363303,s0.957756,s214.713346
129_42,s-2.218369,s-0.915881,s115.824923
129_43,s-0.865964,s-2.715254,s242.256704
129_44,s-2.023115,s-2.215176,s153.40833
129_45,s1.539398,s2.157024,s334.41392
129_46,s-0.56078,s2.641122,s352.15862
129_47,s2.391934,s-0.883827,s342.58859
129_48,s0.539859,s2.798402,s102.03545
129_49,s3.14502,s0.590636,s36.746496
129_50,s2.864552,s-0.452045,s297.59072
129_51,s2.406737,s-1.790983,s273.36504
129_52,s1.057025,s-2.646733,s184.135559
129_53,s-2.394613,s1.635796,s356.642679
129_54,s-2.905277,s0.747906,s72.500196
129_55,s-1.029026,s-3.345311,s77.506439
129_56,s-1.077656,s2.311095,s6.634927
129_57,s2.682851,s1.650699,s294.589367
129_58,s-2.807388,s1.535765,s66.143347
129_59,s-2.910519,s-0.481016,s52.863442
129_60,s0.539087,s-3.30634,s246.659103
129_61,s3.046104,s-1.26935,s346.454119
129_62,s-2.508949,s-1.986246,s126.411505
129_63,s-2.93107,s-1.622137,s82.261795
129_64,s1.985035,s-2.445841,s275.447764
129_65,s1.200553,s3.340834,s100.302035
129_66,s-2.291591,s2.711294,s338.119892
129_67,s3.187388,s1.183451,s278.967592
129_68,s-1.447782,s3.131521,s10.710101
129_69,s-2.845785,s2.204883,s111.039982
129_70,s-3.328107,s0.382364,s87.537311
129_71,s2.227809,s2.226963,s330.431299
129_72,s-3.373023,s-2.055533,s83.431494
129_73,s3.579258,s-0.937503,s329.234523
129_74,s0.442226,s3.47195,s10.190142
129_75,s1.722208,s-3.331141,s137.944124
129_76,s-3.621853,s-0.452413,s186.833749
129_77,s1.977097,s3.068157,s345.225682
129_78,s-1.829454,s-3.042302,s93.900732
129_79,s3.253774,s-1.962895,s273.354185
129_80,s-0.325149,s3.786064,s131.920094
129_81,s-2.642866,s3.068837,s62.521798
129_82,s1.630583,s3.597735,s69.101863
129_83,s2.725321,s3.129716,s330.762874
129_84,s2.95204,s2.146616,s7.081862
129_85,s2.410285,s-2.872808,s153.463555
129_86,s3.471528,s2.181397,s335.572071
129_87,s-0.231783,s-3.29185,s231.091314
129_88,s2.879316,s-2.323691,s230.103259
129_89,s4.142602,s-0.247685,s338.630898
129_90,s-3.731807,s1.440005,s254.30311
129_91,s1.18635,s4.133107,s345.164607
129_92,s2.81654,s-2.979447,s229.20729
129_93,s2.077396,s-3.764894,s240.696507
129_94,s3.798107,s1.672389,s289.594995
129_95,s4.266966,s1.073779,s316.595207
129_96,s-0.576484,s4.311632,s139.266225
129_97,s-4.016726,s-1.04327,s38.835671
129_98,s-2.12813,s3.62092,s51.486677
129_99,s-1.605121,s-3.609167,s192.198402
129_100,s-2.057409,s-3.604105,s97.529507
129_101,s3.761321,s-1.501655,s322.282092
129_102,s-3.11213,s2.669204,s69.175553
129_103,s3.612748,s-2.92755,s264.083497
129_104,s0.498426,s-3.968825,s293.549509
129_105,s-0.944496,s-3.938328,s323.950988
129_106,s-3.905641,s2.02632,s347.918465
129_107,s-0.556445,s-4.213415,s160.216844
129_108,s2.546828,s3.709942,s354.774885
129_109,s1.068345,s-4.319854,s314.737555
129_110,s-4.401897,s0.652538,s141.517355
129_111,s-4.280539,s-2.280238,s210.497366
129_112,s-4.138004,s1.495634,s82.519476
129_113,s-3.417892,s-2.927117,s312.781521
129_114,s-2.909704,s-3.627137,s117.572004
129_115,s-4.641877,s-1.221873,s234.093079
129_116,s-2.427069,s-4.02484,s138.071358
129_117,s2.081235,s-4.269773,s189.529959
129_118,s3.980854,s-2.304951,s265.834882
129_119,s-2.96033,s3.714693,s115.258664
129_120,s-1.779767,s4.241748,s234.524682
129_121,s-1.286726,s-4.62432,s76.009566
129_122,s3.264641,s3.311287,s288.730364
129_123,s4.114851,s2.471437,s325.179175
129_124,s4.720079,s0.872271,s221.002385
129_125,s4.384339,s-1.391967,s299.380666
129_126,s1.752158,s4.090531,s286.453023
129_127,s-4.462163,s-1.768926,s154.229839
129_128,s0.734017,s4.541059,s318.775932
130_0,s0.0,s0.0,s224.07799
130_1,s-0.148662,s0.371349,s324.138907
130_2,s-0.433521,s-0.120664,s43.560215
130_3,s0.190827,s-0.673487,s116.327727
130_4,s-0.913799,s-0.259751,s80.095038
130_5,s-0.447068,s0.663423,s97.607334
130_6,s-0.744268,s-0.590394,s194.56315
130_7,s-0.067394,s1.047835,s63.289603
130_8,s0.44541,s0.540009,s230.223708
130_9,s1.095233,s-0.350664,s121.948796
130_10,s0.734919,s-0.948627,s215.942255
130_11,s1.050575,s0.847816,s64.136372
130_12,s1.373843,s0.46374,s347.862517
130_13,s-1.245248,s-0.63981,s125.561183
130_14,s0.338793,s-1.306797,s194.028876
130_15,s-0.179821,s1.640172,s282.801172
130_16,s1.593643,s0.142487,s235.155091
130_17,s1.541295,s-0.929737,s310.83356
130_18,s-1.250661,s-1.151455,s199.265546
130_19,s0.914429,s1.373433,s12.198963
130_20,s-0.990518,s0.917264,s50.454835
130_21,s-1.575529,s0.490109,s161.451982
130_22,s-1.731787,s0.896333,s41.722179
130_23,s-0.4896,s-1.523251,s233.738856
130_24,s-0.59971,s1.855491,s332.670797
130_25,s2.195039,s0.14766,s276.378481
130_26,s-1.046984,s1.820391,s55.830495
130_27,s1.478226,s1.561201,s231.407036
130_28,s1.009852,s-1.784012,s287.529052
130_29,s-1.799898,s-1.265056,s121.541619
130_30,s-0.69012,s-2.088955,s218.237921
130_31,s0.424488,s-2.158659,s199.060667
130_32,s0.943868,s2.260888,s331.390383
130_33,s-1.284294,s-1.908033,s93.051652
130_34,s-2.436729,s1.041563,s178.101692
130_35,s1.524309,s-1.981535,s193.08367
130_36,s2.128314,s-1.213581,s173.42918
130_37,s2.21165,s1.36697,s351.856848
130_38,s-1.943709,s-0.471164,s76.317652
130_39,s-1.7889,s2.282507,s354.121861
130_40,s-1.783567,s1.605891,s35.245421
130_41,s2.363303,s0.957756,s214.713346
130_42,s-2.218369,s-0.915881,s115.824923
130_43,s-0.865964,s-2.715254,s242.256704
130_44,s-2.023115,s-2.215176,s153.40833
130_45,s1.539398,s2.157024,s334.41392
130_46,s-0.56078,s2.641122,s352.15862
130_47,s2.391934,s-0.883827,s342.58859
130_48,s0.539859,s2.798402,s102.03545
130_49,s3.14502,s0.590636,s36.746496
130_50,s2.864552,s-0.452045,s297.59072
130_51,s2.406737,s-1.790983,s273.36504
130_52,s1.057025,s-2.646733,s184.135559
130_53,s-2.394613,s1.635796,s356.642679
130_54,s-2.905277,s0.747906,s72.500196
130_55,s-1.029026,s-3.345311,s77.506439
130_56,s-1.077656,s2.311095,s6.634927
130_57,s2.682851,s1.650699,s294.589367
130_58,s-2.807388,s1.535765,s66.143347
130_59,s-2.910519,s-0.481016,s52.863442
130_60,s0.539087,s-3.30634,s246.659103
130_61,s3.046104,s-1.26935,s346.454119
130_62,s-2.508949,s-1.986246,s126.411505
130_63,s-2.93107,s-1.622137,s82.261795
130_64,s1.985035,s-2.445841,s275.447764
130_65,s1.200553,s3.340834,s100.302035
130_66,s-2.291591,s2.711294,s338.119892
130_67,s3.187388,s1.183451,s278.967592
130_68,s-1.447782,s3.131521,s10.710101
130_69,s-2.845785,s2.204883,s111.039982
130_70,s-3.328107,s0.382364,s87.537311
130_71,s2.227809,s2.226963,s330.431299
130_72,s-3.373023,s-2.055533,s83.431494
130_73,s3.579258,s-0.937503,s329.234523
130_74,s0.442226,s3.47195,s10.190142
130_75,s1.722208,s-3.331141,s137.944124
130_76,s-3.621853,s-0.452413,s186.833749
130_77,s1.977097,s3.068157,s345.225682
130_78,s-1.829454,s-3.042302,s93.900732
130_79,s3.253774,s-1.962895,s273.354185
130_80,s-0.325149,s3.786064,s131.920094
130_81,s-2.642866,s3.068837,s62.521798
130_82,s1.630583,s3.597735,s69.101863
130_83,s2.725321,s3.129716,s330.762874
130_84,s2.95204,s2.146616,s7.081862
130_85,s2.410285,s-2.872808,s153.463555
130_86,s3.471528,s2.181397,s335.572071
130_87,s-0.231783,s-3.29185,s231.091314
130_88,s2.879316,s-2.323691,s230.103259
130_89,s4.142602,s-0.247685,s338.630898
130_90,s-3.731807,s1.440005,s254.30311
130_91,s1.18635,s4.133107,s345.164607
130_92,s2.81654,s-2.979447,s229.20729
130_93,s2.077396,s-3.764894,s240.696507
130_94,s3.798107,s1.672389,s289.594995
130_95,s4.266966,s1.073779,s316.595207
130_96,s-0.576484,s4.311632,s139.266225
130_97,s-4.016726,s-1.04327,s38.835671
130_98,s-2.12813,s3.62092,s51.486677
130_99,s-1.605121,s-3.609167,s192.198402
130_100,s-2.057409,s-3.604105,s97.529507
130_101,s3.761321,s-1.501655,s322.282092
130_102,s-3.11213,s2.669204,s69.175553
130_103,s3.612748,s-2.92755,s264.083497
130_104,s0.498426,s-3.968825,s293.549509
130_105,s-0.944496,s-3.938328,s323.950988
130_106,s-3.905641,s2.02632,s347.918465
130_107,s-0.556445,s-4.213415,s160.216844
130_108,s2.546828,s3.709942,s354.774885
130_109,s1.068345,s-4.319854,s314.737555
130_110,s-4.401897,s0.652538,s141.517355
130_111,s-4.280539,s-2.280238,s210.497366
130_112,s-4.138004,s1.495634,s82.519476
130_113,s-3.417892,s-2.927117,s312.781521
130_114,s-2.909704,s-3.627137,s117.572004
130_115,s-4.641877,s-1.221873,s234.093079
130_116,s-2.427069,s-4.02484,s138.071358
130_117,s2.081235,s-4.269773,s189.529959
130_118,s3.980854,s-2.304951,s265.834882
130_119,s-2.96033,s3.714693,s115.258664
130_120,s-1.779767,s4.241748,s234.524682
130_121,s-1.286726,s-4.62432,s76.009566
130_122,s3.264641,s3.311287,s288.730364
130_123,s4.114851,s2.471437,s325.179175
130_124,s4.720079,s0.872271,s221.002385
130_125,s4.384339,s-1.391967,s299.380666
130_126,s1.752158,s4.090531,s286.453023
130_127,s-4.462163,s-1.768926,s154.229839
130_128,s0.734017,s4.541059,s318.775932
130_129,s-4.583828,s1.868428,s34.632312
131_0,s0.0,s0.0,s224.07799
131_1,s-0.148662,s0.371349,s324.138907
131_2,s-0.433521,s-0.120664,s43.560215
131_3,s0.190827,s-0.673487,s116.327727
131_4,s-0.913799,s-0.259751,s80.095038
131_5,s-0.447068,s0.663423,s97.607334
131_6,s-0.744268,s-0.590394,s194.56315
131_7,s-0.067394,s1.047835,s63.289603
131_8,s0.44541,s0.540009,s230.223708
131_9,s1.095233,s-0.350664,s121.948796
131_10,s0.734919,s-0.948627,s215.942255
131_11,s1.050575,s0.847816,s64.136372
131_12,s1.373843,s0.46374,s347.862517
131_13,s-1.245248,s-0.63981,s125.561183
131_14,s0.338793,s-1.306797,s194.028876
131_15,s-0.179821,s1.640172,s282.801172
131_16,s1.593643,s0.142487,s235.155091
131_17,s1.541295,s-0.929737,s310.83356
131_18,s-1.250661,s-1.151455,s199.265546
131_19,s0.914429,s1.373433,s12.198963
131_20,s-0.990518,s0.917264,s50.454835
131_21,s-1.575529,s0.490109,s161.451982
131_22,s-1.731787,s0.896333,s41.722179
131_23,s-0.4896,s-1.523251,s233.738856
131_24,s-0.59971,s1.855491,s332.670797
131_25,s2.195039,s0.14766,s276.378481
131_26,s-1.046984,s1.820391,s55.830495
131_27,s1.478226,s1.561201,s231.407036
131_28,s1.009852,s-1.784012,s287.529052
131_29,s-1.799898,s-1.265056,s121.541619
131_30,s-0.69012,s-2.088955,s218.237921
131_31,s0.424488,s-2.158659,s199.060667
131_32,s0.943868,s2.260888,s331.390383
131_33,s-1.284294,s-1.908033,s93.051652
131_34,s-2.436729,s1.041563,s178.101692
131_35,s1.524309,s-1.981535,s193.08367
131_36,s2.128314,s-1.213581,s173.42918
131_37,s2.21165,s1.36697,s351.856848
131_38,s-1.943709,s-0.471164,s76.317652
131_39,s-1.7889,s2.282507,s354.121861
131_40,s-1.783567,s1.605891,s35.245421
131_41,s2.363303,s0.957756,s214.713346
131_42,s-2.218369,s-0.915881,s115.824923
131_43,s-0.865964,s-2.715254,s242.256704
131_44,s-2.023115,s-2.215176,s153.40833
131_45,s1.539398,s2.157024,s334.41392
131_46,s-0.56078,s2.641122,s352.15862
131_47,s2.391934,s-0.883827,s342.58859
131_48,s0.539859,s2.798402,s102.03545
131_49,s3.14502,s0.590636,s36.746496
131_50,s2.864552,s-0.452045,s297.59072
131_51,s2.406737,s-1.790983,s273.36504
131_52,s1.057025,s-2.646733,s184.135559
131_53,s-2.394613,s1.635796,s356.642679
131_54,s-2.905277,s0.747906,s72.500196
131_55,s-1.029026,s-3.345311,s77.506439
131_56,s-1.077656,s2.311095,s6.634927
131_57,s2.682851,s1.650699,s294.589367
131_58,s-2.807388,s1.535765,s66.143347
131_59,s-2.910519,s-0.481016,s52.863442
131_60,s0.539087,s-3.30634,s246.659103
131_61,s3.046104,s-1.26935,s346.454119
131_62,s-2.508949,s-1.986246,s126.411505
131_63,s-2.93107,s-1.622137,s82.261795
131_64,s1.985035,s-2.445841,s275.447764
131_65,s1.200553,s3.340834,s100.302035
131_66,s-2.291591,s2.711294,s338.119892
131_67,s3.187388,s1.183451,s278.967592
131_68,s-1.447782,s3.131521,s10.710101
131_69,s-2.845785,s2.204883,s111.039982
131_70,s-3.328107,s0.382364,s87.537311
131_71,s2.227809,s2.226963,s330.431299
131_72,s-3.373023,s-2.055533,s83.431494
131_73,s3.579258,s-0.937503,s329.234523
131_74,s0.442226,s3.47195,s10.190142
131_75,s1.722208,s-3.331141,s137.944124
131_76,s-3.621853,s-0.452413,s186.833749
131_77,s1.977097,s3.068157,s345.225682
131_78,s-1.829454,s-3.042302,s93.900732
131_79,s3.253774,s-1.962895,s273.354185
131_80,s-0.325149,s3.786064,s131.920094
131_81,s-2.642866,s3.068837,s62.521798
131_82,s1.630583,s3.597735,s69.101863
131_83,s2.725321,s3.129716,s330.762874
131_84,s2.95204,s2.146616,s7.081862
131_85,s2.410285,s-2.872808,s153.463555
131_86,s3.471528,s2.181397,s335.572071
131_87,s-0.231783,s-3.29185,s231.091314
131_88,s2.879316,s-2.323691,s230.103259
131_89,s4.142602,s-0.247685,s338.630898
131_90,s-3.731807,s1.440005,s254.30311
131_91,s1.18635,s4.133107,s345.164607
131_92,s2.81654,s-2.979447,s229.20729
131_93,s2.077396,s-3.764894,s240.696507
131_94,s3.798107,s1.672389,s289.594995
131_95,s4.266966,s1.073779,s316.595207
131_96,s-0.576484,s4.311632,s139.266225
131_97,s-4.016726,s-1.04327,s38.835671
131_98,s-2.12813,s3.62092,s51.486677
131_99,s-1.605121,s-3.609167,s192.198402
131_100,s-2.057409,s-3.604105,s97.529507
131_101,s3.761321,s-1.501655,s322.282092
131_102,s-3.11213,s2.669204,s69.175553
131_103,s3.612748,s-2.92755,s264.083497
131_104,s0.498426,s-3.968825,s293.549509
131_105,s-0.944496,s-3.938328,s323.950988
131_106,s-3.905641,s2.02632,s347.918465
131_107,s-0.556445,s-4.213415,s160.216844
131_108,s2.546828,s3.709942,s354.774885
131_109,s1.068345,s-4.319854,s314.737555
131_110,s-4.401897,s0.652538,s141.517355
131_111,s-4.280539,s-2.280238,s210.497366
131_112,s-4.138004,s1.495634,s82.519476
131_113,s-3.417892,s-2.927117,s312.781521
131_114,s-2.909704,s-3.627137,s117.572004
131_115,s-4.641877,s-1.221873,s234.093079
131_116,s-2.427069,s-4.02484,s138.071358
131_117,s2.081235,s-4.269773,s189.529959
131_118,s3.980854,s-2.304951,s265.834882
131_119,s-2.96033,s3.714693,s115.258664
131_120,s-1.779767,s4.241748,s234.524682
131_121,s-1.286726,s-4.62432,s76.009566
131_122,s3.264641,s3.311287,s288.730364
131_123,s4.114851,s2.471437,s325.179175
131_124,s4.720079,s0.872271,s221.002385
131_125,s4.384339,s-1.391967,s299.380666
131_126,s1.752158,s4.090531,s286.453023
131_127,s-4.462163,s-1.768926,s154.229839
131_128,s0.734017,s4.541059,s318.775932
131_129,s-4.583828,s1.868428,s34.632312
131_130,s-2.338573,s4.305935,s39.713206
132_0,s0.0,s0.0,s224.07799
132_1,s-0.148662,s0.371349,s324.138907
132_2,s-0.433521,s-0.120664,s43.560215
132_3,s0.190827,s-0.673487,s116.327727
132_4,s-0.913799,s-0.259751,s80.095038
132_5,s-0.447068,s0.663423,s97.607334
132_6,s-0.744268,s-0.590394,s194.56315
132_7,s-0.067394,s1.047835,s63.289603
132_8,s0.44541,s0.540009,s230.223708
132_9,s1.095233,s-0.350664,s121.948796
132_10,s0.734919,s-0.948627,s215.942255
132_11,s1.050575,s0.847816,s64.136372
132_12,s1.373843,s0.46374,s347.862517
132_13,s-1.245248,s-0.63981,s125.561183
132_14,s0.338793,s-1.306797,s194.028876
132_15,s-0.179821,s1.640172,s282.801172
132_16,s1.593643,s0.142487,s235.155091
132_17,s1.541295,s-0.929737,s310.83356
132_18,s-1.250661,s-1.151455,s199.265546
132_19,s0.914429,s1.373433,s12.198963
132_20,s-0.990518,s0.917264,s50.454835
132_21,s-1.575529,s0.490109,s161.451982
132_22,s-1.731787,s0.896333,s41.722179
132_23,s-0.4896,s-1.523251,s233.738856
132_24,s-0.59971,s1.855491,s332.670797
132_25,s2.195039,s0.14766,s276.378481
132_26,s-1.046984,s1.820391,s55.830495
132_27,s1.478226,s1.561201,s231.407036
132_28,s1.009852,s-1.784012,s287.529052
132_29,s-1.799898,s-1.265056,s121.541619
132_30,s-0.69012,s-2.088955,s218.237921
132_31,s0.424488,s-2.158659,s199.060667
132_32,s0.943868,s2.260888,s331.390383
132_33,s-1.284294,s-1.908033,s93.051652
132_34,s-2.436729,s1.041563,s178.101692
132_35,s1.524309,s-1.981535,s193.08367
132_36,s2.128314,s-1.213581,s173.42918
132_37,s2.21165,s1.36697,s351.856848
132_38,s-1.943709,s-0.471164,s76.317652
132_39,s-1.7889,s2.282507,s354.121861
132_40,s-1.783567,s1.605891,s35.245421
132_41,s2.363303,s0.957756,s214.713346
132_42,s-2.218369,s-0.915881,s115.824923
132_43,s-0.865964,s-2.715254,s242.256704
132_44,s-2.023115,s-2.215176,s153.40833
132_45,s1.539398,s2.157024,s334.41392
132_46,s-0.56078,s2.641122,s352.15862
132_47,s2.391934,s-0.883827,s342.58859
132_48,s0.539859,s2.798402,s102.03545
132_49,s3.14502,s0.590636,s36.746496
132_50,s2.864552,s-0.452045,s297.59072
132_51,s2.406737,s-1.790983,s273.36504
132_52,s1.057025,s-2.646733,s184.135559
132_53,s-2.394613,s1.635796,s356.642679
132_54,s-2.905277,s0.747906,s72.500196
132_55,s-1.029026,s-3.345311,s77.506439
132_56,s-1.077656,s2.311095,s6.634927
132_57,s2.682851,s1.650699,s294.589367
132_58,s-2.807388,s1.535765,s66.143347
132_59,s-2.910519,s-0.481016,s52.863442
132_60,s0.539087,s-3.30634,s246.659103
132_61,s3.046104,s-1.26935,s346.454119
132_62,s-2.508949,s-1.986246,s126.411505
132_63,s-2.93107,s-1.622137,s82.261795
132_64,s1.985035,s-2.445841,s275.447764
132_65,s1.200553,s3.340834,s100.302035
132_66,s-2.291591,s2.711294,s338.119892
132_67,s3.187388,s1.183451,s278.967592
132_68,s-1.447782,s3.131521,s10.710101
132_69,s-2.845785,s2.204883,s111.039982
132_70,s-3.328107,s0.382364,s87.537311
132_71,s2.227809,s2.226963,s330.431299
132_72,s-3.373023,s-2.055533,s83.431494
132_73,s3.579258,s-0.937503,s329.234523
132_74,s0.442226,s3.47195,s10.190142
132_75,s1.722208,s-3.331141,s137.944124
132_76,s-3.621853,s-0.452413,s186.833749
132_77,s1.977097,s3.068157,s345.225682
132_78,s-1.829454,s-3.042302,s93.900732
132_79,s3.253774,s-1.962895,s273.354185
132_80,s-0.325149,s3.786064,s131.920094
132_81,s-2.642866,s3.068837,s62.521798
132_82,s1.630583,s3.597735,s69.101863
132_83,s2.725321,s3.129716,s330.762874
132_84,s2.95204,s2.146616,s7.081862
132_85,s2.410285,s-2.872808,s153.463555
132_86,s3.471528,s2.181397,s335.572071
132_87,s-0.231783,s-3.29185,s231.091314
132_88,s2.879316,s-2.323691,s230.103259
132_89,s4.142602,s-0.247685,s338.630898
132_90,s-3.731807,s1.440005,s254.30311
132_91,s1.18635,s4.133107,s345.164607
132_92,s2.81654,s-2.979447,s229.20729
132_93,s2.077396,s-3.764894,s240.696507
132_94,s3.798107,s1.672389,s289.594995
132_95,s4.266966,s1.073779,s316.595207
132_96,s-0.576484,s4.311632,s139.266225
132_97,s-4.016726,s-1.04327,s38.835671
132_98,s-2.12813,s3.62092,s51.486677
132_99,s-1.605121,s-3.609167,s192.198402
132_100,s-2.057409,s-3.604105,s97.529507
132_101,s3.761321,s-1.501655,s322.282092
132_102,s-3.11213,s2.669204,s69.175553
132_103,s3.612748,s-2.92755,s264.083497
132_104,s0.498426,s-3.968825,s293.549509
132_105,s-0.944496,s-3.938328,s323.950988
132_106,s-3.905641,s2.02632,s347.918465
132_107,s-0.556445,s-4.213415,s160.216844
132_108,s2.546828,s3.709942,s354.774885
132_109,s1.068345,s-4.319854,s314.737555
132_110,s-4.401897,s0.652538,s141.517355
132_111,s-4.280539,s-2.280238,s210.497366
132_112,s-4.138004,s1.495634,s82.519476
132_113,s-3.417892,s-2.927117,s312.781521
132_114,s-2.909704,s-3.627137,s117.572004
132_115,s-4.641877,s-1.221873,s234.093079
132_116,s-2.427069,s-4.02484,s138.071358
132_117,s2.081235,s-4.269773,s189.529959
132_118,s3.980854,s-2.304951,s265.834882
132_119,s-2.96033,s3.714693,s115.258664
132_120,s-1.779767,s4.241748,s234.524682
132_121,s-1.286726,s-4.62432,s76.009566
132_122,s3.264641,s3.311287,s288.730364
132_123,s4.114851,s2.471437,s325.179175
132_124,s4.720079,s0.872271,s221.002385
132_125,s4.384339,s-1.391967,s299.380666
132_126,s1.752158,s4.090531,s286.453023
132_127,s-4.462163,s-1.768926,s154.229839
132_128,s0.734017,s4.541059,s318.775932
132_129,s-4.583828,s1.868428,s34.632312
132_130,s-2.338573,s4.305935,s39.713206
132_131,s1.88746,s4.684015,s270.206685
133_0,s0.0,s0.0,s224.07799
133_1,s-0.148662,s0.371349,s324.138907
133_2,s-0.433521,s-0.120664,s43.560215
133_3,s0.190827,s-0.673487,s116.327727
133_4,s-0.913799,s-0.259751,s80.095038
133_5,s-0.447068,s0.663423,s97.607334
133_6,s-0.744268,s-0.590394,s194.56315
133_7,s-0.067394,s1.047835,s63.289603
133_8,s0.44541,s0.540009,s230.223708
133_9,s1.095233,s-0.350664,s121.948796
133_10,s0.734919,s-0.948627,s215.942255
133_11,s1.050575,s0.847816,s64.136372
133_12,s1.373843,s0.46374,s347.862517
133_13,s-1.245248,s-0.63981,s125.561183
133_14,s0.338793,s-1.306797,s194.028876
133_15,s-0.179821,s1.640172,s282.801172
133_16,s1.593643,s0.142487,s235.155091
133_17,s1.541295,s-0.929737,s310.83356
133_18,s-1.250661,s-1.151455,s199.265546
133_19,s0.914429,s1.373433,s12.198963
133_20,s-0.990518,s0.917264,s50.454835
133_21,s-1.575529,s0.490109,s161.451982
133_22,s-1.731787,s0.896333,s41.722179
133_23,s-0.4896,s-1.523251,s233.738856
133_24,s-0.59971,s1.855491,s332.670797
133_25,s2.195039,s0.14766,s276.378481
133_26,s-1.046984,s1.820391,s55.830495
133_27,s1.478226,s1.561201,s231.407036
133_28,s1.009852,s-1.784012,s287.529052
133_29,s-1.799898,s-1.265056,s121.541619
133_30,s-0.69012,s-2.088955,s218.237921
133_31,s0.424488,s-2.158659,s199.060667
133_32,s0.943868,s2.260888,s331.390383
133_33,s-1.284294,s-1.908033,s93.051652
133_34,s-2.436729,s1.041563,s178.101692
133_35,s1.524309,s-1.981535,s193.08367
133_36,s2.128314,s-1.213581,s173.42918
133_37,s2.21165,s1.36697,s351.856848
133_38,s-1.943709,s-0.471164,s76.317652
133_39,s-1.7889,s2.282507,s354.121861
133_40,s-1.783567,s1.605891,s35.245421
133_41,s2.363303,s0.957756,s214.713346
133_42,s-2.218369,s-0.915881,s115.824923
133_43,s-0.865964,s-2.715254,s242.256704
133_44,s-2.023115,s-2.215176,s153.40833
133_45,s1.539398,s2.157024,s334.41392
133_46,s-0.56078,s2.641122,s352.15862
133_47,s2.391934,s-0.883827,s342.58859
133_48,s0.539859,s2.798402,s102.03545
133_49,s3.14502,s0.590636,s36.746496
133_50,s2.864552,s-0.452045,s297.59072
133_51,s2.406737,s-1.790983,s273.36504
133_52,s1.057025,s-2.646733,s184.135559
133_53,s-2.394613,s1.635796,s356.642679
133_54,s-2.905277,s0.747906,s72.500196
133_55,s-1.029026,s-3.345311,s77.506439
133_56,s-1.077656,s2.311095,s6.634927
133_57,s2.682851,s1.650699,s294.589367
133_58,s-2.807388,s1.535765,s66.143347
133_59,s-2.910519,s-0.481016,s52.863442
133_60,s0.539087,s-3.30634,s246.659103
133_61,s3.046104,s-1.26935,s346.454119
133_62,s-2.508949,s-1.986246,s126.411505
133_63,s-2.93107,s-1.622137,s82.261795
133_64,s1.985035,s-2.445841,s275.447764
133_65,s1.200553,s3.340834,s100.302035
133_66,s-2.291591,s2.711294,s338.119892
133_67,s3.187388,s1.183451,s278.967592
133_68,s-1.447782,s3.131521,s10.710101
133_69,s-2.845785,s2.204883,s111.039982
133_70,s-3.328107,s0.382364,s87.537311
133_71,s2.227809,s2.226963,s330.431299
133_72,s-3.373023,s-2.055533,s83.431494
133_73,s3.579258,s-0.937503,s329.234523
133_74,s0.442226,s3.47195,s10.190142
133_75,s1.722208,s-3.331141,s137.944124
133_76,s-3.621853,s-0.452413,s186.833749
133_77,s1.977097,s3.068157,s345.225682
133_78,s-1.829454,s-3.042302,s93.900732
133_79,s3.253774,s-1.962895,s273.354185
133_80,s-0.325149,s3.786064,s131.920094
133_81,s-2.642866,s3.068837,s62.521798
133_82,s1.630583,s3.597735,s69.101863
133_83,s2.725321,s3.129716,s330.762874
133_84,s2.95204,s2.146616,s7.081862
133_85,s2.410285,s-2.872808,s153.463555
133_86,s3.471528,s2.181397,s335.572071
133_87,s-0.231783,s-3.29185,s231.091314
133_88,s2.879316,s-2.323691,s230.103259
133_89,s4.142602,s-0.247685,s338.630898
133_90,s-3.731807,s1.440005,s254.30311
133_91,s1.18635,s4.133107,s345.164607
133_92,s2.81654,s-2.979447,s229.20729
133_93,s2.077396,s-3.764894,s240.696507
133_94,s3.798107,s1.672389,s289.594995
133_95,s4.266966,s1.073779,s316.595207
133_96,s-0.576484,s4.311632,s139.266225
133_97,s-4.016726,s-1.04327,s38.835671
133_98,s-2.12813,s3.62092,s51.486677
133_99,s-1.605121,s-3.609167,s192.198402
133_100,s-2.057409,s-3.604105,s97.529507
133_101,s3.761321,s-1.501655,s322.282092
133_102,s-3.11213,s2.669204,s69.175553
133_103,s3.612748,s-2.92755,s264.083497
133_104,s0.498426,s-3.968825,s293.549509
133_105,s-0.944496,s-3.938328,s323.950988
133_106,s-3.905641,s2.02632,s347.918465
133_107,s-0.556445,s-4.213415,s160.216844
133_108,s2.546828,s3.709942,s354.774885
133_109,s1.068345,s-4.319854,s314.737555
133_110,s-4.401897,s0.652538,s141.517355
133_111,s-4.280539,s-2.280238,s210.497366
133_112,s-4.138004,s1.495634,s82.519476
133_113,s-3.417892,s-2.927117,s312.781521
133_114,s-2.909704,s-3.627137,s117.572004
133_115,s-4.641877,s-1.221873,s234.093079
133_116,s-2.427069,s-4.02484,s138.071358
133_117,s2.081235,s-4.269773,s189.529959
133_118,s3.980854,s-2.304951,s265.834882
133_119,s-2.96033,s3.714693,s115.258664
133_120,s-1.779767,s4.241748,s234.524682
133_121,s-1.286726,s-4.62432,s76.009566
133_122,s3.264641,s3.311287,s288.730364
133_123,s4.114851,s2.471437,s325.179175
133_124,s4.720079,s0.872271,s221.002385
133_125,s4.384339,s-1.391967,s299.380666
133_126,s1.752158,s4.090531,s286.453023
133_127,s-4.462163,s-1.768926,s154.229839
133_128,s0.734017,s4.541059,s318.775932
133_129,s-4.583828,s1.868428,s34.632312
133_130,s-2.338573,s4.305935,s39.713206
133_131,s1.88746,s4.684015,s270.206685
133_132,s1.262205,s-4.682877,s227.232629
134_0,s0.0,s0.0,s224.07799
134_1,s-0.148662,s0.371349,s324.138907
134_2,s-0.433521,s-0.120664,s43.560215
134_3,s0.190827,s-0.673487,s116.327727
134_4,s-0.913799,s-0.259751,s80.095038
134_5,s-0.447068,s0.663423,s97.607334
134_6,s-0.744268,s-0.590394,s194.56315
134_7,s-0.067394,s1.047835,s63.289603
134_8,s0.44541,s0.540009,s230.223708
134_9,s1.095233,s-0.350664,s121.948796
134_10,s0.734919,s-0.948627,s215.942255
134_11,s1.050575,s0.847816,s64.136372
134_12,s1.373843,s0.46374,s347.862517
134_13,s-1.245248,s-0.63981,s125.561183
134_14,s0.338793,s-1.306797,s194.028876
134_15,s-0.179821,s1.640172,s282.801172
134_16,s1.593643,s0.142487,s235.155091
134_17,s1.541295,s-0.929737,s310.83356
134_18,s-1.250661,s-1.151455,s199.265546
134_19,s0.914429,s1.373433,s12.198963
134_20,s-0.990518,s0.917264,s50.454835
134_21,s-1.575529,s0.490109,s161.451982
134_22,s-1.731787,s0.896333,s41.722179
134_23,s-0.4896,s-1.523251,s233.738856
134_24,s-0.59971,s1.855491,s332.670797
134_25,s2.195039,s0.14766,s276.378481
134_26,s-1.046984,s1.820391,s55.830495
134_27,s1.478226,s1.561201,s231.407036
134_28,s1.009852,s-1.784012,s287.529052
134_29,s-1.799898,s-1.265056,s121.541619
134_30,s-0.69012,s-2.088955,s218.237921
134_31,s0.424488,s-2.158659,s199.060667
134_32,s0.943868,s2.260888,s331.390383
134_33,s-1.284294,s-1.908033,s93.051652
134_34,s-2.436729,s1.041563,s178.101692
134_35,s1.524309,s-1.981535,s193.08367
134_36,s2.128314,s-1.213581,s173.42918
134_37,s2.21165,s1.36697,s351.856848
134_38,s-1.943709,s-0.471164,s76.317652
134_39,s-1.7889,s2.282507,s354.121861
134_40,s-1.783567,s1.605891,s35.245421
134_41,s2.363303,s0.957756,s214.713346
134_42,s-2.218369,s-0.915881,s115.824923
134_43,s-0.865964,s-2.715254,s242.256704
134_44,s-2.023115,s-2.215176,s153.40833
134_45,s1.539398,s2.157024,s334.41392
134_46,s-0.56078,s2.641122,s352.15862
134_47,s2.391934,s-0.883827,s342.58859
134_48,s0.539859,s2.798402,s102.03545
134_49,s3.14502,s0.590636,s36.746496
134_50,s2.864552,s-0.452045,s297.59072
134_51,s2.406737,s-1.790983,s273.36504
134_52,s1.057025,s-2.646733,s184.135559
134_53,s-2.394613,s1.635796,s356.642679
134_54,s-2.905277,s0.747906,s72.500196
134_55,s-1.029026,s-3.345311,s77.506439
134_56,s-1.077656,s2.311095,s6.634927
134_57,s2.682851,s1.650699,s294.589367
134_58,s-2.807388,s1.535765,s66.143347
134_59,s-2.910519,s-0.481016,s52.863442
134_60,s0.539087,s-3.30634,s246.659103
134_61,s3.046104,s-1.26935,s346.454119
134_62,s-2.508949,s-1.986246,s126.411505
134_63,s-2.93107,s-1.622137,s82.261795
134_64,s1.985035,s-2.445841,s275.447764
134_65,s1.200553,s3.340834,s100.302035
134_66,s-2.291591,s2.711294,s338.119892
134_67,s3.187388,s1.183451,s278.967592
134_68,s-1.447782,s3.131521,s10.710101
134_69,s-2.845785,s2.204883,s111.039982
134_70,s-3.328107,s0.382364,s87.537311
134_71,s2.227809,s2.226963,s330.431299
134_72,s-3.373023,s-2.055533,s83.431494
134_73,s3.579258,s-0.937503,s329.234523
134_74,s0.442226,s3.47195,s10.190142
134_75,s1.722208,s-3.331141,s137.944124
134_76,s-3.621853,s-0.452413,s186.833749
134_77,s1.977097,s3.068157,s345.225682
134_78,s-1.829454,s-3.042302,s93.900732
134_79,s3.253774,s-1.962895,s273.354185
134_80,s-0.325149,s3.786064,s131.920094
134_81,s-2.642866,s3.068837,s62.521798
134_82,s1.630583,s3.597735,s69.101863
134_83,s2.725321,s3.129716,s330.762874
134_84,s2.95204,s2.146616,s7.081862
134_85,s2.410285,s-2.872808,s153.463555
134_86,s3.471528,s2.181397,s335.572071
134_87,s-0.231783,s-3.29185,s231.091314
134_88,s2.879316,s-2.323691,s230.103259
134_89,s4.142602,s-0.247685,s338.630898
134_90,s-3.731807,s1.440005,s254.30311
134_91,s1.18635,s4.133107,s345.164607
134_92,s2.81654,s-2.979447,s229.20729
134_93,s2.077396,s-3.764894,s240.696507
134_94,s3.798107,s1.672389,s289.594995
134_95,s4.266966,s1.073779,s316.595207
134_96,s-0.576484,s4.311632,s139.266225
134_97,s-4.016726,s-1.04327,s38.835671
134_98,s-2.12813,s3.62092,s51.486677
134_99,s-1.605121,s-3.609167,s192.198402
134_100,s-2.057409,s-3.604105,s97.529507
134_101,s3.761321,s-1.501655,s322.282092
134_102,s-3.11213,s2.669204,s69.175553
134_103,s3.612748,s-2.92755,s264.083497
134_104,s0.498426,s-3.968825,s293.549509
134_105,s-0.944496,s-3.938328,s323.950988
134_106,s-3.905641,s2.02632,s347.918465
134_107,s-0.556445,s-4.213415,s160.216844
134_108,s2.546828,s3.709942,s354.774885
134_109,s1.068345,s-4.319854,s314.737555
134_110,s-4.401897,s0.652538,s141.517355
134_111,s-4.280539,s-2.280238,s210.497366
134_112,s-4.138004,s1.495634,s82.519476
134_113,s-3.417892,s-2.927117,s312.781521
134_114,s-2.909704,s-3.627137,s117.572004
134_115,s-4.641877,s-1.221873,s234.093079
134_116,s-2.427069,s-4.02484,s138.071358
134_117,s2.081235,s-4.269773,s189.529959
134_118,s3.980854,s-2.304951,s265.834882
134_119,s-2.96033,s3.714693,s115.258664
134_120,s-1.779767,s4.241748,s234.524682
134_121,s-1.286726,s-4.62432,s76.009566
134_122,s3.264641,s3.311287,s288.730364
134_123,s4.114851,s2.471437,s325.179175
134_124,s4.720079,s0.872271,s221.002385
134_125,s4.384339,s-1.391967,s299.380666
134_126,s1.752158,s4.090531,s286.453023
134_127,s-4.462163,s-1.768926,s154.229839
134_128,s0.734017,s4.541059,s318.775932
134_129,s-4.583828,s1.868428,s34.632312
134_130,s-2.338573,s4.305935,s39.713206
134_131,s1.88746,s4.684015,s270.206685
134_132,s1.262205,s-4.682877,s227.232629
134_133,s-4.334511,s2.492391,s352.874167
135_0,s0.0,s0.0,s224.07799
135_1,s-0.148662,s0.371349,s324.138907
135_2,s-0.433521,s-0.120664,s43.560215
135_3,s0.190827,s-0.673487,s116.327727
135_4,s-0.913799,s-0.259751,s80.095038
135_5,s-0.447068,s0.663423,s97.607334
135_6,s-0.744268,s-0.590394,s194.56315
135_7,s-0.067394,s1.047835,s63.289603
135_8,s0.44541,s0.540009,s230.223708
135_9,s1.095233,s-0.350664,s121.948796
135_10,s0.734919,s-0.948627,s215.942255
135_11,s1.050575,s0.847816,s64.136372
135_12,s1.373843,s0.46374,s347.862517
135_13,s-1.245248,s-0.63981,s125.561183
135_14,s0.338793,s-1.306797,s194.028876
135_15,s-0.179821,s1.640172,s282.801172
135_16,s1.593643,s0.142487,s235.155091
135_17,s1.541295,s-0.929737,s310.83356
135_18,s-1.250661,s-1.151455,s199.265546
135_19,s0.914429,s1.373433,s12.198963
135_20,s-0.990518,s0.917264,s50.454835
135_21,s-1.575529,s0.490109,s161.451982
135_22,s-1.731787,s0.896333,s41.722179
135_23,s-0.4896,s-1.523251,s233.738856
135_24,s-0.59971,s1.855491,s332.670797
135_25,s2.195039,s0.14766,s276.378481
135_26,s-1.046984,s1.820391,s55.830495
135_27,s1.478226,s1.561201,s231.407036
135_28,s1.009852,s-1.784012,s287.529052
135_29,s-1.799898,s-1.265056,s121.541619
135_30,s-0.69012,s-2.088955,s218.237921
135_31,s0.424488,s-2.158659,s199.060667
135_32,s0.943868,s2.260888,s331.390383
135_33,s-1.284294,s-1.908033,s93.051652
135_34,s-2.436729,s1.041563,s178.101692
135_35,s1.524309,s-1.981535,s193.08367
135_36,s2.128314,s-1.213581,s173.42918
135_37,s2.21165,s1.36697,s351.856848
135_38,s-1.943709,s-0.471164,s76.317652
135_39,s-1.7889,s2.282507,s354.121861
135_40,s-1.783567,s1.605891,s35.245421
135_41,s2.363303,s0.957756,s214.713346
135_42,s-2.218369,s-0.915881,s115.824923
135_43,s-0.865964,s-2.715254,s242.256704
135_44,s-2.023115,s-2.215176,s153.40833
135_45,s1.539398,s2.157024,s334.41392
135_46,s-0.56078,s2.641122,s352.15862
135_47,s2.391934,s-0.883827,s342.58859
135_48,s0.539859,s2.798402,s102.03545
135_49,s3.14502,s0.590636,s36.746496
135_50,s2.864552,s-0.452045,s297.59072
135_51,s2.406737,s-1.790983,s273.36504
135_52,s1.057025,s-2.646733,s184.135559
135_53,s-2.394613,s1.635796,s356.642679
135_54,s-2.905277,s0.747906,s72.500196
135_55,s-1.029026,s-3.345311,s77.506439
135_56,s-1.077656,s2.311095,s6.634927
135_57,s2.682851,s1.650699,s294.589367
135_58,s-2.807388,s1.535765,s66.143347
135_59,s-2.910519,s-0.481016,s52.863442
135_60,s0.539087,s-3.30634,s246.659103
135_61,s3.046104,s-1.26935,s346.454119
135_62,s-2.508949,s-1.986246,s126.411505
135_63,s-2.93107,s-1.622137,s82.261795
135_64,s1.985035,s-2.445841,s275.447764
135_65,s1.200553,s3.340834,s100.302035
135_66,s-2.291591,s2.711294,s338.119892
135_67,s3.187388,s1.183451,s278.967592
135_68,s-1.447782,s3.131521,s10.710101
135_69,s-2.845785,s2.204883,s111.039982
135_70,s-3.328107,s0.382364,s87.537311
135_71,s2.227809,s2.226963,s330.431299
135_72,s-3.373023,s-2.055533,s83.431494
135_73,s3.579258,s-0.937503,s329.234523
135_74,s0.442226,s3.47195,s10.190142
135_75,s1.722208,s-3.331141,s137.944124
135_76,s-3.621853,s-0.452413,s186.833749
135_77,s1.977097,s3.068157,s345.225682
135_78,s-1.829454,s-3.042302,s93.900732
135_79,s3.253774,s-1.962895,s273.354185
135_80,s-0.325149,s3.786064,s131.920094
135_81,s-2.642866,s3.068837,s62.521798
135_82,s1.630583,s3.597735,s69.101863
135_83,s2.725321,s3.129716,s330.762874
135_84,s2.95204,s2.146616,s7.081862
135_85,s2.410285,s-2.872808,s153.463555
135_86,s3.471528,s2.181397,s335.572071
135_87,s-0.231783,s-3.29185,s231.091314
135_88,s2.879316,s-2.323691,s230.103259
135_89,s4.142602,s-0.247685,s338.630898
135_90,s-3.731807,s1.440005,s254.30311
135_91,s1.18635,s4.133107,s345.164607
135_92,s2.81654,s-2.979447,s229.20729
135_93,s2.077396,s-3.764894,s240.696507
135_94,s3.798107,s1.672389,s289.594995
135_95,s4.266966,s1.073779,s316.595207
135_96,s-0.576484,s4.311632,s139.266225
135_97,s-4.016726,s-1.04327,s38.835671
135_98,s-2.12813,s3.62092,s51.486677
135_99,s-1.605121,s-3.609167,s192.198402
135_100,s-2.057409,s-3.604105,s97.529507
135_101,s3.761321,s-1.501655,s322.282092
135_102,s-3.11213,s2.669204,s69.175553
135_103,s3.612748,s-2.92755,s264.083497
135_104,s0.498426,s-3.968825,s293.549509
135_105,s-0.944496,s-3.938328,s323.950988
135_106,s-3.905641,s2.02632,s347.918465
135_107,s-0.556445,s-4.213415,s160.216844
135_108,s2.546828,s3.709942,s354.774885
135_109,s1.068345,s-4.319854,s314.737555
135_110,s-4.401897,s0.652538,s141.517355
135_111,s-4.280539,s-2.280238,s210.497366
135_112,s-4.138004,s1.495634,s82.519476
135_113,s-3.417892,s-2.927117,s312.781521
135_114,s-2.909704,s-3.627137,s117.572004
135_115,s-4.641877,s-1.221873,s234.093079
135_116,s-2.427069,s-4.02484,s138.071358
135_117,s2.081235,s-4.269773,s189.529959
135_118,s3.980854,s-2.304951,s265.834882
135_119,s-2.96033,s3.714693,s115.258664
135_120,s-1.779767,s4.241748,s234.524682
135_121,s-1.286726,s-4.62432,s76.009566
135_122,s3.264641,s3.311287,s288.730364
135_123,s4.114851,s2.471437,s325.179175
135_124,s4.720079,s0.872271,s221.002385
135_125,s4.384339,s-1.391967,s299.380666
135_126,s1.752158,s4.090531,s286.453023
135_127,s-4.462163,s-1.768926,s154.229839
135_128,s0.734017,s4.541059,s318.775932
135_129,s-4.583828,s1.868428,s34.632312
135_130,s-2.338573,s4.305935,s39.713206
135_131,s1.88746,s4.684015,s270.206685
135_132,s1.262205,s-4.682877,s227.232629
135_133,s-4.334511,s2.492391,s352.874167
135_134,s-3.559659,s3.790624,s78.929621
136_0,s0.0,s0.0,s224.07799
136_1,s-0.148662,s0.371349,s324.138907
136_2,s-0.433521,s-0.120664,s43.560215
136_3,s0.190827,s-0.673487,s116.327727
136_4,s-0.913799,s-0.259751,s80.095038
136_5,s-0.447068,s0.663423,s97.607334
136_6,s-0.744268,s-0.590394,s194.56315
136_7,s-0.067394,s1.047835,s63.289603
136_8,s0.44541,s0.540009,s230.223708
136_9,s1.095233,s-0.350664,s121.948796
136_10,s0.734919,s-0.948627,s215.942255
136_11,s1.050575,s0.847816,s64.136372
136_12,s1.373843,s0.46374,s347.862517
136_13,s-1.245248,s-0.63981,s125.561183
136_14,s0.338793,s-1.306797,s194.028876
136_15,s-0.179821,s1.640172,s282.801172
136_16,s1.593643,s0.142487,s235.155091
136_17,s1.541295,s-0.929737,s310.83356
136_18,s-1.250661,s-1.151455,s199.265546
136_19,s0.914429,s1.373433,s12.198963
136_20,s-0.990518,s0.917264,s50.454835
136_21,s-1.575529,s0.490109,s161.451982
136_22,s-1.731787,s0.896333,s41.722179
136_23,s-0.4896,s-1.523251,s233.738856
136_24,s-0.59971,s1.855491,s332.670797
136_25,s2.195039,s0.14766,s276.378481
136_26,s-1.046984,s1.820391,s55.830495
136_27,s1.478226,s1.561201,s231.407036
136_28,s1.009852,s-1.784012,s287.529052
136_29,s-1.799898,s-1.265056,s121.541619
136_30,s-0.69012,s-2.088955,s218.237921
136_31,s0.424488,s-2.158659,s199.060667
136_32,s0.943868,s2.260888,s331.390383
136_33,s-1.284294,s-1.908033,s93.051652
136_34,s-2.436729,s1.041563,s178.101692
136_35,s1.524309,s-1.981535,s193.08367
136_36,s2.128314,s-1.213581,s173.42918
136_37,s2.21165,s1.36697,s351.856848
136_38,s-1.943709,s-0.471164,s76.317652
136_39,s-1.7889,s2.282507,s354.121861
136_40,s-1.783567,s1.605891,s35.245421
136_41,s2.363303,s0.957756,s214.713346
136_42,s-2.218369,s-0.915881,s115.824923
136_43,s-0.865964,s-2.715254,s242.256704
136_44,s-2.023115,s-2.215176,s153.40833
136_45,s1.539398,s2.157024,s334.41392
136_46,s-0.56078,s2.641122,s352.15862
136_47,s2.391934,s-0.883827,s342.58859
136_48,s0.539859,s2.798402,s102.03545
136_49,s3.14502,s0.590636,s36.746496
136_50,s2.864552,s-0.452045,s297.59072
136_51,s2.406737,s-1.790983,s273.36504
136_52,s1.057025,s-2.646733,s184.135559
136_53,s-2.394613,s1.635796,s356.642679
136_54,s-2.905277,s0.747906,s72.500196
136_55,s-1.029026,s-3.345311,s77.506439
136_56,s-1.077656,s2.311095,s6.634927
136_57,s2.682851,s1.650699,s294.589367
136_58,s-2.807388,s1.535765,s66.143347
136_59,s-2.910519,s-0.481016,s52.863442
136_60,s0.539087,s-3.30634,s246.659103
136_61,s3.046104,s-1.26935,s346.454119
136_62,s-2.508949,s-1.986246,s126.411505
136_63,s-2.93107,s-1.622137,s82.261795
136_64,s1.985035,s-2.445841,s275.447764
136_65,s1.200553,s3.340834,s100.302035
136_66,s-2.291591,s2.711294,s338.119892
136_67,s3.187388,s1.183451,s278.967592
136_68,s-1.447782,s3.131521,s10.710101
136_69,s-2.845785,s2.204883,s111.039982
136_70,s-3.328107,s0.382364,s87.537311
136_71,s2.227809,s2.226963,s330.431299
136_72,s-3.373023,s-2.055533,s83.431494
136_73,s3.579258,s-0.937503,s329.234523
136_74,s0.442226,s3.47195,s10.190142
136_75,s1.722208,s-3.331141,s137.944124
136_76,s-3.621853,s-0.452413,s186.833749
136_77,s1.977097,s3.068157,s345.225682
136_78,s-1.829454,s-3.042302,s93.900732
136_79,s3.253774,s-1.962895,s273.354185
136_80,s-0.325149,s3.786064,s131.920094
136_81,s-2.642866,s3.068837,s62.521798
136_82,s1.630583,s3.597735,s69.101863
136_83,s2.725321,s3.129716,s330.762874
136_84,s2.95204,s2.146616,s7.081862
136_85,s2.410285,s-2.872808,s153.463555
136_86,s3.471528,s2.181397,s335.572071
136_87,s-0.231783,s-3.29185,s231.091314
136_88,s2.879316,s-2.323691,s230.103259
136_89,s4.142602,s-0.247685,s338.630898
136_90,s-3.731807,s1.440005,s254.30311
136_91,s1.18635,s4.133107,s345.164607
136_92,s2.81654,s-2.979447,s229.20729
136_93,s2.077396,s-3.764894,s240.696507
136_94,s3.798107,s1.672389,s289.594995
136_95,s4.266966,s1.073779,s316.595207
136_96,s-0.576484,s4.311632,s139.266225
136_97,s-4.016726,s-1.04327,s38.835671
136_98,s-2.12813,s3.62092,s51.486677
136_99,s-1.605121,s-3.609167,s192.198402
136_100,s-2.057409,s-3.604105,s97.529507
136_101,s3.761321,s-1.501655,s322.282092
136_102,s-3.11213,s2.669204,s69.175553
136_103,s3.612748,s-2.92755,s264.083497
136_104,s0.498426,s-3.968825,s293.549509
136_105,s-0.944496,s-3.938328,s323.950988
136_106,s-3.905641,s2.02632,s347.918465
136_107,s-0.556445,s-4.213415,s160.216844
136_108,s2.546828,s3.709942,s354.774885
136_109,s1.068345,s-4.319854,s314.737555
136_110,s-4.401897,s0.652538,s141.517355
136_111,s-4.280539,s-2.280238,s210.497366
136_112,s-4.138004,s1.495634,s82.519476
136_113,s-3.417892,s-2.927117,s312.781521
136_114,s-2.909704,s-3.627137,s117.572004
136_115,s-4.641877,s-1.221873,s234.093079
136_116,s-2.427069,s-4.02484,s138.071358
136_117,s2.081235,s-4.269773,s189.529959
136_118,s3.980854,s-2.304951,s265.834882
136_119,s-2.96033,s3.714693,s115.258664
136_120,s-1.779767,s4.241748,s234.524682
136_121,s-1.286726,s-4.62432,s76.009566
136_122,s3.264641,s3.311287,s288.730364
136_123,s4.114851,s2.471437,s325.179175
136_124,s4.720079,s0.872271,s221.002385
136_125,s4.384339,s-1.391967,s299.380666
136_126,s1.752158,s4.090531,s286.453023
136_127,s-4.462163,s-1.768926,s154.229839
136_128,s0.734017,s4.541059,s318.775932
136_129,s-4.583828,s1.868428,s34.632312
136_130,s-2.338573,s4.305935,s39.713206
136_131,s1.88746,s4.684015,s270.206685
136_132,s1.262205,s-4.682877,s227.232629
136_133,s-4.334511,s2.492391,s352.874167
136_134,s-3.559659,s3.790624,s78.929621
136_135,s-0.766759,s4.890254,s249.746215
137_0,s0.0,s0.0,s224.07799
137_1,s-0.148662,s0.371349,s324.138907
137_2,s-0.433521,s-0.120664,s43.560215
137_3,s0.190827,s-0.673487,s116.327727
137_4,s-0.913799,s-0.259751,s80.095038
137_5,s-0.447068,s0.663423,s97.607334
137_6,s-0.744268,s-0.590394,s194.56315
137_7,s-0.067394,s1.047835,s63.289603
137_8,s0.44541,s0.540009,s230.223708
137_9,s1.095233,s-0.350664,s121.948796
137_10,s0.734919,s-0.948627,s215.942255
137_11,s1.050575,s0.847816,s64.136372
137_12,s1.373843,s0.46374,s347.862517
137_13,s-1.245248,s-0.63981,s125.561183
137_14,s0.338793,s-1.306797,s194.028876
137_15,s-0.179821,s1.640172,s282.801172
137_16,s1.593643,s0.142487,s235.155091
137_17,s1.541295,s-0.929737,s310.83356
137_18,s-1.250661,s-1.151455,s199.265546
137_19,s0.914429,s1.373433,s12.198963
137_20,s-0.990518,s0.917264,s50.454835
137_21,s-1.575529,s0.490109,s161.451982
137_22,s-1.731787,s0.896333,s41.722179
137_23,s-0.4896,s-1.523251,s233.738856
137_24,s-0.59971,s1.855491,s332.670797
137_25,s2.195039,s0.14766,s276.378481
137_26,s-1.046984,s1.820391,s55.830495
137_27,s1.478226,s1.561201,s231.407036
137_28,s1.009852,s-1.784012,s287.529052
137_29,s-1.799898,s-1.265056,s121.541619
137_30,s-0.69012,s-2.088955,s218.237921
137_31,s0.424488,s-2.158659,s199.060667
137_32,s0.943868,s2.260888,s331.390383
137_33,s-1.284294,s-1.908033,s93.051652
137_34,s-2.436729,s1.041563,s178.101692
137_35,s1.524309,s-1.981535,s193.08367
137_36,s2.128314,s-1.213581,s173.42918
137_37,s2.21165,s1.36697,s351.856848
137_38,s-1.943709,s-0.471164,s76.317652
137_39,s-1.7889,s2.282507,s354.121861
137_40,s-1.783567,s1.605891,s35.245421
137_41,s2.363303,s0.957756,s214.713346
137_42,s-2.218369,s-0.915881,s115.824923
137_43,s-0.865964,s-2.715254,s242.256704
137_44,s-2.023115,s-2.215176,s153.40833
137_45,s1.539398,s2.157024,s334.41392
137_46,s-0.56078,s2.641122,s352.15862
137_47,s2.391934,s-0.883827,s342.58859
137_48,s0.539859,s2.798402,s102.03545
137_49,s3.14502,s0.590636,s36.746496
137_50,s2.864552,s-0.452045,s297.59072
137_51,s2.406737,s-1.790983,s273.36504
137_52,s1.057025,s-2.646733,s184.135559
137_53,s-2.394613,s1.635796,s356.642679
137_54,s-2.905277,s0.747906,s72.500196
137_55,s-1.029026,s-3.345311,s77.506439
137_56,s-1.077656,s2.311095,s6.634927
137_57,s2.682851,s1.650699,s294.589367
137_58,s-2.807388,s1.535765,s66.143347
137_59,s-2.910519,s-0.481016,s52.863442
137_60,s0.539087,s-3.30634,s246.659103
137_61,s3.046104,s-1.26935,s346.454119
137_62,s-2.508949,s-1.986246,s126.411505
137_63,s-2.93107,s-1.622137,s82.261795
137_64,s1.985035,s-2.445841,s275.447764
137_65,s1.200553,s3.340834,s100.302035
137_66,s-2.291591,s2.711294,s338.119892
137_67,s3.187388,s1.183451,s278.967592
137_68,s-1.447782,s3.131521,s10.710101
137_69,s-2.845785,s2.204883,s111.039982
137_70,s-3.328107,s0.382364,s87.537311
137_71,s2.227809,s2.226963,s330.431299
137_72,s-3.373023,s-2.055533,s83.431494
137_73,s3.579258,s-0.937503,s329.234523
137_74,s0.442226,s3.47195,s10.190142
137_75,s1.722208,s-3.331141,s137.944124
137_76,s-3.621853,s-0.452413,s186.833749
137_77,s1.977097,s3.068157,s345.225682
137_78,s-1.829454,s-3.042302,s93.900732
137_79,s3.253774,s-1.962895,s273.354185
137_80,s-0.325149,s3.786064,s131.920094
137_81,s-2.642866,s3.068837,s62.521798
137_82,s1.630583,s3.597735,s69.101863
137_83,s2.725321,s3.129716,s330.762874
137_84,s2.95204,s2.146616,s7.081862
137_85,s2.410285,s-2.872808,s153.463555
137_86,s3.471528,s2.181397,s335.572071
137_87,s-0.231783,s-3.29185,s231.091314
137_88,s2.879316,s-2.323691,s230.103259
137_89,s4.142602,s-0.247685,s338.630898
137_90,s-3.731807,s1.440005,s254.30311
137_91,s1.18635,s4.133107,s345.164607
137_92,s2.81654,s-2.979447,s229.20729
137_93,s2.077396,s-3.764894,s240.696507
137_94,s3.798107,s1.672389,s289.594995
137_95,s4.266966,s1.073779,s316.595207
137_96,s-0.576484,s4.311632,s139.266225
137_97,s-4.016726,s-1.04327,s38.835671
137_98,s-2.12813,s3.62092,s51.486677
137_99,s-1.605121,s-3.609167,s192.198402
137_100,s-2.057409,s-3.604105,s97.529507
137_101,s3.761321,s-1.501655,s322.282092
137_102,s-3.11213,s2.669204,s69.175553
137_103,s3.612748,s-2.92755,s264.083497
137_104,s0.498426,s-3.968825,s293.549509
137_105,s-0.944496,s-3.938328,s323.950988
137_106,s-3.905641,s2.02632,s347.918465
137_107,s-0.556445,s-4.213415,s160.216844
137_108,s2.546828,s3.709942,s354.774885
137_109,s1.068345,s-4.319854,s314.737555
137_110,s-4.401897,s0.652538,s141.517355
137_111,s-4.280539,s-2.280238,s210.497366
137_112,s-4.138004,s1.495634,s82.519476
137_113,s-3.417892,s-2.927117,s312.781521
137_114,s-2.909704,s-3.627137,s117.572004
137_115,s-4.641877,s-1.221873,s234.093079
137_116,s-2.427069,s-4.02484,s138.071358
137_117,s2.081235,s-4.269773,s189.529959
137_118,s3.980854,s-2.304951,s265.834882
137_119,s-2.96033,s3.714693,s115.258664
137_120,s-1.779767,s4.241748,s234.524682
137_121,s-1.286726,s-4.62432,s76.009566
137_122,s3.264641,s3.311287,s288.730364
137_123,s4.114851,s2.471437,s325.179175
137_124,s4.720079,s0.872271,s221.002385
137_125,s4.384339,s-1.391967,s299.380666
137_126,s1.752158,s4.090531,s286.453023
137_127,s-4.462163,s-1.768926,s154.229839
137_128,s0.734017,s4.541059,s318.775932
137_129,s-4.583828,s1.868428,s34.632312
137_130,s-2.338573,s4.305935,s39.713206
137_131,s1.88746,s4.684015,s270.206685
137_132,s1.262205,s-4.682877,s227.232629
137_133,s-4.334511,s2.492391,s352.874167
137_134,s-3.559659,s3.790624,s78.929621
137_135,s-0.766759,s4.890254,s249.746215
137_136,s-0.294598,s-4.841045,s149.263863
138_0,s0.0,s0.0,s224.07799
138_1,s-0.148662,s0.371349,s324.138907
138_2,s-0.433521,s-0.120664,s43.560215
138_3,s0.190827,s-0.673487,s116.327727
138_4,s-0.913799,s-0.259751,s80.095038
138_5,s-0.447068,s0.663423,s97.607334
138_6,s-0.744268,s-0.590394,s194.56315
138_7,s-0.067394,s1.047835,s63.289603
138_8,s0.44541,s0.540009,s230.223708
138_9,s1.095233,s-0.350664,s121.948796
138_10,s0.734919,s-0.948627,s215.942255
138_11,s1.050575,s0.847816,s64.136372
138_12,s1.373843,s0.46374,s347.862517
138_13,s-1.245248,s-0.63981,s125.561183
138_14,s0.338793,s-1.306797,s194.028876
138_15,s-0.179821,s1.640172,s282.801172
138_16,s1.593643,s0.142487,s235.155091
138_17,s1.541295,s-0.929737,s310.83356
138_18,s-1.250661,s-1.151455,s199.265546
138_19,s0.914429,s1.373433,s12.198963
138_20,s-0.990518,s0.917264,s50.454835
138_21,s-1.575529,s0.490109,s161.451982
138_22,s-1.731787,s0.896333,s41.722179
138_23,s-0.4896,s-1.523251,s233.738856
138_24,s-0.59971,s1.855491,s332.670797
138_25,s2.195039,s0.14766,s276.378481
138_26,s-1.046984,s1.820391,s55.830495
138_27,s1.478226,s1.561201,s231.407036
138_28,s1.009852,s-1.784012,s287.529052
138_29,s-1.799898,s-1.265056,s121.541619
138_30,s-0.69012,s-2.088955,s218.237921
138_31,s0.424488,s-2.158659,s199.060667
138_32,s0.943868,s2.260888,s331.390383
138_33,s-1.284294,s-1.908033,s93.051652
138_34,s-2.436729,s1.041563,s178.101692
138_35,s1.524309,s-1.981535,s193.08367
138_36,s2.128314,s-1.213581,s173.42918
138_37,s2.21165,s1.36697,s351.856848
138_38,s-1.943709,s-0.471164,s76.317652
138_39,s-1.7889,s2.282507,s354.121861
138_40,s-1.783567,s1.605891,s35.245421
138_41,s2.363303,s0.957756,s214.713346
138_42,s-2.218369,s-0.915881,s115.824923
138_43,s-0.865964,s-2.715254,s242.256704
138_44,s-2.023115,s-2.215176,s153.40833
138_45,s1.539398,s2.157024,s334.41392
138_46,s-0.56078,s2.641122,s352.15862
138_47,s2.391934,s-0.883827,s342.58859
138_48,s0.539859,s2.798402,s102.03545
138_49,s3.14502,s0.590636,s36.746496
138_50,s2.864552,s-0.452045,s297.59072
138_51,s2.406737,s-1.790983,s273.36504
138_52,s1.057025,s-2.646733,s184.135559
138_53,s-2.394613,s1.635796,s356.642679
138_54,s-2.905277,s0.747906,s72.500196
138_55,s-1.029026,s-3.345311,s77.506439
138_56,s-1.077656,s2.311095,s6.634927
138_57,s2.682851,s1.650699,s294.589367
138_58,s-2.807388,s1.535765,s66.143347
138_59,s-2.910519,s-0.481016,s52.863442
138_60,s0.539087,s-3.30634,s246.659103
138_61,s3.046104,s-1.26935,s346.454119
138_62,s-2.508949,s-1.986246,s126.411505
138_63,s-2.93107,s-1.622137,s82.261795
138_64,s1.985035,s-2.445841,s275.447764
138_65,s1.200553,s3.340834,s100.302035
138_66,s-2.291591,s2.711294,s338.119892
138_67,s3.187388,s1.183451,s278.967592
138_68,s-1.447782,s3.131521,s10.710101
138_69,s-2.845785,s2.204883,s111.039982
138_70,s-3.328107,s0.382364,s87.537311
138_71,s2.227809,s2.226963,s330.431299
138_72,s-3.373023,s-2.055533,s83.431494
138_73,s3.579258,s-0.937503,s329.234523
138_74,s0.442226,s3.47195,s10.190142
138_75,s1.722208,s-3.331141,s137.944124
138_76,s-3.621853,s-0.452413,s186.833749
138_77,s1.977097,s3.068157,s345.225682
138_78,s-1.829454,s-3.042302,s93.900732
138_79,s3.253774,s-1.962895,s273.354185
138_80,s-0.325149,s3.786064,s131.920094
138_81,s-2.642866,s3.068837,s62.521798
138_82,s1.630583,s3.597735,s69.101863
138_83,s2.725321,s3.129716,s330.762874
138_84,s2.95204,s2.146616,s7.081862
138_85,s2.410285,s-2.872808,s153.463555
138_86,s3.471528,s2.181397,s335.572071
138_87,s-0.231783,s-3.29185,s231.091314
138_88,s2.879316,s-2.323691,s230.103259
138_89,s4.142602,s-0.247685,s338.630898
138_90,s-3.731807,s1.440005,s254.30311
138_91,s1.18635,s4.133107,s345.164607
138_92,s2.81654,s-2.979447,s229.20729
138_93,s2.077396,s-3.764894,s240.696507
138_94,s3.798107,s1.672389,s289.594995
138_95,s4.266966,s1.073779,s316.595207
138_96,s-0.576484,s4.311632,s139.266225
138_97,s-4.016726,s-1.04327,s38.835671
138_98,s-2.12813,s3.62092,s51.486677
138_99,s-1.605121,s-3.609167,s192.198402
138_100,s-2.057409,s-3.604105,s97.529507
138_101,s3.761321,s-1.501655,s322.282092
138_102,s-3.11213,s2.669204,s69.175553
138_103,s3.612748,s-2.92755,s264.083497
138_104,s0.498426,s-3.968825,s293.549509
138_105,s-0.944496,s-3.938328,s323.950988
138_106,s-3.905641,s2.02632,s347.918465
138_107,s-0.556445,s-4.213415,s160.216844
138_108,s2.546828,s3.709942,s354.774885
138_109,s1.068345,s-4.319854,s314.737555
138_110,s-4.401897,s0.652538,s141.517355
138_111,s-4.280539,s-2.280238,s210.497366
138_112,s-4.138004,s1.495634,s82.519476
138_113,s-3.417892,s-2.927117,s312.781521
138_114,s-2.909704,s-3.627137,s117.572004
138_115,s-4.641877,s-1.221873,s234.093079
138_116,s-2.427069,s-4.02484,s138.071358
138_117,s2.081235,s-4.269773,s189.529959
138_118,s3.980854,s-2.304951,s265.834882
138_119,s-2.96033,s3.714693,s115.258664
138_120,s-1.779767,s4.241748,s234.524682
138_121,s-1.286726,s-4.62432,s76.009566
138_122,s3.264641,s3.311287,s288.730364
138_123,s4.114851,s2.471437,s325.179175
138_124,s4.720079,s0.872271,s221.002385
138_125,s4.384339,s-1.391967,s299.380666
138_126,s1.752158,s4.090531,s286.453023
138_127,s-4.462163,s-1.768926,s154.229839
138_128,s0.734017,s4.541059,s318.775932
138_129,s-4.583828,s1.868428,s34.632312
138_130,s-2.338573,s4.305935,s39.713206
138_131,s1.88746,s4.684015,s270.206685
138_132,s1.262205,s-4.682877,s227.232629
138_133,s-4.334511,s2.492391,s352.874167
138_134,s-3.559659,s3.790624,s78.929621
138_135,s-0.766759,s4.890254,s249.746215
138_136,s-0.294598,s-4.841045,s149.263863
138_137,s-1.969752,s-4.758422,s143.794882
139_0,s0.0,s0.0,s224.07799
139_1,s-0.148662,s0.371349,s324.138907
139_2,s-0.433521,s-0.120664,s43.560215
139_3,s0.190827,s-0.673487,s116.327727
139_4,s-0.913799,s-0.259751,s80.095038
139_5,s-0.447068,s0.663423,s97.607334
139_6,s-0.744268,s-0.590394,s194.56315
139_7,s-0.067394,s1.047835,s63.289603
139_8,s0.44541,s0.540009,s230.223708
139_9,s1.095233,s-0.350664,s121.948796
139_10,s0.734919,s-0.948627,s215.942255
139_11,s1.050575,s0.847816,s64.136372
139_12,s1.373843,s0.46374,s347.862517
139_13,s-1.245248,s-0.63981,s125.561183
139_14,s0.338793,s-1.306797,s194.028876
139_15,s-0.179821,s1.640172,s282.801172
139_16,s1.593643,s0.142487,s235.155091
139_17,s1.541295,s-0.929737,s310.83356
139_18,s-1.250661,s-1.151455,s199.265546
139_19,s0.914429,s1.373433,s12.198963
139_20,s-0.990518,s0.917264,s50.454835
139_21,s-1.575529,s0.490109,s161.451982
139_22,s-1.731787,s0.896333,s41.722179
139_23,s-0.4896,s-1.523251,s233.738856
139_24,s-0.59971,s1.855491,s332.670797
139_25,s2.195039,s0.14766,s276.378481
139_26,s-1.046984,s1.820391,s55.830495
139_27,s1.478226,s1.561201,s231.407036
139_28,s1.009852,s-1.784012,s287.529052
139_29,s-1.799898,s-1.265056,s121.541619
139_30,s-0.69012,s-2.088955,s218.237921
139_31,s0.424488,s-2.158659,s199.060667
139_32,s0.943868,s2.260888,s331.390383
139_33,s-1.284294,s-1.908033,s93.051652
139_34,s-2.436729,s1.041563,s178.101692
139_35,s1.524309,s-1.981535,s193.08367
139_36,s2.128314,s-1.213581,s173.42918
139_37,s2.21165,s1.36697,s351.856848
139_38,s-1.943709,s-0.471164,s76.317652
139_39,s-1.7889,s2.282507,s354.121861
139_40,s-1.783567,s1.605891,s35.245421
139_41,s2.363303,s0.957756,s214.713346
139_42,s-2.218369,s-0.915881,s115.824923
139_43,s-0.865964,s-2.715254,s242.256704
139_44,s-2.023115,s-2.215176,s153.40833
139_45,s1.539398,s2.157024,s334.41392
139_46,s-0.56078,s2.641122,s352.15862
139_47,s2.391934,s-0.883827,s342.58859
139_48,s0.539859,s2.798402,s102.03545
139_49,s3.14502,s0.590636,s36.746496
139_50,s2.864552,s-0.452045,s297.59072
139_51,s2.406737,s-1.790983,s273.36504
139_52,s1.057025,s-2.646733,s184.135559
139_53,s-2.394613,s1.635796,s356.642679
139_54,s-2.905277,s0.747906,s72.500196
139_55,s-1.029026,s-3.345311,s77.506439
139_56,s-1.077656,s2.311095,s6.634927
139_57,s2.682851,s1.650699,s294.589367
139_58,s-2.807388,s1.535765,s66.143347
139_59,s-2.910519,s-0.481016,s52.863442
139_60,s0.539087,s-3.30634,s246.659103
139_61,s3.046104,s-1.26935,s346.454119
139_62,s-2.508949,s-1.986246,s126.411505
139_63,s-2.93107,s-1.622137,s82.261795
139_64,s1.985035,s-2.445841,s275.447764
139_65,s1.200553,s3.340834,s100.302035
139_66,s-2.291591,s2.711294,s338.119892
139_67,s3.187388,s1.183451,s278.967592
139_68,s-1.447782,s3.131521,s10.710101
139_69,s-2.845785,s2.204883,s111.039982
139_70,s-3.328107,s0.382364,s87.537311
139_71,s2.227809,s2.226963,s330.431299
139_72,s-3.373023,s-2.055533,s83.431494
139_73,s3.579258,s-0.937503,s329.234523
139_74,s0.442226,s3.47195,s10.190142
139_75,s1.722208,s-3.331141,s137.944124
139_76,s-3.621853,s-0.452413,s186.833749
139_77,s1.977097,s3.068157,s345.225682
139_78,s-1.829454,s-3.042302,s93.900732
139_79,s3.253774,s-1.962895,s273.354185
139_80,s-0.325149,s3.786064,s131.920094
139_81,s-2.642866,s3.068837,s62.521798
139_82,s1.630583,s3.597735,s69.101863
139_83,s2.725321,s3.129716,s330.762874
139_84,s2.95204,s2.146616,s7.081862
139_85,s2.410285,s-2.872808,s153.463555
139_86,s3.471528,s2.181397,s335.572071
139_87,s-0.231783,s-3.29185,s231.091314
139_88,s2.879316,s-2.323691,s230.103259
139_89,s4.142602,s-0.247685,s338.630898
139_90,s-3.731807,s1.440005,s254.30311
139_91,s1.18635,s4.133107,s345.164607
139_92,s2.81654,s-2.979447,s229.20729
139_93,s2.077396,s-3.764894,s240.696507
139_94,s3.798107,s1.672389,s289.594995
139_95,s4.266966,s1.073779,s316.595207
139_96,s-0.576484,s4.311632,s139.266225
139_97,s-4.016726,s-1.04327,s38.835671
139_98,s-2.12813,s3.62092,s51.486677
139_99,s-1.605121,s-3.609167,s192.198402
139_100,s-2.057409,s-3.604105,s97.529507
139_101,s3.761321,s-1.501655,s322.282092
139_102,s-3.11213,s2.669204,s69.175553
139_103,s3.612748,s-2.92755,s264.083497
139_104,s0.498426,s-3.968825,s293.549509
139_105,s-0.944496,s-3.938328,s323.950988
139_106,s-3.905641,s2.02632,s347.918465
139_107,s-0.556445,s-4.213415,s160.216844
139_108,s2.546828,s3.709942,s354.774885
139_109,s1.068345,s-4.319854,s314.737555
139_110,s-4.401897,s0.652538,s141.517355
139_111,s-4.280539,s-2.280238,s210.497366
139_112,s-4.138004,s1.495634,s82.519476
139_113,s-3.417892,s-2.927117,s312.781521
139_114,s-2.909704,s-3.627137,s117.572004
139_115,s-4.641877,s-1.221873,s234.093079
139_116,s-2.427069,s-4.02484,s138.071358
139_117,s2.081235,s-4.269773,s189.529959
139_118,s3.980854,s-2.304951,s265.834882
139_119,s-2.96033,s3.714693,s115.258664
139_120,s-1.779767,s4.241748,s234.524682
139_121,s-1.286726,s-4.62432,s76.009566
139_122,s3.264641,s3.311287,s288.730364
139_123,s4.114851,s2.471437,s325.179175
139_124,s4.720079,s0.872271,s221.002385
139_125,s4.384339,s-1.391967,s299.380666
139_126,s1.752158,s4.090531,s286.453023
139_127,s-4.462163,s-1.768926,s154.229839
139_128,s0.734017,s4.541059,s318.775932
139_129,s-4.583828,s1.868428,s34.632312
139_130,s-2.338573,s4.305935,s39.713206
139_131,s1.88746,s4.684015,s270.206685
139_132,s1.262205,s-4.682877,s227.232629
139_133,s-4.334511,s2.492391,s352.874167
139_134,s-3.559659,s3.790624,s78.929621
139_135,s-0.766759,s4.890254,s249.746215
139_136,s-0.294598,s-4.841045,s149.263863
139_137,s-1.969752,s-4.758422,s143.794882
139_138,s-4.381645,s3.487289,s46.265183
140_0,s0.0,s0.0,s224.07799
140_1,s-0.148662,s0.371349,s324.138907
140_2,s-0.433521,s-0.120664,s43.560215
140_3,s0.190827,s-0.673487,s116.327727
140_4,s-0.913799,s-0.259751,s80.095038
140_5,s-0.447068,s0.663423,s97.607334
140_6,s-0.744268,s-0.590394,s194.56315
140_7,s-0.067394,s1.047835,s63.289603
140_8,s0.44541,s0.540009,s230.223708
140_9,s1.095233,s-0.350664,s121.948796
140_10,s0.734919,s-0.948627,s215.942255
140_11,s1.050575,s0.847816,s64.136372
140_12,s1.373843,s0.46374,s347.862517
140_13,s-1.245248,s-0.63981,s125.561183
140_14,s0.338793,s-1.306797,s194.028876
140_15,s-0.179821,s1.640172,s282.801172
140_16,s1.593643,s0.142487,s235.155091
140_17,s1.541295,s-0.929737,s310.83356
140_18,s-1.250661,s-1.151455,s199.265546
140_19,s0.914429,s1.373433,s12.198963
140_20,s-0.990518,s0.917264,s50.454835
140_21,s-1.575529,s0.490109,s161.451982
140_22,s-1.731787,s0.896333,s41.722179
140_23,s-0.4896,s-1.523251,s233.738856
140_24,s-0.59971,s1.855491,s332.670797
140_25,s2.195039,s0.14766,s276.378481
140_26,s-1.046984,s1.820391,s55.830495
140_27,s1.478226,s1.561201,s231.407036
140_28,s1.009852,s-1.784012,s287.529052
140_29,s-1.799898,s-1.265056,s121.541619
140_30,s-0.69012,s-2.088955,s218.237921
140_31,s0.424488,s-2.158659,s199.060667
140_32,s0.943868,s2.260888,s331.390383
140_33,s-1.284294,s-1.908033,s93.051652
140_34,s-2.436729,s1.041563,s178.101692
140_35,s1.524309,s-1.981535,s193.08367
140_36,s2.128314,s-1.213581,s173.42918
140_37,s2.21165,s1.36697,s351.856848
140_38,s-1.943709,s-0.471164,s76.317652
140_39,s-1.7889,s2.282507,s354.121861
140_40,s-1.783567,s1.605891,s35.245421
140_41,s2.363303,s0.957756,s214.713346
140_42,s-2.218369,s-0.915881,s115.824923
140_43,s-0.865964,s-2.715254,s242.256704
140_44,s-2.023115,s-2.215176,s153.40833
140_45,s1.539398,s2.157024,s334.41392
140_46,s-0.56078,s2.641122,s352.15862
140_47,s2.391934,s-0.883827,s342.58859
140_48,s0.539859,s2.798402,s102.03545
140_49,s3.14502,s0.590636,s36.746496
140_50,s2.864552,s-0.452045,s297.59072
140_51,s2.406737,s-1.790983,s273.36504
140_52,s1.057025,s-2.646733,s184.135559
140_53,s-2.394613,s1.635796,s356.642679
140_54,s-2.905277,s0.747906,s72.500196
140_55,s-1.029026,s-3.345311,s77.506439
140_56,s-1.077656,s2.311095,s6.634927
140_57,s2.682851,s1.650699,s294.589367
140_58,s-2.807388,s1.535765,s66.143347
140_59,s-2.910519,s-0.481016,s52.863442
140_60,s0.539087,s-3.30634,s246.659103
140_61,s3.046104,s-1.26935,s346.454119
140_62,s-2.508949,s-1.986246,s126.411505
140_63,s-2.93107,s-1.622137,s82.261795
140_64,s1.985035,s-2.445841,s275.447764
140_65,s1.200553,s3.340834,s100.302035
140_66,s-2.291591,s2.711294,s338.119892
140_67,s3.187388,s1.183451,s278.967592
140_68,s-1.447782,s3.131521,s10.710101
140_69,s-2.845785,s2.204883,s111.039982
140_70,s-3.328107,s0.382364,s87.537311
140_71,s2.227809,s2.226963,s330.431299
140_72,s-3.373023,s-2.055533,s83.431494
140_73,s3.579258,s-0.937503,s329.234523
140_74,s0.442226,s3.47195,s10.190142
140_75,s1.722208,s-3.331141,s137.944124
140_76,s-3.621853,s-0.452413,s186.833749
140_77,s1.977097,s3.068157,s345.225682
140_78,s-1.829454,s-3.042302,s93.900732
140_79,s3.253774,s-1.962895,s273.354185
140_80,s-0.325149,s3.786064,s131.920094
140_81,s-2.642866,s3.068837,s62.521798
140_82,s1.630583,s3.597735,s69.101863
140_83,s2.725321,s3.129716,s330.762874
140_84,s2.95204,s2.146616,s7.081862
140_85,s2.410285,s-2.872808,s153.463555
140_86,s3.471528,s2.181397,s335.572071
140_87,s-0.231783,s-3.29185,s231.091314
140_88,s2.879316,s-2.323691,s230.103259
140_89,s4.142602,s-0.247685,s338.630898
140_90,s-3.731807,s1.440005,s254.30311
140_91,s1.18635,s4.133107,s345.164607
140_92,s2.81654,s-2.979447,s229.20729
140_93,s2.077396,s-3.764894,s240.696507
140_94,s3.798107,s1.672389,s289.594995
140_95,s4.266966,s1.073779,s316.595207
140_96,s-0.576484,s4.311632,s139.266225
140_97,s-4.016726,s-1.04327,s38.835671
140_98,s-2.12813,s3.62092,s51.486677
140_99,s-1.605121,s-3.609167,s192.198402
140_100,s-2.057409,s-3.604105,s97.529507
140_101,s3.761321,s-1.501655,s322.282092
140_102,s-3.11213,s2.669204,s69.175553
140_103,s3.612748,s-2.92755,s264.083497
140_104,s0.498426,s-3.968825,s293.549509
140_105,s-0.944496,s-3.938328,s323.950988
140_106,s-3.905641,s2.02632,s347.918465
140_107,s-0.556445,s-4.213415,s160.216844
140_108,s2.546828,s3.709942,s354.774885
140_109,s1.068345,s-4.319854,s314.737555
140_110,s-4.401897,s0.652538,s141.517355
140_111,s-4.280539,s-2.280238,s210.497366
140_112,s-4.138004,s1.495634,s82.519476
140_113,s-3.417892,s-2.927117,s312.781521
140_114,s-2.909704,s-3.627137,s117.572004
140_115,s-4.641877,s-1.221873,s234.093079
140_116,s-2.427069,s-4.02484,s138.071358
140_117,s2.081235,s-4.269773,s189.529959
140_118,s3.980854,s-2.304951,s265.834882
140_119,s-2.96033,s3.714693,s115.258664
140_120,s-1.779767,s4.241748,s234.524682
140_121,s-1.286726,s-4.62432,s76.009566
140_122,s3.264641,s3.311287,s288.730364
140_123,s4.114851,s2.471437,s325.179175
140_124,s4.720079,s0.872271,s221.002385
140_125,s4.384339,s-1.391967,s299.380666
140_126,s1.752158,s4.090531,s286.453023
140_127,s-4.462163,s-1.768926,s154.229839
140_128,s0.734017,s4.541059,s318.775932
140_129,s-4.583828,s1.868428,s34.632312
140_130,s-2.338573,s4.305935,s39.713206
140_131,s1.88746,s4.684015,s270.206685
140_132,s1.262205,s-4.682877,s227.232629
140_133,s-4.334511,s2.492391,s352.874167
140_134,s-3.559659,s3.790624,s78.929621
140_135,s-0.766759,s4.890254,s249.746215
140_136,s-0.294598,s-4.841045,s149.263863
140_137,s-1.969752,s-4.758422,s143.794882
140_138,s-4.381645,s3.487289,s46.265183
140_139,s3.6284,s-3.794366,s69.325057
141_0,s0.0,s0.0,s224.07799
141_1,s-0.148662,s0.371349,s324.138907
141_2,s-0.433521,s-0.120664,s43.560215
141_3,s0.190827,s-0.673487,s116.327727
141_4,s-0.913799,s-0.259751,s80.095038
141_5,s-0.447068,s0.663423,s97.607334
141_6,s-0.744268,s-0.590394,s194.56315
141_7,s-0.067394,s1.047835,s63.289603
141_8,s0.44541,s0.540009,s230.223708
141_9,s1.095233,s-0.350664,s121.948796
141_10,s0.734919,s-0.948627,s215.942255
141_11,s1.050575,s0.847816,s64.136372
141_12,s1.373843,s0.46374,s347.862517
141_13,s-1.245248,s-0.63981,s125.561183
141_14,s0.338793,s-1.306797,s194.028876
141_15,s-0.179821,s1.640172,s282.801172
141_16,s1.593643,s0.142487,s235.155091
141_17,s1.541295,s-0.929737,s310.83356
141_18,s-1.250661,s-1.151455,s199.265546
141_19,s0.914429,s1.373433,s12.198963
141_20,s-0.990518,s0.917264,s50.454835
141_21,s-1.575529,s0.490109,s161.451982
141_22,s-1.731787,s0.896333,s41.722179
141_23,s-0.4896,s-1.523251,s233.738856
141_24,s-0.59971,s1.855491,s332.670797
141_25,s2.195039,s0.14766,s276.378481
141_26,s-1.046984,s1.820391,s55.830495
141_27,s1.478226,s1.561201,s231.407036
141_28,s1.009852,s-1.784012,s287.529052
141_29,s-1.799898,s-1.265056,s121.541619
141_30,s-0.69012,s-2.088955,s218.237921
141_31,s0.424488,s-2.158659,s199.060667
141_32,s0.943868,s2.260888,s331.390383
141_33,s-1.284294,s-1.908033,s93.051652
141_34,s-2.436729,s1.041563,s178.101692
141_35,s1.524309,s-1.981535,s193.08367
141_36,s2.128314,s-1.213581,s173.42918
141_37,s2.21165,s1.36697,s351.856848
141_38,s-1.943709,s-0.471164,s76.317652
141_39,s-1.7889,s2.282507,s354.121861
141_40,s-1.783567,s1.605891,s35.245421
141_41,s2.363303,s0.957756,s214.713346
141_42,s-2.218369,s-0.915881,s115.824923
141_43,s-0.865964,s-2.715254,s242.256704
141_44,s-2.023115,s-2.215176,s153.40833
141_45,s1.539398,s2.157024,s334.41392
141_46,s-0.56078,s2.641122,s352.15862
141_47,s2.391934,s-0.883827,s342.58859
141_48,s0.539859,s2.798402,s102.03545
141_49,s3.14502,s0.590636,s36.746496
141_50,s2.864552,s-0.452045,s297.59072
141_51,s2.406737,s-1.790983,s273.36504
141_52,s1.057025,s-2.646733,s184.135559
141_53,s-2.394613,s1.635796,s356.642679
141_54,s-2.905277,s0.747906,s72.500196
141_55,s-1.029026,s-3.345311,s77.506439
141_56,s-1.077656,s2.311095,s6.634927
141_57,s2.682851,s1.650699,s294.589367
141_58,s-2.807388,s1.535765,s66.143347
141_59,s-2.910519,s-0.481016,s52.863442
141_60,s0.539087,s-3.30634,s246.659103
141_61,s3.046104,s-1.26935,s346.454119
141_62,s-2.508949,s-1.986246,s126.411505
141_63,s-2.93107,s-1.622137,s82.261795
141_64,s1.985035,s-2.445841,s275.447764
141_65,s1.200553,s3.340834,s100.302035
141_66,s-2.291591,s2.711294,s338.119892
141_67,s3.187388,s1.183451,s278.967592
141_68,s-1.447782,s3.131521,s10.710101
141_69,s-2.845785,s2.204883,s111.039982
141_70,s-3.328107,s0.382364,s87.537311
141_71,s2.227809,s2.226963,s330.431299
141_72,s-3.373023,s-2.055533,s83.431494
141_73,s3.579258,s-0.937503,s329.234523
141_74,s0.442226,s3.47195,s10.190142
141_75,s1.722208,s-3.331141,s137.944124
141_76,s-3.621853,s-0.452413,s186.833749
141_77,s1.977097,s3.068157,s345.225682
141_78,s-1.829454,s-3.042302,s93.900732
141_79,s3.253774,s-1.962895,s273.354185
141_80,s-0.325149,s3.786064,s131.920094
141_81,s-2.642866,s3.068837,s62.521798
141_82,s1.630583,s3.597735,s69.101863
141_83,s2.725321,s3.129716,s330.762874
141_84,s2.95204,s2.146616,s7.081862
141_85,s2.410285,s-2.872808,s153.463555
141_86,s3.471528,s2.181397,s335.572071
141_87,s-0.231783,s-3.29185,s231.091314
141_88,s2.879316,s-2.323691,s230.103259
141_89,s4.142602,s-0.247685,s338.630898
141_90,s-3.731807,s1.440005,s254.30311
141_91,s1.18635,s4.133107,s345.164607
141_92,s2.81654,s-2.979447,s229.20729
141_93,s2.077396,s-3.764894,s240.696507
141_94,s3.798107,s1.672389,s289.594995
141_95,s4.266966,s1.073779,s316.595207
141_96,s-0.576484,s4.311632,s139.266225
141_97,s-4.016726,s-1.04327,s38.835671
141_98,s-2.12813,s3.62092,s51.486677
141_99,s-1.605121,s-3.609167,s192.198402
141_100,s-2.057409,s-3.604105,s97.529507
141_101,s3.761321,s-1.501655,s322.282092
141_102,s-3.11213,s2.669204,s69.175553
141_103,s3.612748,s-2.92755,s264.083497
141_104,s0.498426,s-3.968825,s293.549509
141_105,s-0.944496,s-3.938328,s323.950988
141_106,s-3.905641,s2.02632,s347.918465
141_107,s-0.556445,s-4.213415,s160.216844
141_108,s2.546828,s3.709942,s354.774885
141_109,s1.068345,s-4.319854,s314.737555
141_110,s-4.401897,s0.652538,s141.517355
141_111,s-4.280539,s-2.280238,s210.497366
141_112,s-4.138004,s1.495634,s82.519476
141_113,s-3.417892,s-2.927117,s312.781521
141_114,s-2.909704,s-3.627137,s117.572004
141_115,s-4.641877,s-1.221873,s234.093079
141_116,s-2.427069,s-4.02484,s138.071358
141_117,s2.081235,s-4.269773,s189.529959
141_118,s3.980854,s-2.304951,s265.834882
141_119,s-2.96033,s3.714693,s115.258664
141_120,s-1.779767,s4.241748,s234.524682
141_121,s-1.286726,s-4.62432,s76.009566
141_122,s3.264641,s3.311287,s288.730364
141_123,s4.114851,s2.471437,s325.179175
141_124,s4.720079,s0.872271,s221.002385
141_125,s4.384339,s-1.391967,s299.380666
141_126,s1.752158,s4.090531,s286.453023
141_127,s-4.462163,s-1.768926,s154.229839
141_128,s0.734017,s4.541059,s318.775932
141_129,s-4.583828,s1.868428,s34.632312
141_130,s-2.338573,s4.305935,s39.713206
141_131,s1.88746,s4.684015,s270.206685
141_132,s1.262205,s-4.682877,s227.232629
141_133,s-4.334511,s2.492391,s352.874167
141_134,s-3.559659,s3.790624,s78.929621
141_135,s-0.766759,s4.890254,s249.746215
141_136,s-0.294598,s-4.841045,s149.263863
141_137,s-1.969752,s-4.758422,s143.794882
141_138,s-4.381645,s3.487289,s46.265183
141_139,s3.6284,s-3.794366,s69.325057
141_140,s-1.430746,s4.686466,s315.101227
142_0,s0.0,s0.0,s224.07799
142_1,s-0.148662,s0.371349,s324.138907
142_2,s-0.433521,s-0.120664,s43.560215
142_3,s0.190827,s-0.673487,s116.327727
142_4,s-0.913799,s-0.259751,s80.095038
142_5,s-0.447068,s0.663423,s97.607334
142_6,s-0.744268,s-0.590394,s194.56315
142_7,s-0.067394,s1.047835,s63.289603
142_8,s0.44541,s0.540009,s230.223708
142_9,s1.095233,s-0.350664,s121.948796
142_10,s0.734919,s-0.948627,s215.942255
142_11,s1.050575,s0.847816,s64.136372
142_12,s1.373843,s0.46374,s347.862517
142_13,s-1.245248,s-0.63981,s125.561183
142_14,s0.338793,s-1.306797,s194.028876
142_15,s-0.179821,s1.640172,s282.801172
142_16,s1.593643,s0.142487,s235.155091
142_17,s1.541295,s-0.929737,s310.83356
142_18,s-1.250661,s-1.151455,s199.265546
142_19,s0.914429,s1.373433,s12.198963
142_20,s-0.990518,s0.917264,s50.454835
142_21,s-1.575529,s0.490109,s161.451982
142_22,s-1.731787,s0.896333,s41.722179
142_23,s-0.4896,s-1.523251,s233.738856
142_24,s-0.59971,s1.855491,s332.670797
142_25,s2.195039,s0.14766,s276.378481
142_26,s-1.046984,s1.820391,s55.830495
142_27,s1.478226,s1.561201,s231.407036
142_28,s1.009852,s-1.784012,s287.529052
142_29,s-1.799898,s-1.265056,s121.541619
142_30,s-0.69012,s-2.088955,s218.237921
142_31,s0.424488,s-2.158659,s199.060667
142_32,s0.943868,s2.260888,s331.390383
142_33,s-1.284294,s-1.908033,s93.051652
142_34,s-2.436729,s1.041563,s178.101692
142_35,s1.524309,s-1.981535,s193.08367
142_36,s2.128314,s-1.213581,s173.42918
142_37,s2.21165,s1.36697,s351.856848
142_38,s-1.943709,s-0.471164,s76.317652
142_39,s-1.7889,s2.282507,s354.121861
142_40,s-1.783567,s1.605891,s35.245421
142_41,s2.363303,s0.957756,s214.713346
142_42,s-2.218369,s-0.915881,s115.824923
142_43,s-0.865964,s-2.715254,s242.256704
142_44,s-2.023115,s-2.215176,s153.40833
142_45,s1.539398,s2.157024,s334.41392
142_46,s-0.56078,s2.641122,s352.15862
142_47,s2.391934,s-0.883827,s342.58859
142_48,s0.539859,s2.798402,s102.03545
142_49,s3.14502,s0.590636,s36.746496
142_50,s2.864552,s-0.452045,s297.59072
142_51,s2.406737,s-1.790983,s273.36504
142_52,s1.057025,s-2.646733,s184.135559
142_53,s-2.394613,s1.635796,s356.642679
142_54,s-2.905277,s0.747906,s72.500196
142_55,s-1.029026,s-3.345311,s77.506439
142_56,s-1.077656,s2.311095,s6.634927
142_57,s2.682851,s1.650699,s294.589367
142_58,s-2.807388,s1.535765,s66.143347
142_59,s-2.910519,s-0.481016,s52.863442
142_60,s0.539087,s-3.30634,s246.659103
142_61,s3.046104,s-1.26935,s346.454119
142_62,s-2.508949,s-1.986246,s126.411505
142_63,s-2.93107,s-1.622137,s82.261795
142_64,s1.985035,s-2.445841,s275.447764
142_65,s1.200553,s3.340834,s100.302035
142_66,s-2.291591,s2.711294,s338.119892
142_67,s3.187388,s1.183451,s278.967592
142_68,s-1.447782,s3.131521,s10.710101
142_69,s-2.845785,s2.204883,s111.039982
142_70,s-3.328107,s0.382364,s87.537311
142_71,s2.227809,s2.226963,s330.431299
142_72,s-3.373023,s-2.055533,s83.431494
142_73,s3.579258,s-0.937503,s329.234523
142_74,s0.442226,s3.47195,s10.190142
142_75,s1.722208,s-3.331141,s137.944124
142_76,s-3.621853,s-0.452413,s186.833749
142_77,s1.977097,s3.068157,s345.225682
142_78,s-1.829454,s-3.042302,s93.900732
142_79,s3.253774,s-1.962895,s273.354185
142_80,s-0.325149,s3.786064,s131.920094
142_81,s-2.642866,s3.068837,s62.521798
142_82,s1.630583,s3.597735,s69.101863
142_83,s2.725321,s3.129716,s330.762874
142_84,s2.95204,s2.146616,s7.081862
142_85,s2.410285,s-2.872808,s153.463555
142_86,s3.471528,s2.181397,s335.572071
142_87,s-0.231783,s-3.29185,s231.091314
142_88,s2.879316,s-2.323691,s230.103259
142_89,s4.142602,s-0.247685,s338.630898
142_90,s-3.731807,s1.440005,s254.30311
142_91,s1.18635,s4.133107,s345.164607
142_92,s2.81654,s-2.979447,s229.20729
142_93,s2.077396,s-3.764894,s240.696507
142_94,s3.798107,s1.672389,s289.594995
142_95,s4.266966,s1.073779,s316.595207
142_96,s-0.576484,s4.311632,s139.266225
142_97,s-4.016726,s-1.04327,s38.835671
142_98,s-2.12813,s3.62092,s51.486677
142_99,s-1.605121,s-3.609167,s192.198402
142_100,s-2.057409,s-3.604105,s97.529507
142_101,s3.761321,s-1.501655,s322.282092
142_102,s-3.11213,s2.669204,s69.175553
142_103,s3.612748,s-2.92755,s264.083497
142_104,s0.498426,s-3.968825,s293.549509
142_105,s-0.944496,s-3.938328,s323.950988
142_106,s-3.905641,s2.02632,s347.918465
142_107,s-0.556445,s-4.213415,s160.216844
142_108,s2.546828,s3.709942,s354.774885
142_109,s1.068345,s-4.319854,s314.737555
142_110,s-4.401897,s0.652538,s141.517355
142_111,s-4.280539,s-2.280238,s210.497366
142_112,s-4.138004,s1.495634,s82.519476
142_113,s-3.417892,s-2.927117,s312.781521
142_114,s-2.909704,s-3.627137,s117.572004
142_115,s-4.641877,s-1.221873,s234.093079
142_116,s-2.427069,s-4.02484,s138.071358
142_117,s2.081235,s-4.269773,s189.529959
142_118,s3.980854,s-2.304951,s265.834882
142_119,s-2.96033,s3.714693,s115.258664
142_120,s-1.779767,s4.241748,s234.524682
142_121,s-1.286726,s-4.62432,s76.009566
142_122,s3.264641,s3.311287,s288.730364
142_123,s4.114851,s2.471437,s325.179175
142_124,s4.720079,s0.872271,s221.002385
142_125,s4.384339,s-1.391967,s299.380666
142_126,s1.752158,s4.090531,s286.453023
142_127,s-4.462163,s-1.768926,s154.229839
142_128,s0.734017,s4.541059,s318.775932
142_129,s-4.583828,s1.868428,s34.632312
142_130,s-2.338573,s4.305935,s39.713206
142_131,s1.88746,s4.684015,s270.206685
142_132,s1.262205,s-4.682877,s227.232629
142_133,s-4.334511,s2.492391,s352.874167
142_134,s-3.559659,s3.790624,s78.929621
142_135,s-0.766759,s4.890254,s249.746215
142_136,s-0.294598,s-4.841045,s149.263863
142_137,s-1.969752,s-4.758422,s143.794882
142_138,s-4.381645,s3.487289,s46.265183
142_139,s3.6284,s-3.794366,s69.325057
142_140,s-1.430746,s4.686466,s315.101227
142_141,s4.960701,s1.383455,s233.607032
143_0,s0.0,s0.0,s224.07799
143_1,s-0.148662,s0.371349,s324.138907
143_2,s-0.433521,s-0.120664,s43.560215
143_3,s0.190827,s-0.673487,s116.327727
143_4,s-0.913799,s-0.259751,s80.095038
143_5,s-0.447068,s0.663423,s97.607334
143_6,s-0.744268,s-0.590394,s194.56315
143_7,s-0.067394,s1.047835,s63.289603
143_8,s0.44541,s0.540009,s230.223708
143_9,s1.095233,s-0.350664,s121.948796
143_10,s0.734919,s-0.948627,s215.942255
143_11,s1.050575,s0.847816,s64.136372
143_12,s1.373843,s0.46374,s347.862517
143_13,s-1.245248,s-0.63981,s125.561183
143_14,s0.338793,s-1.306797,s194.028876
143_15,s-0.179821,s1.640172,s282.801172
143_16,s1.593643,s0.142487,s235.155091
143_17,s1.541295,s-0.929737,s310.83356
143_18,s-1.250661,s-1.151455,s199.265546
143_19,s0.914429,s1.373433,s12.198963
143_20,s-0.990518,s0.917264,s50.454835
143_21,s-1.575529,s0.490109,s161.451982
143_22,s-1.731787,s0.896333,s41.722179
143_23,s-0.4896,s-1.523251,s233.738856
143_24,s-0.59971,s1.855491,s332.670797
143_25,s2.195039,s0.14766,s276.378481
143_26,s-1.046984,s1.820391,s55.830495
143_27,s1.478226,s1.561201,s231.407036
143_28,s1.009852,s-1.784012,s287.529052
143_29,s-1.799898,s-1.265056,s121.541619
143_30,s-0.69012,s-2.088955,s218.237921
143_31,s0.424488,s-2.158659,s199.060667
143_32,s0.943868,s2.260888,s331.390383
143_33,s-1.284294,s-1.908033,s93.051652
143_34,s-2.436729,s1.041563,s178.101692
143_35,s1.524309,s-1.981535,s193.08367
143_36,s2.128314,s-1.213581,s173.42918
143_37,s2.21165,s1.36697,s351.856848
143_38,s-1.943709,s-0.471164,s76.317652
143_39,s-1.7889,s2.282507,s354.121861
143_40,s-1.783567,s1.605891,s35.245421
143_41,s2.363303,s0.957756,s214.713346
143_42,s-2.218369,s-0.915881,s115.824923
143_43,s-0.865964,s-2.715254,s242.256704
143_44,s-2.023115,s-2.215176,s153.40833
143_45,s1.539398,s2.157024,s334.41392
143_46,s-0.56078,s2.641122,s352.15862
143_47,s2.391934,s-0.883827,s342.58859
143_48,s0.539859,s2.798402,s102.03545
143_49,s3.14502,s0.590636,s36.746496
143_50,s2.864552,s-0.452045,s297.59072
143_51,s2.406737,s-1.790983,s273.36504
143_52,s1.057025,s-2.646733,s184.135559
143_53,s-2.394613,s1.635796,s356.642679
143_54,s-2.905277,s0.747906,s72.500196
143_55,s-1.029026,s-3.345311,s77.506439
143_56,s-1.077656,s2.311095,s6.634927
143_57,s2.682851,s1.650699,s294.589367
143_58,s-2.807388,s1.535765,s66.143347
143_59,s-2.910519,s-0.481016,s52.863442
143_60,s0.539087,s-3.30634,s246.659103
143_61,s3.046104,s-1.26935,s346.454119
143_62,s-2.508949,s-1.986246,s126.411505
143_63,s-2.93107,s-1.622137,s82.261795
143_64,s1.985035,s-2.445841,s275.447764
143_65,s1.200553,s3.340834,s100.302035
143_66,s-2.291591,s2.711294,s338.119892
143_67,s3.187388,s1.183451,s278.967592
143_68,s-1.447782,s3.131521,s10.710101
143_69,s-2.845785,s2.204883,s111.039982
143_70,s-3.328107,s0.382364,s87.537311
143_71,s2.227809,s2.226963,s330.431299
143_72,s-3.373023,s-2.055533,s83.431494
143_73,s3.579258,s-0.937503,s329.234523
143_74,s0.442226,s3.47195,s10.190142
143_75,s1.722208,s-3.331141,s137.944124
143_76,s-3.621853,s-0.452413,s186.833749
143_77,s1.977097,s3.068157,s345.225682
143_78,s-1.829454,s-3.042302,s93.900732
143_79,s3.253774,s-1.962895,s273.354185
143_80,s-0.325149,s3.786064,s131.920094
143_81,s-2.642866,s3.068837,s62.521798
143_82,s1.630583,s3.597735,s69.101863
143_83,s2.725321,s3.129716,s330.762874
143_84,s2.95204,s2.146616,s7.081862
143_85,s2.410285,s-2.872808,s153.463555
143_86,s3.471528,s2.181397,s335.572071
143_87,s-0.231783,s-3.29185,s231.091314
143_88,s2.879316,s-2.323691,s230.103259
143_89,s4.142602,s-0.247685,s338.630898
143_90,s-3.731807,s1.440005,s254.30311
143_91,s1.18635,s4.133107,s345.164607
143_92,s2.81654,s-2.979447,s229.20729
143_93,s2.077396,s-3.764894,s240.696507
143_94,s3.798107,s1.672389,s289.594995
143_95,s4.266966,s1.073779,s316.595207
143_96,s-0.576484,s4.311632,s139.266225
143_97,s-4.016726,s-1.04327,s38.835671
143_98,s-2.12813,s3.62092,s51.486677
143_99,s-1.605121,s-3.609167,s192.198402
143_100,s-2.057409,s-3.604105,s97.529507
143_101,s3.761321,s-1.501655,s322.282092
143_102,s-3.11213,s2.669204,s69.175553
143_103,s3.612748,s-2.92755,s264.083497
143_104,s0.498426,s-3.968825,s293.549509
143_105,s-0.944496,s-3.938328,s323.950988
143_106,s-3.905641,s2.02632,s347.918465
143_107,s-0.556445,s-4.213415,s160.216844
143_108,s2.546828,s3.709942,s354.774885
143_109,s1.068345,s-4.319854,s314.737555
143_110,s-4.401897,s0.652538,s141.517355
143_111,s-4.280539,s-2.280238,s210.497366
143_112,s-4.138004,s1.495634,s82.519476
143_113,s-3.417892,s-2.927117,s312.781521
143_114,s-2.909704,s-3.627137,s117.572004
143_115,s-4.641877,s-1.221873,s234.093079
143_116,s-2.427069,s-4.02484,s138.071358
143_117,s2.081235,s-4.269773,s189.529959
143_118,s3.980854,s-2.304951,s265.834882
143_119,s-2.96033,s3.714693,s115.258664
143_120,s-1.779767,s4.241748,s234.524682
143_121,s-1.286726,s-4.62432,s76.009566
143_122,s3.264641,s3.311287,s288.730364
143_123,s4.114851,s2.471437,s325.179175
143_124,s4.720079,s0.872271,s221.002385
143_125,s4.384339,s-1.391967,s299.380666
143_126,s1.752158,s4.090531,s286.453023
143_127,s-4.462163,s-1.768926,s154.229839
143_128,s0.734017,s4.541059,s318.775932
143_129,s-4.583828,s1.868428,s34.632312
143_130,s-2.338573,s4.305935,s39.713206
143_131,s1.88746,s4.684015,s270.206685
143_132,s1.262205,s-4.682877,s227.232629
143_133,s-4.334511,s2.492391,s352.874167
143_134,s-3.559659,s3.790624,s78.929621
143_135,s-0.766759,s4.890254,s249.746215
143_136,s-0.294598,s-4.841045,s149.263863
143_137,s-1.969752,s-4.758422,s143.794882
143_138,s-4.381645,s3.487289,s46.265183
143_139,s3.6284,s-3.794366,s69.325057
143_140,s-1.430746,s4.686466,s315.101227
143_141,s4.960701,s1.383455,s233.607032
143_142,s2.603502,s-4.501309,s241.388774
144_0,s0.0,s0.0,s224.07799
144_1,s-0.148662,s0.371349,s324.138907
144_2,s-0.433521,s-0.120664,s43.560215
144_3,s0.190827,s-0.673487,s116.327727
144_4,s-0.913799,s-0.259751,s80.095038
144_5,s-0.447068,s0.663423,s97.607334
144_6,s-0.744268,s-0.590394,s194.56315
144_7,s-0.067394,s1.047835,s63.289603
144_8,s0.44541,s0.540009,s230.223708
144_9,s1.095233,s-0.350664,s121.948796
144_10,s0.734919,s-0.948627,s215.942255
144_11,s1.050575,s0.847816,s64.136372
144_12,s1.373843,s0.46374,s347.862517
144_13,s-1.245248,s-0.63981,s125.561183
144_14,s0.338793,s-1.306797,s194.028876
144_15,s-0.179821,s1.640172,s282.801172
144_16,s1.593643,s0.142487,s235.155091
144_17,s1.541295,s-0.929737,s310.83356
144_18,s-1.250661,s-1.151455,s199.265546
144_19,s0.914429,s1.373433,s12.198963
144_20,s-0.990518,s0.917264,s50.454835
144_21,s-1.575529,s0.490109,s161.451982
144_22,s-1.731787,s0.896333,s41.722179
144_23,s-0.4896,s-1.523251,s233.738856
144_24,s-0.59971,s1.855491,s332.670797
144_25,s2.195039,s0.14766,s276.378481
144_26,s-1.046984,s1.820391,s55.830495
144_27,s1.478226,s1.561201,s231.407036
144_28,s1.009852,s-1.784012,s287.529052
144_29,s-1.799898,s-1.265056,s121.541619
144_30,s-0.69012,s-2.088955,s218.237921
144_31,s0.424488,s-2.158659,s199.060667
144_32,s0.943868,s2.260888,s331.390383
144_33,s-1.284294,s-1.908033,s93.051652
144_34,s-2.436729,s1.041563,s178.101692
144_35,s1.524309,s-1.981535,s193.08367
144_36,s2.128314,s-1.213581,s173.42918
144_37,s2.21165,s1.36697,s351.856848
144_38,s-1.943709,s-0.471164,s76.317652
144_39,s-1.7889,s2.282507,s354.121861
144_40,s-1.783567,s1.605891,s35.245421
144_41,s2.363303,s0.957756,s214.713346
144_42,s-2.218369,s-0.915881,s115.824923
144_43,s-0.865964,s-2.715254,s242.256704
144_44,s-2.023115,s-2.215176,s153.40833
144_45,s1.539398,s2.157024,s334.41392
144_46,s-0.56078,s2.641122,s352.15862
144_47,s2.391934,s-0.883827,s342.58859
144_48,s0.539859,s2.798402,s102.03545
144_49,s3.14502,s0.590636,s36.746496
144_50,s2.864552,s-0.452045,s297.59072
144_51,s2.406737,s-1.790983,s273.36504
144_52,s1.057025,s-2.646733,s184.135559
144_53,s-2.394613,s1.635796,s356.642679
144_54,s-2.905277,s0.747906,s72.500196
144_55,s-1.029026,s-3.345311,s77.506439
144_56,s-1.077656,s2.311095,s6.634927
144_57,s2.682851,s1.650699,s294.589367
144_58,s-2.807388,s1.535765,s66.143347
144_59,s-2.910519,s-0.481016,s52.863442
144_60,s0.539087,s-3.30634,s246.659103
144_61,s3.046104,s-1.26935,s346.454119
144_62,s-2.508949,s-1.986246,s126.411505
144_63,s-2.93107,s-1.622137,s82.261795
144_64,s1.985035,s-2.445841,s275.447764
144_65,s1.200553,s3.340834,s100.302035
144_66,s-2.291591,s2.711294,s338.119892
144_67,s3.187388,s1.183451,s278.967592
144_68,s-1.447782,s3.131521,s10.710101
144_69,s-2.845785,s2.204883,s111.039982
144_70,s-3.328107,s0.382364,s87.537311
144_71,s2.227809,s2.226963,s330.431299
144_72,s-3.373023,s-2.055533,s83.431494
144_73,s3.579258,s-0.937503,s329.234523
144_74,s0.442226,s3.47195,s10.190142
144_75,s1.722208,s-3.331141,s137.944124
144_76,s-3.621853,s-0.452413,s186.833749
144_77,s1.977097,s3.068157,s345.225682
144_78,s-1.829454,s-3.042302,s93.900732
144_79,s3.253774,s-1.962895,s273.354185
144_80,s-0.325149,s3.786064,s131.920094
144_81,s-2.642866,s3.068837,s62.521798
144_82,s1.630583,s3.597735,s69.101863
144_83,s2.725321,s3.129716,s330.762874
144_84,s2.95204,s2.146616,s7.081862
144_85,s2.410285,s-2.872808,s153.463555
144_86,s3.471528,s2.181397,s335.572071
144_87,s-0.231783,s-3.29185,s231.091314
144_88,s2.879316,s-2.323691,s230.103259
144_89,s4.142602,s-0.247685,s338.630898
144_90,s-3.731807,s1.440005,s254.30311
144_91,s1.18635,s4.133107,s345.164607
144_92,s2.81654,s-2.979447,s229.20729
144_93,s2.077396,s-3.764894,s240.696507
144_94,s3.798107,s1.672389,s289.594995
144_95,s4.266966,s1.073779,s316.595207
144_96,s-0.576484,s4.311632,s139.266225
144_97,s-4.016726,s-1.04327,s38.835671
144_98,s-2.12813,s3.62092,s51.486677
144_99,s-1.605121,s-3.609167,s192.198402
144_100,s-2.057409,s-3.604105,s97.529507
144_101,s3.761321,s-1.501655,s322.282092
144_102,s-3.11213,s2.669204,s69.175553
144_103,s3.612748,s-2.92755,s264.083497
144_104,s0.498426,s-3.968825,s293.549509
144_105,s-0.944496,s-3.938328,s323.950988
144_106,s-3.905641,s2.02632,s347.918465
144_107,s-0.556445,s-4.213415,s160.216844
144_108,s2.546828,s3.709942,s354.774885
144_109,s1.068345,s-4.319854,s314.737555
144_110,s-4.401897,s0.652538,s141.517355
144_111,s-4.280539,s-2.280238,s210.497366
144_112,s-4.138004,s1.495634,s82.519476
144_113,s-3.417892,s-2.927117,s312.781521
144_114,s-2.909704,s-3.627137,s117.572004
144_115,s-4.641877,s-1.221873,s234.093079
144_116,s-2.427069,s-4.02484,s138.071358
144_117,s2.081235,s-4.269773,s189.529959
144_118,s3.980854,s-2.304951,s265.834882
144_119,s-2.96033,s3.714693,s115.258664
144_120,s-1.779767,s4.241748,s234.524682
144_121,s-1.286726,s-4.62432,s76.009566
144_122,s3.264641,s3.311287,s288.730364
144_123,s4.114851,s2.471437,s325.179175
144_124,s4.720079,s0.872271,s221.002385
144_125,s4.384339,s-1.391967,s299.380666
144_126,s1.752158,s4.090531,s286.453023
144_127,s-4.462163,s-1.768926,s154.229839
144_128,s0.734017,s4.541059,s318.775932
144_129,s-4.583828,s1.868428,s34.632312
144_130,s-2.338573,s4.305935,s39.713206
144_131,s1.88746,s4.684015,s270.206685
144_132,s1.262205,s-4.682877,s227.232629
144_133,s-4.334511,s2.492391,s352.874167
144_134,s-3.559659,s3.790624,s78.929621
144_135,s-0.766759,s4.890254,s249.746215
144_136,s-0.294598,s-4.841045,s149.263863
144_137,s-1.969752,s-4.758422,s143.794882
144_138,s-4.381645,s3.487289,s46.265183
144_139,s3.6284,s-3.794366,s69.325057
144_140,s-1.430746,s4.686466,s315.101227
144_141,s4.960701,s1.383455,s233.607032
144_142,s2.603502,s-4.501309,s241.388774
144_143,s1.087243,s-5.187283,s153.455227
145_0,s0.0,s0.0,s224.07799
145_1,s-0.148662,s0.371349,s324.138907
145_2,s-0.433521,s-0.120664,s43.560215
145_3,s0.190827,s-0.673487,s116.327727
145_4,s-0.913799,s-0.259751,s80.095038
145_5,s-0.447068,s0.663423,s97.607334
145_6,s-0.744268,s-0.590394,s194.56315
145_7,s-0.067394,s1.047835,s63.289603
145_8,s0.44541,s0.540009,s230.223708
145_9,s1.095233,s-0.350664,s121.948796
145_10,s0.734919,s-0.948627,s215.942255
145_11,s1.050575,s0.847816,s64.136372
145_12,s1.373843,s0.46374,s347.862517
145_13,s-1.245248,s-0.63981,s125.561183
145_14,s0.338793,s-1.306797,s194.028876
145_15,s-0.179821,s1.640172,s282.801172
145_16,s1.593643,s0.142487,s235.155091
145_17,s1.541295,s-0.929737,s310.83356
145_18,s-1.250661,s-1.151455,s199.265546
145_19,s0.914429,s1.373433,s12.198963
145_20,s-0.990518,s0.917264,s50.454835
145_21,s-1.575529,s0.490109,s161.451982
145_22,s-1.731787,s0.896333,s41.722179
145_23,s-0.4896,s-1.523251,s233.738856
145_24,s-0.59971,s1.855491,s332.670797
145_25,s2.195039,s0.14766,s276.378481
145_26,s-1.046984,s1.820391,s55.830495
145_27,s1.478226,s1.561201,s231.407036
145_28,s1.009852,s-1.784012,s287.529052
145_29,s-1.799898,s-1.265056,s121.541619
145_30,s-0.69012,s-2.088955,s218.237921
145_31,s0.424488,s-2.158659,s199.060667
145_32,s0.943868,s2.260888,s331.390383
145_33,s-1.284294,s-1.908033,s93.051652
145_34,s-2.436729,s1.041563,s178.101692
145_35,s1.524309,s-1.981535,s193.08367
145_36,s2.128314,s-1.213581,s173.42918
145_37,s2.21165,s1.36697,s351.856848
145_38,s-1.943709,s-0.471164,s76.317652
145_39,s-1.7889,s2.282507,s354.121861
145_40,s-1.783567,s1.605891,s35.245421
145_41,s2.363303,s0.957756,s214.713346
145_42,s-2.218369,s-0.915881,s115.824923
145_43,s-0.865964,s-2.715254,s242.256704
145_44,s-2.023115,s-2.215176,s153.40833
145_45,s1.539398,s2.157024,s334.41392
145_46,s-0.56078,s2.641122,s352.15862
145_47,s2.391934,s-0.883827,s342.58859
145_48,s0.539859,s2.798402,s102.03545
145_49,s3.14502,s0.590636,s36.746496
145_50,s2.864552,s-0.452045,s297.59072
145_51,s2.406737,s-1.790983,s273.36504
145_52,s1.057025,s-2.646733,s184.135559
145_53,s-2.394613,s1.635796,s356.642679
145_54,s-2.905277,s0.747906,s72.500196
145_55,s-1.029026,s-3.345311,s77.506439
145_56,s-1.077656,s2.311095,s6.634927
145_57,s2.682851,s1.650699,s294.589367
145_58,s-2.807388,s1.535765,s66.143347
145_59,s-2.910519,s-0.481016,s52.863442
145_60,s0.539087,s-3.30634,s246.659103
145_61,s3.046104,s-1.26935,s346.454119
145_62,s-2.508949,s-1.986246,s126.411505
145_63,s-2.93107,s-1.622137,s82.261795
145_64,s1.985035,s-2.445841,s275.447764
145_65,s1.200553,s3.340834,s100.302035
145_66,s-2.291591,s2.711294,s338.119892
145_67,s3.187388,s1.183451,s278.967592
145_68,s-1.447782,s3.131521,s10.710101
145_69,s-2.845785,s2.204883,s111.039982
145_70,s-3.328107,s0.382364,s87.537311
145_71,s2.227809,s2.226963,s330.431299
145_72,s-3.373023,s-2.055533,s83.431494
145_73,s3.579258,s-0.937503,s329.234523
145_74,s0.442226,s3.47195,s10.190142
145_75,s1.722208,s-3.331141,s137.944124
145_76,s-3.621853,s-0.452413,s186.833749
145_77,s1.977097,s3.068157,s345.225682
145_78,s-1.829454,s-3.042302,s93.900732
145_79,s3.253774,s-1.962895,s273.354185
145_80,s-0.325149,s3.786064,s131.920094
145_81,s-2.642866,s3.068837,s62.521798
145_82,s1.630583,s3.597735,s69.101863
145_83,s2.725321,s3.129716,s330.762874
145_84,s2.95204,s2.146616,s7.081862
145_85,s2.410285,s-2.872808,s153.463555
145_86,s3.471528,s2.181397,s335.572071
145_87,s-0.231783,s-3.29185,s231.091314
145_88,s2.879316,s-2.323691,s230.103259
145_89,s4.142602,s-0.247685,s338.630898
145_90,s-3.731807,s1.440005,s254.30311
145_91,s1.18635,s4.133107,s345.164607
145_92,s2.81654,s-2.979447,s229.20729
145_93,s2.077396,s-3.764894,s240.696507
145_94,s3.798107,s1.672389,s289.594995
145_95,s4.266966,s1.073779,s316.595207
145_96,s-0.576484,s4.311632,s139.266225
145_97,s-4.016726,s-1.04327,s38.835671
145_98,s-2.12813,s3.62092,s51.486677
145_99,s-1.605121,s-3.609167,s192.198402
145_100,s-2.057409,s-3.604105,s97.529507
145_101,s3.761321,s-1.501655,s322.282092
145_102,s-3.11213,s2.669204,s69.175553
145_103,s3.612748,s-2.92755,s264.083497
145_104,s0.498426,s-3.968825,s293.549509
145_105,s-0.944496,s-3.938328,s323.950988
145_106,s-3.905641,s2.02632,s347.918465
145_107,s-0.556445,s-4.213415,s160.216844
145_108,s2.546828,s3.709942,s354.774885
145_109,s1.068345,s-4.319854,s314.737555
145_110,s-4.401897,s0.652538,s141.517355
145_111,s-4.280539,s-2.280238,s210.497366
145_112,s-4.138004,s1.495634,s82.519476
145_113,s-3.417892,s-2.927117,s312.781521
145_114,s-2.909704,s-3.627137,s117.572004
145_115,s-4.641877,s-1.221873,s234.093079
145_116,s-2.427069,s-4.02484,s138.071358
145_117,s2.081235,s-4.269773,s189.529959
145_118,s3.980854,s-2.304951,s265.834882
145_119,s-2.96033,s3.714693,s115.258664
145_120,s-1.779767,s4.241748,s234.524682
145_121,s-1.286726,s-4.62432,s76.009566
145_122,s3.264641,s3.311287,s288.730364
145_123,s4.114851,s2.471437,s325.179175
145_124,s4.720079,s0.872271,s221.002385
145_125,s4.384339,s-1.391967,s299.380666
145_126,s1.752158,s4.090531,s286.453023
145_127,s-4.462163,s-1.768926,s154.229839
145_128,s0.734017,s4.541059,s318.775932
145_129,s-4.583828,s1.868428,s34.632312
145_130,s-2.338573,s4.305935,s39.713206
145_131,s1.88746,s4.684015,s270.206685
145_132,s1.262205,s-4.682877,s227.232629
145_133,s-4.334511,s2.492391,s352.874167
145_134,s-3.559659,s3.790624,s78.929621
145_135,s-0.766759,s4.890254,s249.746215
145_136,s-0.294598,s-4.841045,s149.263863
145_137,s-1.969752,s-4.758422,s143.794882
145_138,s-4.381645,s3.487289,s46.265183
145_139,s3.6284,s-3.794366,s69.325057
145_140,s-1.430746,s4.686466,s315.101227
145_141,s4.960701,s1.383455,s233.607032
145_142,s2.603502,s-4.501309,s241.388774
145_143,s1.087243,s-5.187283,s153.455227
145_144,s-5.067011,s1.168504,s273.564415
146_0,s0.0,s0.0,s224.07799
146_1,s-0.148662,s0.371349,s324.138907
146_2,s-0.433521,s-0.120664,s43.560215
146_3,s0.190827,s-0.673487,s116.327727
146_4,s-0.913799,s-0.259751,s80.095038
146_5,s-0.447068,s0.663423,s97.607334
146_6,s-0.744268,s-0.590394,s194.56315
146_7,s-0.067394,s1.047835,s63.289603
146_8,s0.44541,s0.540009,s230.223708
146_9,s1.095233,s-0.350664,s121.948796
146_10,s0.734919,s-0.948627,s215.942255
146_11,s1.050575,s0.847816,s64.136372
146_12,s1.373843,s0.46374,s347.862517
146_13,s-1.245248,s-0.63981,s125.561183
146_14,s0.338793,s-1.306797,s194.028876
146_15,s-0.179821,s1.640172,s282.801172
146_16,s1.593643,s0.142487,s235.155091
146_17,s1.541295,s-0.929737,s310.83356
146_18,s-1.250661,s-1.151455,s199.265546
146_19,s0.914429,s1.373433,s12.198963
146_20,s-0.990518,s0.917264,s50.454835
146_21,s-1.575529,s0.490109,s161.451982
146_22,s-1.731787,s0.896333,s41.722179
146_23,s-0.4896,s-1.523251,s233.738856
146_24,s-0.59971,s1.855491,s332.670797
146_25,s2.195039,s0.14766,s276.378481
146_26,s-1.046984,s1.820391,s55.830495
146_27,s1.478226,s1.561201,s231.407036
146_28,s1.009852,s-1.784012,s287.529052
146_29,s-1.799898,s-1.265056,s121.541619
146_30,s-0.69012,s-2.088955,s218.237921
146_31,s0.424488,s-2.158659,s199.060667
146_32,s0.943868,s2.260888,s331.390383
146_33,s-1.284294,s-1.908033,s93.051652
146_34,s-2.436729,s1.041563,s178.101692
146_35,s1.524309,s-1.981535,s193.08367
146_36,s2.128314,s-1.213581,s173.42918
146_37,s2.21165,s1.36697,s351.856848
146_38,s-1.943709,s-0.471164,s76.317652
146_39,s-1.7889,s2.282507,s354.121861
146_40,s-1.783567,s1.605891,s35.245421
146_41,s2.363303,s0.957756,s214.713346
146_42,s-2.218369,s-0.915881,s115.824923
146_43,s-0.865964,s-2.715254,s242.256704
146_44,s-2.023115,s-2.215176,s153.40833
146_45,s1.539398,s2.157024,s334.41392
146_46,s-0.56078,s2.641122,s352.15862
146_47,s2.391934,s-0.883827,s342.58859
146_48,s0.539859,s2.798402,s102.03545
146_49,s3.14502,s0.590636,s36.746496
146_50,s2.864552,s-0.452045,s297.59072
146_51,s2.406737,s-1.790983,s273.36504
146_52,s1.057025,s-2.646733,s184.135559
146_53,s-2.394613,s1.635796,s356.642679
146_54,s-2.905277,s0.747906,s72.500196
146_55,s-1.029026,s-3.345311,s77.506439
146_56,s-1.077656,s2.311095,s6.634927
146_57,s2.682851,s1.650699,s294.589367
146_58,s-2.807388,s1.535765,s66.143347
146_59,s-2.910519,s-0.481016,s52.863442
146_60,s0.539087,s-3.30634,s246.659103
146_61,s3.046104,s-1.26935,s346.454119
146_62,s-2.508949,s-1.986246,s126.411505
146_63,s-2.93107,s-1.622137,s82.261795
146_64,s1.985035,s-2.445841,s275.447764
146_65,s1.200553,s3.340834,s100.302035
146_66,s-2.291591,s2.711294,s338.119892
146_67,s3.187388,s1.183451,s278.967592
146_68,s-1.447782,s3.131521,s10.710101
146_69,s-2.845785,s2.204883,s111.039982
146_70,s-3.328107,s0.382364,s87.537311
146_71,s2.227809,s2.226963,s330.431299
146_72,s-3.373023,s-2.055533,s83.431494
146_73,s3.579258,s-0.937503,s329.234523
146_74,s0.442226,s3.47195,s10.190142
146_75,s1.722208,s-3.331141,s137.944124
146_76,s-3.621853,s-0.452413,s186.833749
146_77,s1.977097,s3.068157,s345.225682
146_78,s-1.829454,s-3.042302,s93.900732
146_79,s3.253774,s-1.962895,s273.354185
146_80,s-0.325149,s3.786064,s131.920094
146_81,s-2.642866,s3.068837,s62.521798
146_82,s1.630583,s3.597735,s69.101863
146_83,s2.725321,s3.129716,s330.762874
146_84,s2.95204,s2.146616,s7.081862
146_85,s2.410285,s-2.872808,s153.463555
146_86,s3.471528,s2.181397,s335.572071
146_87,s-0.231783,s-3.29185,s231.091314
146_88,s2.879316,s-2.323691,s230.103259
146_89,s4.142602,s-0.247685,s338.630898
146_90,s-3.731807,s1.440005,s254.30311
146_91,s1.18635,s4.133107,s345.164607
146_92,s2.81654,s-2.979447,s229.20729
146_93,s2.077396,s-3.764894,s240.696507
146_94,s3.798107,s1.672389,s289.594995
146_95,s4.266966,s1.073779,s316.595207
146_96,s-0.576484,s4.311632,s139.266225
146_97,s-4.016726,s-1.04327,s38.835671
146_98,s-2.12813,s3.62092,s51.486677
146_99,s-1.605121,s-3.609167,s192.198402
146_100,s-2.057409,s-3.604105,s97.529507
146_101,s3.761321,s-1.501655,s322.282092
146_102,s-3.11213,s2.669204,s69.175553
146_103,s3.612748,s-2.92755,s264.083497
146_104,s0.498426,s-3.968825,s293.549509
146_105,s-0.944496,s-3.938328,s323.950988
146_106,s-3.905641,s2.02632,s347.918465
146_107,s-0.556445,s-4.213415,s160.216844
146_108,s2.546828,s3.709942,s354.774885
146_109,s1.068345,s-4.319854,s314.737555
146_110,s-4.401897,s0.652538,s141.517355
146_111,s-4.280539,s-2.280238,s210.497366
146_112,s-4.138004,s1.495634,s82.519476
146_113,s-3.417892,s-2.927117,s312.781521
146_114,s-2.909704,s-3.627137,s117.572004
146_115,s-4.641877,s-1.221873,s234.093079
146_116,s-2.427069,s-4.02484,s138.071358
146_117,s2.081235,s-4.269773,s189.529959
146_118,s3.980854,s-2.304951,s265.834882
146_119,s-2.96033,s3.714693,s115.258664
146_120,s-1.779767,s4.241748,s234.524682
146_121,s-1.286726,s-4.62432,s76.009566
146_122,s3.264641,s3.311287,s288.730364
146_123,s4.114851,s2.471437,s325.179175
146_124,s4.720079,s0.872271,s221.002385
146_125,s4.384339,s-1.391967,s299.380666
146_126,s1.752158,s4.090531,s286.453023
146_127,s-4.462163,s-1.768926,s154.229839
146_128,s0.734017,s4.541059,s318.775932
146_129,s-4.583828,s1.868428,s34.632312
146_130,s-2.338573,s4.305935,s39.713206
146_131,s1.88746,s4.684015,s270.206685
146_132,s1.262205,s-4.682877,s227.232629
146_133,s-4.334511,s2.492391,s352.874167
146_134,s-3.559659,s3.790624,s78.929621
146_135,s-0.766759,s4.890254,s249.746215
146_136,s-0.294598,s-4.841045,s149.263863
146_137,s-1.969752,s-4.758422,s143.794882
146_138,s-4.381645,s3.487289,s46.265183
146_139,s3.6284,s-3.794366,s69.325057
146_140,s-1.430746,s4.686466,s315.101227
146_141,s4.960701,s1.383455,s233.607032
146_142,s2.603502,s-4.501309,s241.388774
146_143,s1.087243,s-5.187283,s153.455227
146_144,s-5.067011,s1.168504,s273.564415
146_145,s-4.027343,s-3.209829,s97.458321
147_0,s0.0,s0.0,s224.07799
147_1,s-0.148662,s0.371349,s324.138907
147_2,s-0.433521,s-0.120664,s43.560215
147_3,s0.190827,s-0.673487,s116.327727
147_4,s-0.913799,s-0.259751,s80.095038
147_5,s-0.447068,s0.663423,s97.607334
147_6,s-0.744268,s-0.590394,s194.56315
147_7,s-0.067394,s1.047835,s63.289603
147_8,s0.44541,s0.540009,s230.223708
147_9,s1.095233,s-0.350664,s121.948796
147_10,s0.734919,s-0.948627,s215.942255
147_11,s1.050575,s0.847816,s64.136372
147_12,s1.373843,s0.46374,s347.862517
147_13,s-1.245248,s-0.63981,s125.561183
147_14,s0.338793,s-1.306797,s194.028876
147_15,s-0.179821,s1.640172,s282.801172
147_16,s1.593643,s0.142487,s235.155091
147_17,s1.541295,s-0.929737,s310.83356
147_18,s-1.250661,s-1.151455,s199.265546
147_19,s0.914429,s1.373433,s12.198963
147_20,s-0.990518,s0.917264,s50.454835
147_21,s-1.575529,s0.490109,s161.451982
147_22,s-1.731787,s0.896333,s41.722179
147_23,s-0.4896,s-1.523251,s233.738856
147_24,s-0.59971,s1.855491,s332.670797
147_25,s2.195039,s0.14766,s276.378481
147_26,s-1.046984,s1.820391,s55.830495
147_27,s1.478226,s1.561201,s231.407036
147_28,s1.009852,s-1.784012,s287.529052
147_29,s-1.799898,s-1.265056,s121.541619
147_30,s-0.69012,s-2.088955,s218.237921
147_31,s0.424488,s-2.158659,s199.060667
147_32,s0.943868,s2.260888,s331.390383
147_33,s-1.284294,s-1.908033,s93.051652
147_34,s-2.436729,s1.041563,s178.101692
147_35,s1.524309,s-1.981535,s193.08367
147_36,s2.128314,s-1.213581,s173.42918
147_37,s2.21165,s1.36697,s351.856848
147_38,s-1.943709,s-0.471164,s76.317652
147_39,s-1.7889,s2.282507,s354.121861
147_40,s-1.783567,s1.605891,s35.245421
147_41,s2.363303,s0.957756,s214.713346
147_42,s-2.218369,s-0.915881,s115.824923
147_43,s-0.865964,s-2.715254,s242.256704
147_44,s-2.023115,s-2.215176,s153.40833
147_45,s1.539398,s2.157024,s334.41392
147_46,s-0.56078,s2.641122,s352.15862
147_47,s2.391934,s-0.883827,s342.58859
147_48,s0.539859,s2.798402,s102.03545
147_49,s3.14502,s0.590636,s36.746496
147_50,s2.864552,s-0.452045,s297.59072
147_51,s2.406737,s-1.790983,s273.36504
147_52,s1.057025,s-2.646733,s184.135559
147_53,s-2.394613,s1.635796,s356.642679
147_54,s-2.905277,s0.747906,s72.500196
147_55,s-1.029026,s-3.345311,s77.506439
147_56,s-1.077656,s2.311095,s6.634927
147_57,s2.682851,s1.650699,s294.589367
147_58,s-2.807388,s1.535765,s66.143347
147_59,s-2.910519,s-0.481016,s52.863442
147_60,s0.539087,s-3.30634,s246.659103
147_61,s3.046104,s-1.26935,s346.454119
147_62,s-2.508949,s-1.986246,s126.411505
147_63,s-2.93107,s-1.622137,s82.261795
147_64,s1.985035,s-2.445841,s275.447764
147_65,s1.200553,s3.340834,s100.302035
147_66,s-2.291591,s2.711294,s338.119892
147_67,s3.187388,s1.183451,s278.967592
147_68,s-1.447782,s3.131521,s10.710101
147_69,s-2.845785,s2.204883,s111.039982
147_70,s-3.328107,s0.382364,s87.537311
147_71,s2.227809,s2.226963,s330.431299
147_72,s-3.373023,s-2.055533,s83.431494
147_73,s3.579258,s-0.937503,s329.234523
147_74,s0.442226,s3.47195,s10.190142
147_75,s1.722208,s-3.331141,s137.944124
147_76,s-3.621853,s-0.452413,s186.833749
147_77,s1.977097,s3.068157,s345.225682
147_78,s-1.829454,s-3.042302,s93.900732
147_79,s3.253774,s-1.962895,s273.354185
147_80,s-0.325149,s3.786064,s131.920094
147_81,s-2.642866,s3.068837,s62.521798
147_82,s1.630583,s3.597735,s69.101863
147_83,s2.725321,s3.129716,s330.762874
147_84,s2.95204,s2.146616,s7.081862
147_85,s2.410285,s-2.872808,s153.463555
147_86,s3.471528,s2.181397,s335.572071
147_87,s-0.231783,s-3.29185,s231.091314
147_88,s2.879316,s-2.323691,s230.103259
147_89,s4.142602,s-0.247685,s338.630898
147_90,s-3.731807,s1.440005,s254.30311
147_91,s1.18635,s4.133107,s345.164607
147_92,s2.81654,s-2.979447,s229.20729
147_93,s2.077396,s-3.764894,s240.696507
147_94,s3.798107,s1.672389,s289.594995
147_95,s4.266966,s1.073779,s316.595207
147_96,s-0.576484,s4.311632,s139.266225
147_97,s-4.016726,s-1.04327,s38.835671
147_98,s-2.12813,s3.62092,s51.486677
147_99,s-1.605121,s-3.609167,s192.198402
147_100,s-2.057409,s-3.604105,s97.529507
147_101,s3.761321,s-1.501655,s322.282092
147_102,s-3.11213,s2.669204,s69.175553
147_103,s3.612748,s-2.92755,s264.083497
147_104,s0.498426,s-3.968825,s293.549509
147_105,s-0.944496,s-3.938328,s323.950988
147_106,s-3.905641,s2.02632,s347.918465
147_107,s-0.556445,s-4.213415,s160.216844
147_108,s2.546828,s3.709942,s354.774885
147_109,s1.068345,s-4.319854,s314.737555
147_110,s-4.401897,s0.652538,s141.517355
147_111,s-4.280539,s-2.280238,s210.497366
147_112,s-4.138004,s1.495634,s82.519476
147_113,s-3.417892,s-2.927117,s312.781521
147_114,s-2.909704,s-3.627137,s117.572004
147_115,s-4.641877,s-1.221873,s234.093079
147_116,s-2.427069,s-4.02484,s138.071358
147_117,s2.081235,s-4.269773,s189.529959
147_118,s3.980854,s-2.304951,s265.834882
147_119,s-2.96033,s3.714693,s115.258664
147_120,s-1.779767,s4.241748,s234.524682
147_121,s-1.286726,s-4.62432,s76.009566
147_122,s3.264641,s3.311287,s288.730364
147_123,s4.114851,s2.471437,s325.179175
147_124,s4.720079,s0.872271,s221.002385
147_125,s4.384339,s-1.391967,s299.380666
147_126,s1.752158,s4.090531,s286.453023
147_127,s-4.462163,s-1.768926,s154.229839
147_128,s0.734017,s4.541059,s318.775932
147_129,s-4.583828,s1.868428,s34.632312
147_130,s-2.338573,s4.305935,s39.713206
147_131,s1.88746,s4.684015,s270.206685
147_132,s1.262205,s-4.682877,s227.232629
147_133,s-4.334511,s2.492391,s352.874167
147_134,s-3.559659,s3.790624,s78.929621
147_135,s-0.766759,s4.890254,s249.746215
147_136,s-0.294598,s-4.841045,s149.263863
147_137,s-1.969752,s-4.758422,s143.794882
147_138,s-4.381645,s3.487289,s46.265183
147_139,s3.6284,s-3.794366,s69.325057
147_140,s-1.430746,s4.686466,s315.101227
147_141,s4.960701,s1.383455,s233.607032
147_142,s2.603502,s-4.501309,s241.388774
147_143,s1.087243,s-5.187283,s153.455227
147_144,s-5.067011,s1.168504,s273.564415
147_145,s-4.027343,s-3.209829,s97.458321
147_146,s-4.671143,s-2.709322,s128.431303
148_0,s0.0,s0.0,s224.07799
148_1,s-0.148662,s0.371349,s324.138907
148_2,s-0.433521,s-0.120664,s43.560215
148_3,s0.190827,s-0.673487,s116.327727
148_4,s-0.913799,s-0.259751,s80.095038
148_5,s-0.447068,s0.663423,s97.607334
148_6,s-0.744268,s-0.590394,s194.56315
148_7,s-0.067394,s1.047835,s63.289603
148_8,s0.44541,s0.540009,s230.223708
148_9,s1.095233,s-0.350664,s121.948796
148_10,s0.734919,s-0.948627,s215.942255
148_11,s1.050575,s0.847816,s64.136372
148_12,s1.373843,s0.46374,s347.862517
148_13,s-1.245248,s-0.63981,s125.561183
148_14,s0.338793,s-1.306797,s194.028876
148_15,s-0.179821,s1.640172,s282.801172
148_16,s1.593643,s0.142487,s235.155091
148_17,s1.541295,s-0.929737,s310.83356
148_18,s-1.250661,s-1.151455,s199.265546
148_19,s0.914429,s1.373433,s12.198963
148_20,s-0.990518,s0.917264,s50.454835
148_21,s-1.575529,s0.490109,s161.451982
148_22,s-1.731787,s0.896333,s41.722179
148_23,s-0.4896,s-1.523251,s233.738856
148_24,s-0.59971,s1.855491,s332.670797
148_25,s2.195039,s0.14766,s276.378481
148_26,s-1.046984,s1.820391,s55.830495
148_27,s1.478226,s1.561201,s231.407036
148_28,s1.009852,s-1.784012,s287.529052
148_29,s-1.799898,s-1.265056,s121.541619
148_30,s-0.69012,s-2.088955,s218.237921
148_31,s0.424488,s-2.158659,s199.060667
148_32,s0.943868,s2.260888,s331.390383
148_33,s-1.284294,s-1.908033,s93.051652
148_34,s-2.436729,s1.041563,s178.101692
148_35,s1.524309,s-1.981535,s193.08367
148_36,s2.128314,s-1.213581,s173.42918
148_37,s2.21165,s1.36697,s351.856848
148_38,s-1.943709,s-0.471164,s76.317652
148_39,s-1.7889,s2.282507,s354.121861
148_40,s-1.783567,s1.605891,s35.245421
148_41,s2.363303,s0.957756,s214.713346
148_42,s-2.218369,s-0.915881,s115.824923
148_43,s-0.865964,s-2.715254,s242.256704
148_44,s-2.023115,s-2.215176,s153.40833
148_45,s1.539398,s2.157024,s334.41392
148_46,s-0.56078,s2.641122,s352.15862
148_47,s2.391934,s-0.883827,s342.58859
148_48,s0.539859,s2.798402,s102.03545
148_49,s3.14502,s0.590636,s36.746496
148_50,s2.864552,s-0.452045,s297.59072
148_51,s2.406737,s-1.790983,s273.36504
148_52,s1.057025,s-2.646733,s184.135559
148_53,s-2.394613,s1.635796,s356.642679
148_54,s-2.905277,s0.747906,s72.500196
148_55,s-1.029026,s-3.345311,s77.506439
148_56,s-1.077656,s2.311095,s6.634927
148_57,s2.682851,s1.650699,s294.589367
148_58,s-2.807388,s1.535765,s66.143347
148_59,s-2.910519,s-0.481016,s52.863442
148_60,s0.539087,s-3.30634,s246.659103
148_61,s3.046104,s-1.26935,s346.454119
148_62,s-2.508949,s-1.986246,s126.411505
148_63,s-2.93107,s-1.622137,s82.261795
148_64,s1.985035,s-2.445841,s275.447764
148_65,s1.200553,s3.340834,s100.302035
148_66,s-2.291591,s2.711294,s338.119892
148_67,s3.187388,s1.183451,s278.967592
148_68,s-1.447782,s3.131521,s10.710101
148_69,s-2.845785,s2.204883,s111.039982
148_70,s-3.328107,s0.382364,s87.537311
148_71,s2.227809,s2.226963,s330.431299
148_72,s-3.373023,s-2.055533,s83.431494
148_73,s3.579258,s-0.937503,s329.234523
148_74,s0.442226,s3.47195,s10.190142
148_75,s1.722208,s-3.331141,s137.944124
148_76,s-3.621853,s-0.452413,s186.833749
148_77,s1.977097,s3.068157,s345.225682
148_78,s-1.829454,s-3.042302,s93.900732
148_79,s3.253774,s-1.962895,s273.354185
148_80,s-0.325149,s3.786064,s131.920094
148_81,s-2.642866,s3.068837,s62.521798
148_82,s1.630583,s3.597735,s69.101863
148_83,s2.725321,s3.129716,s330.762874
148_84,s2.95204,s2.146616,s7.081862
148_85,s2.410285,s-2.872808,s153.463555
148_86,s3.471528,s2.181397,s335.572071
148_87,s-0.231783,s-3.29185,s231.091314
148_88,s2.879316,s-2.323691,s230.103259
148_89,s4.142602,s-0.247685,s338.630898
148_90,s-3.731807,s1.440005,s254.30311
148_91,s1.18635,s4.133107,s345.164607
148_92,s2.81654,s-2.979447,s229.20729
148_93,s2.077396,s-3.764894,s240.696507
148_94,s3.798107,s1.672389,s289.594995
148_95,s4.266966,s1.073779,s316.595207
148_96,s-0.576484,s4.311632,s139.266225
148_97,s-4.016726,s-1.04327,s38.835671
148_98,s-2.12813,s3.62092,s51.486677
148_99,s-1.605121,s-3.609167,s192.198402
148_100,s-2.057409,s-3.604105,s97.529507
148_101,s3.761321,s-1.501655,s322.282092
148_102,s-3.11213,s2.669204,s69.175553
148_103,s3.612748,s-2.92755,s264.083497
148_104,s0.498426,s-3.968825,s293.549509
148_105,s-0.944496,s-3.938328,s323.950988
148_106,s-3.905641,s2.02632,s347.918465
148_107,s-0.556445,s-4.213415,s160.216844
148_108,s2.546828,s3.709942,s354.774885
148_109,s1.068345,s-4.319854,s314.737555
148_110,s-4.401897,s0.652538,s141.517355
148_111,s-4.280539,s-2.280238,s210.497366
148_112,s-4.138004,s1.495634,s82.519476
148_113,s-3.417892,s-2.927117,s312.781521
148_114,s-2.909704,s-3.627137,s117.572004
148_115,s-4.641877,s-1.221873,s234.093079
148_116,s-2.427069,s-4.02484,s138.071358
148_117,s2.081235,s-4.269773,s189.529959
148_118,s3.980854,s-2.304951,s265.834882
148_119,s-2.96033,s3.714693,s115.258664
148_120,s-1.779767,s4.241748,s234.524682
148_121,s-1.286726,s-4.62432,s76.009566
148_122,s3.264641,s3.311287,s288.730364
148_123,s4.114851,s2.471437,s325.179175
148_124,s4.720079,s0.872271,s221.002385
148_125,s4.384339,s-1.391967,s299.380666
148_126,s1.752158,s4.090531,s286.453023
148_127,s-4.462163,s-1.768926,s154.229839
148_128,s0.734017,s4.541059,s318.775932
148_129,s-4.583828,s1.868428,s34.632312
148_130,s-2.338573,s4.305935,s39.713206
148_131,s1.88746,s4.684015,s270.206685
148_132,s1.262205,s-4.682877,s227.232629
148_133,s-4.334511,s2.492391,s352.874167
148_134,s-3.559659,s3.790624,s78.929621
148_135,s-0.766759,s4.890254,s249.746215
148_136,s-0.294598,s-4.841045,s149.263863
148_137,s-1.969752,s-4.758422,s143.794882
148_138,s-4.381645,s3.487289,s46.265183
148_139,s3.6284,s-3.794366,s69.325057
148_140,s-1.430746,s4.686466,s315.101227
148_141,s4.960701,s1.383455,s233.607032
148_142,s2.603502,s-4.501309,s241.388774
148_143,s1.087243,s-5.187283,s153.455227
148_144,s-5.067011,s1.168504,s273.564415
148_145,s-4.027343,s-3.209829,s97.458321
148_146,s-4.671143,s-2.709322,s128.431303
148_147,s4.792428,s-1.744315,s270.057346
149_0,s0.0,s0.0,s224.07799
149_1,s-0.148662,s0.371349,s324.138907
149_2,s-0.433521,s-0.120664,s43.560215
149_3,s0.190827,s-0.673487,s116.327727
149_4,s-0.913799,s-0.259751,s80.095038
149_5,s-0.447068,s0.663423,s97.607334
149_6,s-0.744268,s-0.590394,s194.56315
149_7,s-0.067394,s1.047835,s63.289603
149_8,s0.44541,s0.540009,s230.223708
149_9,s1.095233,s-0.350664,s121.948796
149_10,s0.734919,s-0.948627,s215.942255
149_11,s1.050575,s0.847816,s64.136372
149_12,s1.373843,s0.46374,s347.862517
149_13,s-1.245248,s-0.63981,s125.561183
149_14,s0.338793,s-1.306797,s194.028876
149_15,s-0.179821,s1.640172,s282.801172
149_16,s1.593643,s0.142487,s235.155091
149_17,s1.541295,s-0.929737,s310.83356
149_18,s-1.250661,s-1.151455,s199.265546
149_19,s0.914429,s1.373433,s12.198963
149_20,s-0.990518,s0.917264,s50.454835
149_21,s-1.575529,s0.490109,s161.451982
149_22,s-1.731787,s0.896333,s41.722179
149_23,s-0.4896,s-1.523251,s233.738856
149_24,s-0.59971,s1.855491,s332.670797
149_25,s2.195039,s0.14766,s276.378481
149_26,s-1.046984,s1.820391,s55.830495
149_27,s1.478226,s1.561201,s231.407036
149_28,s1.009852,s-1.784012,s287.529052
149_29,s-1.799898,s-1.265056,s121.541619
149_30,s-0.69012,s-2.088955,s218.237921
149_31,s0.424488,s-2.158659,s199.060667
149_32,s0.943868,s2.260888,s331.390383
149_33,s-1.284294,s-1.908033,s93.051652
149_34,s-2.436729,s1.041563,s178.101692
149_35,s1.524309,s-1.981535,s193.08367
149_36,s2.128314,s-1.213581,s173.42918
149_37,s2.21165,s1.36697,s351.856848
149_38,s-1.943709,s-0.471164,s76.317652
149_39,s-1.7889,s2.282507,s354.121861
149_40,s-1.783567,s1.605891,s35.245421
149_41,s2.363303,s0.957756,s214.713346
149_42,s-2.218369,s-0.915881,s115.824923
149_43,s-0.865964,s-2.715254,s242.256704
149_44,s-2.023115,s-2.215176,s153.40833
149_45,s1.539398,s2.157024,s334.41392
149_46,s-0.56078,s2.641122,s352.15862
149_47,s2.391934,s-0.883827,s342.58859
149_48,s0.539859,s2.798402,s102.03545
149_49,s3.14502,s0.590636,s36.746496
149_50,s2.864552,s-0.452045,s297.59072
149_51,s2.406737,s-1.790983,s273.36504
149_52,s1.057025,s-2.646733,s184.135559
149_53,s-2.394613,s1.635796,s356.642679
149_54,s-2.905277,s0.747906,s72.500196
149_55,s-1.029026,s-3.345311,s77.506439
149_56,s-1.077656,s2.311095,s6.634927
149_57,s2.682851,s1.650699,s294.589367
149_58,s-2.807388,s1.535765,s66.143347
149_59,s-2.910519,s-0.481016,s52.863442
149_60,s0.539087,s-3.30634,s246.659103
149_61,s3.046104,s-1.26935,s346.454119
149_62,s-2.508949,s-1.986246,s126.411505
149_63,s-2.93107,s-1.622137,s82.261795
149_64,s1.985035,s-2.445841,s275.447764
149_65,s1.200553,s3.340834,s100.302035
149_66,s-2.291591,s2.711294,s338.119892
149_67,s3.187388,s1.183451,s278.967592
149_68,s-1.447782,s3.131521,s10.710101
149_69,s-2.845785,s2.204883,s111.039982
149_70,s-3.328107,s0.382364,s87.537311
149_71,s2.227809,s2.226963,s330.431299
149_72,s-3.373023,s-2.055533,s83.431494
149_73,s3.579258,s-0.937503,s329.234523
149_74,s0.442226,s3.47195,s10.190142
149_75,s1.722208,s-3.331141,s137.944124
149_76,s-3.621853,s-0.452413,s186.833749
149_77,s1.977097,s3.068157,s345.225682
149_78,s-1.829454,s-3.042302,s93.900732
149_79,s3.253774,s-1.962895,s273.354185
149_80,s-0.325149,s3.786064,s131.920094
149_81,s-2.642866,s3.068837,s62.521798
149_82,s1.630583,s3.597735,s69.101863
149_83,s2.725321,s3.129716,s330.762874
149_84,s2.95204,s2.146616,s7.081862
149_85,s2.410285,s-2.872808,s153.463555
149_86,s3.471528,s2.181397,s335.572071
149_87,s-0.231783,s-3.29185,s231.091314
149_88,s2.879316,s-2.323691,s230.103259
149_89,s4.142602,s-0.247685,s338.630898
149_90,s-3.731807,s1.440005,s254.30311
149_91,s1.18635,s4.133107,s345.164607
149_92,s2.81654,s-2.979447,s229.20729
149_93,s2.077396,s-3.764894,s240.696507
149_94,s3.798107,s1.672389,s289.594995
149_95,s4.266966,s1.073779,s316.595207
149_96,s-0.576484,s4.311632,s139.266225
149_97,s-4.016726,s-1.04327,s38.835671
149_98,s-2.12813,s3.62092,s51.486677
149_99,s-1.605121,s-3.609167,s192.198402
149_100,s-2.057409,s-3.604105,s97.529507
149_101,s3.761321,s-1.501655,s322.282092
149_102,s-3.11213,s2.669204,s69.175553
149_103,s3.612748,s-2.92755,s264.083497
149_104,s0.498426,s-3.968825,s293.549509
149_105,s-0.944496,s-3.938328,s323.950988
149_106,s-3.905641,s2.02632,s347.918465
149_107,s-0.556445,s-4.213415,s160.216844
149_108,s2.546828,s3.709942,s354.774885
149_109,s1.068345,s-4.319854,s314.737555
149_110,s-4.401897,s0.652538,s141.517355
149_111,s-4.280539,s-2.280238,s210.497366
149_112,s-4.138004,s1.495634,s82.519476
149_113,s-3.417892,s-2.927117,s312.781521
149_114,s-2.909704,s-3.627137,s117.572004
149_115,s-4.641877,s-1.221873,s234.093079
149_116,s-2.427069,s-4.02484,s138.071358
149_117,s2.081235,s-4.269773,s189.529959
149_118,s3.980854,s-2.304951,s265.834882
149_119,s-2.96033,s3.714693,s115.258664
149_120,s-1.779767,s4.241748,s234.524682
149_121,s-1.286726,s-4.62432,s76.009566
149_122,s3.264641,s3.311287,s288.730364
149_123,s4.114851,s2.471437,s325.179175
149_124,s4.720079,s0.872271,s221.002385
149_125,s4.384339,s-1.391967,s299.380666
149_126,s1.752158,s4.090531,s286.453023
149_127,s-4.462163,s-1.768926,s154.229839
149_128,s0.734017,s4.541059,s318.775932
149_129,s-4.583828,s1.868428,s34.632312
149_130,s-2.338573,s4.305935,s39.713206
149_131,s1.88746,s4.684015,s270.206685
149_132,s1.262205,s-4.682877,s227.232629
149_133,s-4.334511,s2.492391,s352.874167
149_134,s-3.559659,s3.790624,s78.929621
149_135,s-0.766759,s4.890254,s249.746215
149_136,s-0.294598,s-4.841045,s149.263863
149_137,s-1.969752,s-4.758422,s143.794882
149_138,s-4.381645,s3.487289,s46.265183
149_139,s3.6284,s-3.794366,s69.325057
149_140,s-1.430746,s4.686466,s315.101227
149_141,s4.960701,s1.383455,s233.607032
149_142,s2.603502,s-4.501309,s241.388774
149_143,s1.087243,s-5.187283,s153.455227
149_144,s-5.067011,s1.168504,s273.564415
149_145,s-4.027343,s-3.209829,s97.458321
149_146,s-4.671143,s-2.709322,s128.431303
149_147,s4.792428,s-1.744315,s270.057346
149_148,s-3.338887,s4.180231,s16.404482
150_0,s0.0,s0.0,s224.07799
150_1,s-0.148662,s0.371349,s324.138907
150_2,s-0.433521,s-0.120664,s43.560215
150_3,s0.190827,s-0.673487,s116.327727
150_4,s-0.913799,s-0.259751,s80.095038
150_5,s-0.447068,s0.663423,s97.607334
150_6,s-0.744268,s-0.590394,s194.56315
150_7,s-0.067394,s1.047835,s63.289603
150_8,s0.44541,s0.540009,s230.223708
150_9,s1.095233,s-0.350664,s121.948796
150_10,s0.734919,s-0.948627,s215.942255
150_11,s1.050575,s0.847816,s64.136372
150_12,s1.373843,s0.46374,s347.862517
150_13,s-1.245248,s-0.63981,s125.561183
150_14,s0.338793,s-1.306797,s194.028876
150_15,s-0.179821,s1.640172,s282.801172
150_16,s1.593643,s0.142487,s235.155091
150_17,s1.541295,s-0.929737,s310.83356
150_18,s-1.250661,s-1.151455,s199.265546
150_19,s0.914429,s1.373433,s12.198963
150_20,s-0.990518,s0.917264,s50.454835
150_21,s-1.575529,s0.490109,s161.451982
150_22,s-1.731787,s0.896333,s41.722179
150_23,s-0.4896,s-1.523251,s233.738856
150_24,s-0.59971,s1.855491,s332.670797
150_25,s2.195039,s0.14766,s276.378481
150_26,s-1.046984,s1.820391,s55.830495
150_27,s1.478226,s1.561201,s231.407036
150_28,s1.009852,s-1.784012,s287.529052
150_29,s-1.799898,s-1.265056,s121.541619
150_30,s-0.69012,s-2.088955,s218.237921
150_31,s0.424488,s-2.158659,s199.060667
150_32,s0.943868,s2.260888,s331.390383
150_33,s-1.284294,s-1.908033,s93.051652
150_34,s-2.436729,s1.041563,s178.101692
150_35,s1.524309,s-1.981535,s193.08367
150_36,s2.128314,s-1.213581,s173.42918
150_37,s2.21165,s1.36697,s351.856848
150_38,s-1.943709,s-0.471164,s76.317652
150_39,s-1.7889,s2.282507,s354.121861
150_40,s-1.783567,s1.605891,s35.245421
150_41,s2.363303,s0.957756,s214.713346
150_42,s-2.218369,s-0.915881,s115.824923
150_43,s-0.865964,s-2.715254,s242.256704
150_44,s-2.023115,s-2.215176,s153.40833
150_45,s1.539398,s2.157024,s334.41392
150_46,s-0.56078,s2.641122,s352.15862
150_47,s2.391934,s-0.883827,s342.58859
150_48,s0.539859,s2.798402,s102.03545
150_49,s3.14502,s0.590636,s36.746496
150_50,s2.864552,s-0.452045,s297.59072
150_51,s2.406737,s-1.790983,s273.36504
150_52,s1.057025,s-2.646733,s184.135559
150_53,s-2.394613,s1.635796,s356.642679
150_54,s-2.905277,s0.747906,s72.500196
150_55,s-1.029026,s-3.345311,s77.506439
150_56,s-1.077656,s2.311095,s6.634927
150_57,s2.682851,s1.650699,s294.589367
150_58,s-2.807388,s1.535765,s66.143347
150_59,s-2.910519,s-0.481016,s52.863442
150_60,s0.539087,s-3.30634,s246.659103
150_61,s3.046104,s-1.26935,s346.454119
150_62,s-2.508949,s-1.986246,s126.411505
150_63,s-2.93107,s-1.622137,s82.261795
150_64,s1.985035,s-2.445841,s275.447764
150_65,s1.200553,s3.340834,s100.302035
150_66,s-2.291591,s2.711294,s338.119892
150_67,s3.187388,s1.183451,s278.967592
150_68,s-1.447782,s3.131521,s10.710101
150_69,s-2.845785,s2.204883,s111.039982
150_70,s-3.328107,s0.382364,s87.537311
150_71,s2.227809,s2.226963,s330.431299
150_72,s-3.373023,s-2.055533,s83.431494
150_73,s3.579258,s-0.937503,s329.234523
150_74,s0.442226,s3.47195,s10.190142
150_75,s1.722208,s-3.331141,s137.944124
150_76,s-3.621853,s-0.452413,s186.833749
150_77,s1.977097,s3.068157,s345.225682
150_78,s-1.829454,s-3.042302,s93.900732
150_79,s3.253774,s-1.962895,s273.354185
150_80,s-0.325149,s3.786064,s131.920094
150_81,s-2.642866,s3.068837,s62.521798
150_82,s1.630583,s3.597735,s69.101863
150_83,s2.725321,s3.129716,s330.762874
150_84,s2.95204,s2.146616,s7.081862
150_85,s2.410285,s-2.872808,s153.463555
150_86,s3.471528,s2.181397,s335.572071
150_87,s-0.231783,s-3.29185,s231.091314
150_88,s2.879316,s-2.323691,s230.103259
150_89,s4.142602,s-0.247685,s338.630898
150_90,s-3.731807,s1.440005,s254.30311
150_91,s1.18635,s4.133107,s345.164607
150_92,s2.81654,s-2.979447,s229.20729
150_93,s2.077396,s-3.764894,s240.696507
150_94,s3.798107,s1.672389,s289.594995
150_95,s4.266966,s1.073779,s316.595207
150_96,s-0.576484,s4.311632,s139.266225
150_97,s-4.016726,s-1.04327,s38.835671
150_98,s-2.12813,s3.62092,s51.486677
150_99,s-1.605121,s-3.609167,s192.198402
150_100,s-2.057409,s-3.604105,s97.529507
150_101,s3.761321,s-1.501655,s322.282092
150_102,s-3.11213,s2.669204,s69.175553
150_103,s3.612748,s-2.92755,s264.083497
150_104,s0.498426,s-3.968825,s293.549509
150_105,s-0.944496,s-3.938328,s323.950988
150_106,s-3.905641,s2.02632,s347.918465
150_107,s-0.556445,s-4.213415,s160.216844
150_108,s2.546828,s3.709942,s354.774885
150_109,s1.068345,s-4.319854,s314.737555
150_110,s-4.401897,s0.652538,s141.517355
150_111,s-4.280539,s-2.280238,s210.497366
150_112,s-4.138004,s1.495634,s82.519476
150_113,s-3.417892,s-2.927117,s312.781521
150_114,s-2.909704,s-3.627137,s117.572004
150_115,s-4.641877,s-1.221873,s234.093079
150_116,s-2.427069,s-4.02484,s138.071358
150_117,s2.081235,s-4.269773,s189.529959
150_118,s3.980854,s-2.304951,s265.834882
150_119,s-2.96033,s3.714693,s115.258664
150_120,s-1.779767,s4.241748,s234.524682
150_121,s-1.286726,s-4.62432,s76.009566
150_122,s3.264641,s3.311287,s288.730364
150_123,s4.114851,s2.471437,s325.179175
150_124,s4.720079,s0.872271,s221.002385
150_125,s4.384339,s-1.391967,s299.380666
150_126,s1.752158,s4.090531,s286.453023
150_127,s-4.462163,s-1.768926,s154.229839
150_128,s0.734017,s4.541059,s318.775932
150_129,s-4.583828,s1.868428,s34.632312
150_130,s-2.338573,s4.305935,s39.713206
150_131,s1.88746,s4.684015,s270.206685
150_132,s1.262205,s-4.682877,s227.232629
150_133,s-4.334511,s2.492391,s352.874167
150_134,s-3.559659,s3.790624,s78.929621
150_135,s-0.766759,s4.890254,s249.746215
150_136,s-0.294598,s-4.841045,s149.263863
150_137,s-1.969752,s-4.758422,s143.794882
150_138,s-4.381645,s3.487289,s46.265183
150_139,s3.6284,s-3.794366,s69.325057
150_140,s-1.430746,s4.686466,s315.101227
150_141,s4.960701,s1.383455,s233.607032
150_142,s2.603502,s-4.501309,s241.388774
150_143,s1.087243,s-5.187283,s153.455227
150_144,s-5.067011,s1.168504,s273.564415
150_145,s-4.027343,s-3.209829,s97.458321
150_146,s-4.671143,s-2.709322,s128.431303
150_147,s4.792428,s-1.744315,s270.057346
150_148,s-3.338887,s4.180231,s16.404482
150_149,s3.012327,s4.360721,s349.97996
151_0,s0.0,s0.0,s224.07799
151_1,s-0.148662,s0.371349,s324.138907
151_2,s-0.433521,s-0.120664,s43.560215
151_3,s0.190827,s-0.673487,s116.327727
151_4,s-0.913799,s-0.259751,s80.095038
151_5,s-0.447068,s0.663423,s97.607334
151_6,s-0.744268,s-0.590394,s194.56315
151_7,s-0.067394,s1.047835,s63.289603
151_8,s0.44541,s0.540009,s230.223708
151_9,s1.095233,s-0.350664,s121.948796
151_10,s0.734919,s-0.948627,s215.942255
151_11,s1.050575,s0.847816,s64.136372
151_12,s1.373843,s0.46374,s347.862517
151_13,s-1.245248,s-0.63981,s125.561183
151_14,s0.338793,s-1.306797,s194.028876
151_15,s-0.179821,s1.640172,s282.801172
151_16,s1.593643,s0.142487,s235.155091
151_17,s1.541295,s-0.929737,s310.83356
151_18,s-1.250661,s-1.151455,s199.265546
151_19,s0.914429,s1.373433,s12.198963
151_20,s-0.990518,s0.917264,s50.454835
151_21,s-1.575529,s0.490109,s161.451982
151_22,s-1.731787,s0.896333,s41.722179
151_23,s-0.4896,s-1.523251,s233.738856
151_24,s-0.59971,s1.855491,s332.670797
151_25,s2.195039,s0.14766,s276.378481
151_26,s-1.046984,s1.820391,s55.830495
151_27,s1.478226,s1.561201,s231.407036
151_28,s1.009852,s-1.784012,s287.529052
151_29,s-1.799898,s-1.265056,s121.541619
151_30,s-0.69012,s-2.088955,s218.237921
151_31,s0.424488,s-2.158659,s199.060667
151_32,s0.943868,s2.260888,s331.390383
151_33,s-1.284294,s-1.908033,s93.051652
151_34,s-2.436729,s1.041563,s178.101692
151_35,s1.524309,s-1.981535,s193.08367
151_36,s2.128314,s-1.213581,s173.42918
151_37,s2.21165,s1.36697,s351.856848
151_38,s-1.943709,s-0.471164,s76.317652
151_39,s-1.7889,s2.282507,s354.121861
151_40,s-1.783567,s1.605891,s35.245421
151_41,s2.363303,s0.957756,s214.713346
151_42,s-2.218369,s-0.915881,s115.824923
151_43,s-0.865964,s-2.715254,s242.256704
151_44,s-2.023115,s-2.215176,s153.40833
151_45,s1.539398,s2.157024,s334.41392
151_46,s-0.56078,s2.641122,s352.15862
151_47,s2.391934,s-0.883827,s342.58859
151_48,s0.539859,s2.798402,s102.03545
151_49,s3.14502,s0.590636,s36.746496
151_50,s2.864552,s-0.452045,s297.59072
151_51,s2.406737,s-1.790983,s273.36504
151_52,s1.057025,s-2.646733,s184.135559
151_53,s-2.394613,s1.635796,s356.642679
151_54,s-2.905277,s0.747906,s72.500196
151_55,s-1.029026,s-3.345311,s77.506439
151_56,s-1.077656,s2.311095,s6.634927
151_57,s2.682851,s1.650699,s294.589367
151_58,s-2.807388,s1.535765,s66.143347
151_59,s-2.910519,s-0.481016,s52.863442
151_60,s0.539087,s-3.30634,s246.659103
151_61,s3.046104,s-1.26935,s346.454119
151_62,s-2.508949,s-1.986246,s126.411505
151_63,s-2.93107,s-1.622137,s82.261795
151_64,s1.985035,s-2.445841,s275.447764
151_65,s1.200553,s3.340834,s100.302035
151_66,s-2.291591,s2.711294,s338.119892
151_67,s3.187388,s1.183451,s278.967592
151_68,s-1.447782,s3.131521,s10.710101
151_69,s-2.845785,s2.204883,s111.039982
151_70,s-3.328107,s0.382364,s87.537311
151_71,s2.227809,s2.226963,s330.431299
151_72,s-3.373023,s-2.055533,s83.431494
151_73,s3.579258,s-0.937503,s329.234523
151_74,s0.442226,s3.47195,s10.190142
151_75,s1.722208,s-3.331141,s137.944124
151_76,s-3.621853,s-0.452413,s186.833749
151_77,s1.977097,s3.068157,s345.225682
151_78,s-1.829454,s-3.042302,s93.900732
151_79,s3.253774,s-1.962895,s273.354185
151_80,s-0.325149,s3.786064,s131.920094
151_81,s-2.642866,s3.068837,s62.521798
151_82,s1.630583,s3.597735,s69.101863
151_83,s2.725321,s3.129716,s330.762874
151_84,s2.95204,s2.146616,s7.081862
151_85,s2.410285,s-2.872808,s153.463555
151_86,s3.471528,s2.181397,s335.572071
151_87,s-0.231783,s-3.29185,s231.091314
151_88,s2.879316,s-2.323691,s230.103259
151_89,s4.142602,s-0.247685,s338.630898
151_90,s-3.731807,s1.440005,s254.30311
151_91,s1.18635,s4.133107,s345.164607
151_92,s2.81654,s-2.979447,s229.20729
151_93,s2.077396,s-3.764894,s240.696507
151_94,s3.798107,s1.672389,s289.594995
151_95,s4.266966,s1.073779,s316.595207
151_96,s-0.576484,s4.311632,s139.266225
151_97,s-4.016726,s-1.04327,s38.835671
151_98,s-2.12813,s3.62092,s51.486677
151_99,s-1.605121,s-3.609167,s192.198402
151_100,s-2.057409,s-3.604105,s97.529507
151_101,s3.761321,s-1.501655,s322.282092
151_102,s-3.11213,s2.669204,s69.175553
151_103,s3.612748,s-2.92755,s264.083497
151_104,s0.498426,s-3.968825,s293.549509
151_105,s-0.944496,s-3.938328,s323.950988
151_106,s-3.905641,s2.02632,s347.918465
151_107,s-0.556445,s-4.213415,s160.216844
151_108,s2.546828,s3.709942,s354.774885
151_109,s1.068345,s-4.319854,s314.737555
151_110,s-4.401897,s0.652538,s141.517355
151_111,s-4.280539,s-2.280238,s210.497366
151_112,s-4.138004,s1.495634,s82.519476
151_113,s-3.417892,s-2.927117,s312.781521
151_114,s-2.909704,s-3.627137,s117.572004
151_115,s-4.641877,s-1.221873,s234.093079
151_116,s-2.427069,s-4.02484,s138.071358
151_117,s2.081235,s-4.269773,s189.529959
151_118,s3.980854,s-2.304951,s265.834882
151_119,s-2.96033,s3.714693,s115.258664
151_120,s-1.779767,s4.241748,s234.524682
151_121,s-1.286726,s-4.62432,s76.009566
151_122,s3.264641,s3.311287,s288.730364
151_123,s4.114851,s2.471437,s325.179175
151_124,s4.720079,s0.872271,s221.002385
151_125,s4.384339,s-1.391967,s299.380666
151_126,s1.752158,s4.090531,s286.453023
151_127,s-4.462163,s-1.768926,s154.229839
151_128,s0.734017,s4.541059,s318.775932
151_129,s-4.583828,s1.868428,s34.632312
151_130,s-2.338573,s4.305935,s39.713206
151_131,s1.88746,s4.684015,s270.206685
151_132,s1.262205,s-4.682877,s227.232629
151_133,s-4.334511,s2.492391,s352.874167
151_134,s-3.559659,s3.790624,s78.929621
151_135,s-0.766759,s4.890254,s249.746215
151_136,s-0.294598,s-4.841045,s149.263863
151_137,s-1.969752,s-4.758422,s143.794882
151_138,s-4.381645,s3.487289,s46.265183
151_139,s3.6284,s-3.794366,s69.325057
151_140,s-1.430746,s4.686466,s315.101227
151_141,s4.960701,s1.383455,s233.607032
151_142,s2.603502,s-4.501309,s241.388774
151_143,s1.087243,s-5.187283,s153.455227
151_144,s-5.067011,s1.168504,s273.564415
151_145,s-4.027343,s-3.209829,s97.458321
151_146,s-4.671143,s-2.709322,s128.431303
151_147,s4.792428,s-1.744315,s270.057346
151_148,s-3.338887,s4.180231,s16.404482
151_149,s3.012327,s4.360721,s349.97996
151_150,s4.497803,s-2.803528,s260.32087
152_0,s0.0,s0.0,s224.07799
152_1,s-0.148662,s0.371349,s324.138907
152_2,s-0.433521,s-0.120664,s43.560215
152_3,s0.190827,s-0.673487,s116.327727
152_4,s-0.913799,s-0.259751,s80.095038
152_5,s-0.447068,s0.663423,s97.607334
152_6,s-0.744268,s-0.590394,s194.56315
152_7,s-0.067394,s1.047835,s63.289603
152_8,s0.44541,s0.540009,s230.223708
152_9,s1.095233,s-0.350664,s121.948796
152_10,s0.734919,s-0.948627,s215.942255
152_11,s1.050575,s0.847816,s64.136372
152_12,s1.373843,s0.46374,s347.862517
152_13,s-1.245248,s-0.63981,s125.561183
152_14,s0.338793,s-1.306797,s194.028876
152_15,s-0.179821,s1.640172,s282.801172
152_16,s1.593643,s0.142487,s235.155091
152_17,s1.541295,s-0.929737,s310.83356
152_18,s-1.250661,s-1.151455,s199.265546
152_19,s0.914429,s1.373433,s12.198963
152_20,s-0.990518,s0.917264,s50.454835
152_21,s-1.575529,s0.490109,s161.451982
152_22,s-1.731787,s0.896333,s41.722179
152_23,s-0.4896,s-1.523251,s233.738856
152_24,s-0.59971,s1.855491,s332.670797
152_25,s2.195039,s0.14766,s276.378481
152_26,s-1.046984,s1.820391,s55.830495
152_27,s1.478226,s1.561201,s231.407036
152_28,s1.009852,s-1.784012,s287.529052
152_29,s-1.799898,s-1.265056,s121.541619
152_30,s-0.69012,s-2.088955,s218.237921
152_31,s0.424488,s-2.158659,s199.060667
152_32,s0.943868,s2.260888,s331.390383
152_33,s-1.284294,s-1.908033,s93.051652
152_34,s-2.436729,s1.041563,s178.101692
152_35,s1.524309,s-1.981535,s193.08367
152_36,s2.128314,s-1.213581,s173.42918
152_37,s2.21165,s1.36697,s351.856848
152_38,s-1.943709,s-0.471164,s76.317652
152_39,s-1.7889,s2.282507,s354.121861
152_40,s-1.783567,s1.605891,s35.245421
152_41,s2.363303,s0.957756,s214.713346
152_42,s-2.218369,s-0.915881,s115.824923
152_43,s-0.865964,s-2.715254,s242.256704
152_44,s-2.023115,s-2.215176,s153.40833
152_45,s1.539398,s2.157024,s334.41392
152_46,s-0.56078,s2.641122,s352.15862
152_47,s2.391934,s-0.883827,s342.58859
152_48,s0.539859,s2.798402,s102.03545
152_49,s3.14502,s0.590636,s36.746496
152_50,s2.864552,s-0.452045,s297.59072
152_51,s2.406737,s-1.790983,s273.36504
152_52,s1.057025,s-2.646733,s184.135559
152_53,s-2.394613,s1.635796,s356.642679
152_54,s-2.905277,s0.747906,s72.500196
152_55,s-1.029026,s-3.345311,s77.506439
152_56,s-1.077656,s2.311095,s6.634927
152_57,s2.682851,s1.650699,s294.589367
152_58,s-2.807388,s1.535765,s66.143347
152_59,s-2.910519,s-0.481016,s52.863442
152_60,s0.539087,s-3.30634,s246.659103
152_61,s3.046104,s-1.26935,s346.454119
152_62,s-2.508949,s-1.986246,s126.411505
152_63,s-2.93107,s-1.622137,s82.261795
152_64,s1.985035,s-2.445841,s275.447764
152_65,s1.200553,s3.340834,s100.302035
152_66,s-2.291591,s2.711294,s338.119892
152_67,s3.187388,s1.183451,s278.967592
152_68,s-1.447782,s3.131521,s10.710101
152_69,s-2.845785,s2.204883,s111.039982
152_70,s-3.328107,s0.382364,s87.537311
152_71,s2.227809,s2.226963,s330.431299
152_72,s-3.373023,s-2.055533,s83.431494
152_73,s3.579258,s-0.937503,s329.234523
152_74,s0.442226,s3.47195,s10.190142
152_75,s1.722208,s-3.331141,s137.944124
152_76,s-3.621853,s-0.452413,s186.833749
152_77,s1.977097,s3.068157,s345.225682
152_78,s-1.829454,s-3.042302,s93.900732
152_79,s3.253774,s-1.962895,s273.354185
152_80,s-0.325149,s3.786064,s131.920094
152_81,s-2.642866,s3.068837,s62.521798
152_82,s1.630583,s3.597735,s69.101863
152_83,s2.725321,s3.129716,s330.762874
152_84,s2.95204,s2.146616,s7.081862
152_85,s2.410285,s-2.872808,s153.463555
152_86,s3.471528,s2.181397,s335.572071
152_87,s-0.231783,s-3.29185,s231.091314
152_88,s2.879316,s-2.323691,s230.103259
152_89,s4.142602,s-0.247685,s338.630898
152_90,s-3.731807,s1.440005,s254.30311
152_91,s1.18635,s4.133107,s345.164607
152_92,s2.81654,s-2.979447,s229.20729
152_93,s2.077396,s-3.764894,s240.696507
152_94,s3.798107,s1.672389,s289.594995
152_95,s4.266966,s1.073779,s316.595207
152_96,s-0.576484,s4.311632,s139.266225
152_97,s-4.016726,s-1.04327,s38.835671
152_98,s-2.12813,s3.62092,s51.486677
152_99,s-1.605121,s-3.609167,s192.198402
152_100,s-2.057409,s-3.604105,s97.529507
152_101,s3.761321,s-1.501655,s322.282092
152_102,s-3.11213,s2.669204,s69.175553
152_103,s3.612748,s-2.92755,s264.083497
152_104,s0.498426,s-3.968825,s293.549509
152_105,s-0.944496,s-3.938328,s323.950988
152_106,s-3.905641,s2.02632,s347.918465
152_107,s-0.556445,s-4.213415,s160.216844
152_108,s2.546828,s3.709942,s354.774885
152_109,s1.068345,s-4.319854,s314.737555
152_110,s-4.401897,s0.652538,s141.517355
152_111,s-4.280539,s-2.280238,s210.497366
152_112,s-4.138004,s1.495634,s82.519476
152_113,s-3.417892,s-2.927117,s312.781521
152_114,s-2.909704,s-3.627137,s117.572004
152_115,s-4.641877,s-1.221873,s234.093079
152_116,s-2.427069,s-4.02484,s138.071358
152_117,s2.081235,s-4.269773,s189.529959
152_118,s3.980854,s-2.304951,s265.834882
152_119,s-2.96033,s3.714693,s115.258664
152_120,s-1.779767,s4.241748,s234.524682
152_121,s-1.286726,s-4.62432,s76.009566
152_122,s3.264641,s3.311287,s288.730364
152_123,s4.114851,s2.471437,s325.179175
152_124,s4.720079,s0.872271,s221.002385
152_125,s4.384339,s-1.391967,s299.380666
152_126,s1.752158,s4.090531,s286.453023
152_127,s-4.462163,s-1.768926,s154.229839
152_128,s0.734017,s4.541059,s318.775932
152_129,s-4.583828,s1.868428,s34.632312
152_130,s-2.338573,s4.305935,s39.713206
152_131,s1.88746,s4.684015,s270.206685
152_132,s1.262205,s-4.682877,s227.232629
152_133,s-4.334511,s2.492391,s352.874167
152_134,s-3.559659,s3.790624,s78.929621
152_135,s-0.766759,s4.890254,s249.746215
152_136,s-0.294598,s-4.841045,s149.263863
152_137,s-1.969752,s-4.758422,s143.794882
152_138,s-4.381645,s3.487289,s46.265183
152_139,s3.6284,s-3.794366,s69.325057
152_140,s-1.430746,s4.686466,s315.101227
152_141,s4.960701,s1.383455,s233.607032
152_142,s2.603502,s-4.501309,s241.388774
152_143,s1.087243,s-5.187283,s153.455227
152_144,s-5.067011,s1.168504,s273.564415
152_145,s-4.027343,s-3.209829,s97.458321
152_146,s-4.671143,s-2.709322,s128.431303
152_147,s4.792428,s-1.744315,s270.057346
152_148,s-3.338887,s4.180231,s16.404482
152_149,s3.012327,s4.360721,s349.97996
152_150,s4.497803,s-2.803528,s260.32087
152_151,s0.648022,s5.159464,s80.6762
153_0,s0.0,s0.0,s224.07799
153_1,s-0.148662,s0.371349,s324.138907
153_2,s-0.433521,s-0.120664,s43.560215
153_3,s0.190827,s-0.673487,s116.327727
153_4,s-0.913799,s-0.259751,s80.095038
153_5,s-0.447068,s0.663423,s97.607334
153_6,s-0.744268,s-0.590394,s194.56315
153_7,s-0.067394,s1.047835,s63.289603
153_8,s0.44541,s0.540009,s230.223708
153_9,s1.095233,s-0.350664,s121.948796
153_10,s0.734919,s-0.948627,s215.942255
153_11,s1.050575,s0.847816,s64.136372
153_12,s1.373843,s0.46374,s347.862517
153_13,s-1.245248,s-0.63981,s125.561183
153_14,s0.338793,s-1.306797,s194.028876
153_15,s-0.179821,s1.640172,s282.801172
153_16,s1.593643,s0.142487,s235.155091
153_17,s1.541295,s-0.929737,s310.83356
153_18,s-1.250661,s-1.151455,s199.265546
153_19,s0.914429,s1.373433,s12.198963
153_20,s-0.990518,s0.917264,s50.454835
153_21,s-1.575529,s0.490109,s161.451982
153_22,s-1.731787,s0.896333,s41.722179
153_23,s-0.4896,s-1.523251,s233.738856
153_24,s-0.59971,s1.855491,s332.670797
153_25,s2.195039,s0.14766,s276.378481
153_26,s-1.046984,s1.820391,s55.830495
153_27,s1.478226,s1.561201,s231.407036
153_28,s1.009852,s-1.784012,s287.529052
153_29,s-1.799898,s-1.265056,s121.541619
153_30,s-0.69012,s-2.088955,s218.237921
153_31,s0.424488,s-2.158659,s199.060667
153_32,s0.943868,s2.260888,s331.390383
153_33,s-1.284294,s-1.908033,s93.051652
153_34,s-2.436729,s1.041563,s178.101692
153_35,s1.524309,s-1.981535,s193.08367
153_36,s2.128314,s-1.213581,s173.42918
153_37,s2.21165,s1.36697,s351.856848
153_38,s-1.943709,s-0.471164,s76.317652
153_39,s-1.7889,s2.282507,s354.121861
153_40,s-1.783567,s1.605891,s35.245421
153_41,s2.363303,s0.957756,s214.713346
153_42,s-2.218369,s-0.915881,s115.824923
153_43,s-0.865964,s-2.715254,s242.256704
153_44,s-2.023115,s-2.215176,s153.40833
153_45,s1.539398,s2.157024,s334.41392
153_46,s-0.56078,s2.641122,s352.15862
153_47,s2.391934,s-0.883827,s342.58859
153_48,s0.539859,s2.798402,s102.03545
153_49,s3.14502,s0.590636,s36.746496
153_50,s2.864552,s-0.452045,s297.59072
153_51,s2.406737,s-1.790983,s273.36504
153_52,s1.057025,s-2.646733,s184.135559
153_53,s-2.394613,s1.635796,s356.642679
153_54,s-2.905277,s0.747906,s72.500196
153_55,s-1.029026,s-3.345311,s77.506439
153_56,s-1.077656,s2.311095,s6.634927
153_57,s2.682851,s1.650699,s294.589367
153_58,s-2.807388,s1.535765,s66.143347
153_59,s-2.910519,s-0.481016,s52.863442
153_60,s0.539087,s-3.30634,s246.659103
153_61,s3.046104,s-1.26935,s346.454119
153_62,s-2.508949,s-1.986246,s126.411505
153_63,s-2.93107,s-1.622137,s82.261795
153_64,s1.985035,s-2.445841,s275.447764
153_65,s1.200553,s3.340834,s100.302035
153_66,s-2.291591,s2.711294,s338.119892
153_67,s3.187388,s1.183451,s278.967592
153_68,s-1.447782,s3.131521,s10.710101
153_69,s-2.845785,s2.204883,s111.039982
153_70,s-3.328107,s0.382364,s87.537311
153_71,s2.227809,s2.226963,s330.431299
153_72,s-3.373023,s-2.055533,s83.431494
153_73,s3.579258,s-0.937503,s329.234523
153_74,s0.442226,s3.47195,s10.190142
153_75,s1.722208,s-3.331141,s137.944124
153_76,s-3.621853,s-0.452413,s186.833749
153_77,s1.977097,s3.068157,s345.225682
153_78,s-1.829454,s-3.042302,s93.900732
153_79,s3.253774,s-1.962895,s273.354185
153_80,s-0.325149,s3.786064,s131.920094
153_81,s-2.642866,s3.068837,s62.521798
153_82,s1.630583,s3.597735,s69.101863
153_83,s2.725321,s3.129716,s330.762874
153_84,s2.95204,s2.146616,s7.081862
153_85,s2.410285,s-2.872808,s153.463555
153_86,s3.471528,s2.181397,s335.572071
153_87,s-0.231783,s-3.29185,s231.091314
153_88,s2.879316,s-2.323691,s230.103259
153_89,s4.142602,s-0.247685,s338.630898
153_90,s-3.731807,s1.440005,s254.30311
153_91,s1.18635,s4.133107,s345.164607
153_92,s2.81654,s-2.979447,s229.20729
153_93,s2.077396,s-3.764894,s240.696507
153_94,s3.798107,s1.672389,s289.594995
153_95,s4.266966,s1.073779,s316.595207
153_96,s-0.576484,s4.311632,s139.266225
153_97,s-4.016726,s-1.04327,s38.835671
153_98,s-2.12813,s3.62092,s51.486677
153_99,s-1.605121,s-3.609167,s192.198402
153_100,s-2.057409,s-3.604105,s97.529507
153_101,s3.761321,s-1.501655,s322.282092
153_102,s-3.11213,s2.669204,s69.175553
153_103,s3.612748,s-2.92755,s264.083497
153_104,s0.498426,s-3.968825,s293.549509
153_105,s-0.944496,s-3.938328,s323.950988
153_106,s-3.905641,s2.02632,s347.918465
153_107,s-0.556445,s-4.213415,s160.216844
153_108,s2.546828,s3.709942,s354.774885
153_109,s1.068345,s-4.319854,s314.737555
153_110,s-4.401897,s0.652538,s141.517355
153_111,s-4.280539,s-2.280238,s210.497366
153_112,s-4.138004,s1.495634,s82.519476
153_113,s-3.417892,s-2.927117,s312.781521
153_114,s-2.909704,s-3.627137,s117.572004
153_115,s-4.641877,s-1.221873,s234.093079
153_116,s-2.427069,s-4.02484,s138.071358
153_117,s2.081235,s-4.269773,s189.529959
153_118,s3.980854,s-2.304951,s265.834882
153_119,s-2.96033,s3.714693,s115.258664
153_120,s-1.779767,s4.241748,s234.524682
153_121,s-1.286726,s-4.62432,s76.009566
153_122,s3.264641,s3.311287,s288.730364
153_123,s4.114851,s2.471437,s325.179175
153_124,s4.720079,s0.872271,s221.002385
153_125,s4.384339,s-1.391967,s299.380666
153_126,s1.752158,s4.090531,s286.453023
153_127,s-4.462163,s-1.768926,s154.229839
153_128,s0.734017,s4.541059,s318.775932
153_129,s-4.583828,s1.868428,s34.632312
153_130,s-2.338573,s4.305935,s39.713206
153_131,s1.88746,s4.684015,s270.206685
153_132,s1.262205,s-4.682877,s227.232629
153_133,s-4.334511,s2.492391,s352.874167
153_134,s-3.559659,s3.790624,s78.929621
153_135,s-0.766759,s4.890254,s249.746215
153_136,s-0.294598,s-4.841045,s149.263863
153_137,s-1.969752,s-4.758422,s143.794882
153_138,s-4.381645,s3.487289,s46.265183
153_139,s3.6284,s-3.794366,s69.325057
153_140,s-1.430746,s4.686466,s315.101227
153_141,s4.960701,s1.383455,s233.607032
153_142,s2.603502,s-4.501309,s241.388774
153_143,s1.087243,s-5.187283,s153.455227
153_144,s-5.067011,s1.168504,s273.564415
153_145,s-4.027343,s-3.209829,s97.458321
153_146,s-4.671143,s-2.709322,s128.431303
153_147,s4.792428,s-1.744315,s270.057346
153_148,s-3.338887,s4.180231,s16.404482
153_149,s3.012327,s4.360721,s349.97996
153_150,s4.497803,s-2.803528,s260.32087
153_151,s0.648022,s5.159464,s80.6762
153_152,s5.33706,s-1.103761,s8.069186
154_0,s0.0,s0.0,s224.07799
154_1,s-0.148662,s0.371349,s324.138907
154_2,s-0.433521,s-0.120664,s43.560215
154_3,s0.190827,s-0.673487,s116.327727
154_4,s-0.913799,s-0.259751,s80.095038
154_5,s-0.447068,s0.663423,s97.607334
154_6,s-0.744268,s-0.590394,s194.56315
154_7,s-0.067394,s1.047835,s63.289603
154_8,s0.44541,s0.540009,s230.223708
154_9,s1.095233,s-0.350664,s121.948796
154_10,s0.734919,s-0.948627,s215.942255
154_11,s1.050575,s0.847816,s64.136372
154_12,s1.373843,s0.46374,s347.862517
154_13,s-1.245248,s-0.63981,s125.561183
154_14,s0.338793,s-1.306797,s194.028876
154_15,s-0.179821,s1.640172,s282.801172
154_16,s1.593643,s0.142487,s235.155091
154_17,s1.541295,s-0.929737,s310.83356
154_18,s-1.250661,s-1.151455,s199.265546
154_19,s0.914429,s1.373433,s12.198963
154_20,s-0.990518,s0.917264,s50.454835
154_21,s-1.575529,s0.490109,s161.451982
154_22,s-1.731787,s0.896333,s41.722179
154_23,s-0.4896,s-1.523251,s233.738856
154_24,s-0.59971,s1.855491,s332.670797
154_25,s2.195039,s0.14766,s276.378481
154_26,s-1.046984,s1.820391,s55.830495
154_27,s1.478226,s1.561201,s231.407036
154_28,s1.009852,s-1.784012,s287.529052
154_29,s-1.799898,s-1.265056,s121.541619
154_30,s-0.69012,s-2.088955,s218.237921
154_31,s0.424488,s-2.158659,s199.060667
154_32,s0.943868,s2.260888,s331.390383
154_33,s-1.284294,s-1.908033,s93.051652
154_34,s-2.436729,s1.041563,s178.101692
154_35,s1.524309,s-1.981535,s193.08367
154_36,s2.128314,s-1.213581,s173.42918
154_37,s2.21165,s1.36697,s351.856848
154_38,s-1.943709,s-0.471164,s76.317652
154_39,s-1.7889,s2.282507,s354.121861
154_40,s-1.783567,s1.605891,s35.245421
154_41,s2.363303,s0.957756,s214.713346
154_42,s-2.218369,s-0.915881,s115.824923
154_43,s-0.865964,s-2.715254,s242.256704
154_44,s-2.023115,s-2.215176,s153.40833
154_45,s1.539398,s2.157024,s334.41392
154_46,s-0.56078,s2.641122,s352.15862
154_47,s2.391934,s-0.883827,s342.58859
154_48,s0.539859,s2.798402,s102.03545
154_49,s3.14502,s0.590636,s36.746496
154_50,s2.864552,s-0.452045,s297.59072
154_51,s2.406737,s-1.790983,s273.36504
154_52,s1.057025,s-2.646733,s184.135559
154_53,s-2.394613,s1.635796,s356.642679
154_54,s-2.905277,s0.747906,s72.500196
154_55,s-1.029026,s-3.345311,s77.506439
154_56,s-1.077656,s2.311095,s6.634927
154_57,s2.682851,s1.650699,s294.589367
154_58,s-2.807388,s1.535765,s66.143347
154_59,s-2.910519,s-0.481016,s52.863442
154_60,s0.539087,s-3.30634,s246.659103
154_61,s3.046104,s-1.26935,s346.454119
154_62,s-2.508949,s-1.986246,s126.411505
154_63,s-2.93107,s-1.622137,s82.261795
154_64,s1.985035,s-2.445841,s275.447764
154_65,s1.200553,s3.340834,s100.302035
154_66,s-2.291591,s2.711294,s338.119892
154_67,s3.187388,s1.183451,s278.967592
154_68,s-1.447782,s3.131521,s10.710101
154_69,s-2.845785,s2.204883,s111.039982
154_70,s-3.328107,s0.382364,s87.537311
154_71,s2.227809,s2.226963,s330.431299
154_72,s-3.373023,s-2.055533,s83.431494
154_73,s3.579258,s-0.937503,s329.234523
154_74,s0.442226,s3.47195,s10.190142
154_75,s1.722208,s-3.331141,s137.944124
154_76,s-3.621853,s-0.452413,s186.833749
154_77,s1.977097,s3.068157,s345.225682
154_78,s-1.829454,s-3.042302,s93.900732
154_79,s3.253774,s-1.962895,s273.354185
154_80,s-0.325149,s3.786064,s131.920094
154_81,s-2.642866,s3.068837,s62.521798
154_82,s1.630583,s3.597735,s69.101863
154_83,s2.725321,s3.129716,s330.762874
154_84,s2.95204,s2.146616,s7.081862
154_85,s2.410285,s-2.872808,s153.463555
154_86,s3.471528,s2.181397,s335.572071
154_87,s-0.231783,s-3.29185,s231.091314
154_88,s2.879316,s-2.323691,s230.103259
154_89,s4.142602,s-0.247685,s338.630898
154_90,s-3.731807,s1.440005,s254.30311
154_91,s1.18635,s4.133107,s345.164607
154_92,s2.81654,s-2.979447,s229.20729
154_93,s2.077396,s-3.764894,s240.696507
154_94,s3.798107,s1.672389,s289.594995
154_95,s4.266966,s1.073779,s316.595207
154_96,s-0.576484,s4.311632,s139.266225
154_97,s-4.016726,s-1.04327,s38.835671
154_98,s-2.12813,s3.62092,s51.486677
154_99,s-1.605121,s-3.609167,s192.198402
154_100,s-2.057409,s-3.604105,s97.529507
154_101,s3.761321,s-1.501655,s322.282092
154_102,s-3.11213,s2.669204,s69.175553
154_103,s3.612748,s-2.92755,s264.083497
154_104,s0.498426,s-3.968825,s293.549509
154_105,s-0.944496,s-3.938328,s323.950988
154_106,s-3.905641,s2.02632,s347.918465
154_107,s-0.556445,s-4.213415,s160.216844
154_108,s2.546828,s3.709942,s354.774885
154_109,s1.068345,s-4.319854,s314.737555
154_110,s-4.401897,s0.652538,s141.517355
154_111,s-4.280539,s-2.280238,s210.497366
154_112,s-4.138004,s1.495634,s82.519476
154_113,s-3.417892,s-2.927117,s312.781521
154_114,s-2.909704,s-3.627137,s117.572004
154_115,s-4.641877,s-1.221873,s234.093079
154_116,s-2.427069,s-4.02484,s138.071358
154_117,s2.081235,s-4.269773,s189.529959
154_118,s3.980854,s-2.304951,s265.834882
154_119,s-2.96033,s3.714693,s115.258664
154_120,s-1.779767,s4.241748,s234.524682
154_121,s-1.286726,s-4.62432,s76.009566
154_122,s3.264641,s3.311287,s288.730364
154_123,s4.114851,s2.471437,s325.179175
154_124,s4.720079,s0.872271,s221.002385
154_125,s4.384339,s-1.391967,s299.380666
154_126,s1.752158,s4.090531,s286.453023
154_127,s-4.462163,s-1.768926,s154.229839
154_128,s0.734017,s4.541059,s318.775932
154_129,s-4.583828,s1.868428,s34.632312
154_130,s-2.338573,s4.305935,s39.713206
154_131,s1.88746,s4.684015,s270.206685
154_132,s1.262205,s-4.682877,s227.232629
154_133,s-4.334511,s2.492391,s352.874167
154_134,s-3.559659,s3.790624,s78.929621
154_135,s-0.766759,s4.890254,s249.746215
154_136,s-0.294598,s-4.841045,s149.263863
154_137,s-1.969752,s-4.758422,s143.794882
154_138,s-4.381645,s3.487289,s46.265183
154_139,s3.6284,s-3.794366,s69.325057
154_140,s-1.430746,s4.686466,s315.101227
154_141,s4.960701,s1.383455,s233.607032
154_142,s2.603502,s-4.501309,s241.388774
154_143,s1.087243,s-5.187283,s153.455227
154_144,s-5.067011,s1.168504,s273.564415
154_145,s-4.027343,s-3.209829,s97.458321
154_146,s-4.671143,s-2.709322,s128.431303
154_147,s4.792428,s-1.744315,s270.057346
154_148,s-3.338887,s4.180231,s16.404482
154_149,s3.012327,s4.360721,s349.97996
154_150,s4.497803,s-2.803528,s260.32087
154_151,s0.648022,s5.159464,s80.6762
154_152,s5.33706,s-1.103761,s8.069186
154_153,s1.294107,s5.242641,s288.174642
155_0,s0.0,s0.0,s224.07799
155_1,s-0.148662,s0.371349,s324.138907
155_2,s-0.433521,s-0.120664,s43.560215
155_3,s0.190827,s-0.673487,s116.327727
155_4,s-0.913799,s-0.259751,s80.095038
155_5,s-0.447068,s0.663423,s97.607334
155_6,s-0.744268,s-0.590394,s194.56315
155_7,s-0.067394,s1.047835,s63.289603
155_8,s0.44541,s0.540009,s230.223708
155_9,s1.095233,s-0.350664,s121.948796
155_10,s0.734919,s-0.948627,s215.942255
155_11,s1.050575,s0.847816,s64.136372
155_12,s1.373843,s0.46374,s347.862517
155_13,s-1.245248,s-0.63981,s125.561183
155_14,s0.338793,s-1.306797,s194.028876
155_15,s-0.179821,s1.640172,s282.801172
155_16,s1.593643,s0.142487,s235.155091
155_17,s1.541295,s-0.929737,s310.83356
155_18,s-1.250661,s-1.151455,s199.265546
155_19,s0.914429,s1.373433,s12.198963
155_20,s-0.990518,s0.917264,s50.454835
155_21,s-1.575529,s0.490109,s161.451982
155_22,s-1.731787,s0.896333,s41.722179
155_23,s-0.4896,s-1.523251,s233.738856
155_24,s-0.59971,s1.855491,s332.670797
155_25,s2.195039,s0.14766,s276.378481
155_26,s-1.046984,s1.820391,s55.830495
155_27,s1.478226,s1.561201,s231.407036
155_28,s1.009852,s-1.784012,s287.529052
155_29,s-1.799898,s-1.265056,s121.541619
155_30,s-0.69012,s-2.088955,s218.237921
155_31,s0.424488,s-2.158659,s199.060667
155_32,s0.943868,s2.260888,s331.390383
155_33,s-1.284294,s-1.908033,s93.051652
155_34,s-2.436729,s1.041563,s178.101692
155_35,s1.524309,s-1.981535,s193.08367
155_36,s2.128314,s-1.213581,s173.42918
155_37,s2.21165,s1.36697,s351.856848
155_38,s-1.943709,s-0.471164,s76.317652
155_39,s-1.7889,s2.282507,s354.121861
155_40,s-1.783567,s1.605891,s35.245421
155_41,s2.363303,s0.957756,s214.713346
155_42,s-2.218369,s-0.915881,s115.824923
155_43,s-0.865964,s-2.715254,s242.256704
155_44,s-2.023115,s-2.215176,s153.40833
155_45,s1.539398,s2.157024,s334.41392
155_46,s-0.56078,s2.641122,s352.15862
155_47,s2.391934,s-0.883827,s342.58859
155_48,s0.539859,s2.798402,s102.03545
155_49,s3.14502,s0.590636,s36.746496
155_50,s2.864552,s-0.452045,s297.59072
155_51,s2.406737,s-1.790983,s273.36504
155_52,s1.057025,s-2.646733,s184.135559
155_53,s-2.394613,s1.635796,s356.642679
155_54,s-2.905277,s0.747906,s72.500196
155_55,s-1.029026,s-3.345311,s77.506439
155_56,s-1.077656,s2.311095,s6.634927
155_57,s2.682851,s1.650699,s294.589367
155_58,s-2.807388,s1.535765,s66.143347
155_59,s-2.910519,s-0.481016,s52.863442
155_60,s0.539087,s-3.30634,s246.659103
155_61,s3.046104,s-1.26935,s346.454119
155_62,s-2.508949,s-1.986246,s126.411505
155_63,s-2.93107,s-1.622137,s82.261795
155_64,s1.985035,s-2.445841,s275.447764
155_65,s1.200553,s3.340834,s100.302035
155_66,s-2.291591,s2.711294,s338.119892
155_67,s3.187388,s1.183451,s278.967592
155_68,s-1.447782,s3.131521,s10.710101
155_69,s-2.845785,s2.204883,s111.039982
155_70,s-3.328107,s0.382364,s87.537311
155_71,s2.227809,s2.226963,s330.431299
155_72,s-3.373023,s-2.055533,s83.431494
155_73,s3.579258,s-0.937503,s329.234523
155_74,s0.442226,s3.47195,s10.190142
155_75,s1.722208,s-3.331141,s137.944124
155_76,s-3.621853,s-0.452413,s186.833749
155_77,s1.977097,s3.068157,s345.225682
155_78,s-1.829454,s-3.042302,s93.900732
155_79,s3.253774,s-1.962895,s273.354185
155_80,s-0.325149,s3.786064,s131.920094
155_81,s-2.642866,s3.068837,s62.521798
155_82,s1.630583,s3.597735,s69.101863
155_83,s2.725321,s3.129716,s330.762874
155_84,s2.95204,s2.146616,s7.081862
155_85,s2.410285,s-2.872808,s153.463555
155_86,s3.471528,s2.181397,s335.572071
155_87,s-0.231783,s-3.29185,s231.091314
155_88,s2.879316,s-2.323691,s230.103259
155_89,s4.142602,s-0.247685,s338.630898
155_90,s-3.731807,s1.440005,s254.30311
155_91,s1.18635,s4.133107,s345.164607
155_92,s2.81654,s-2.979447,s229.20729
155_93,s2.077396,s-3.764894,s240.696507
155_94,s3.798107,s1.672389,s289.594995
155_95,s4.266966,s1.073779,s316.595207
155_96,s-0.576484,s4.311632,s139.266225
155_97,s-4.016726,s-1.04327,s38.835671
155_98,s-2.12813,s3.62092,s51.486677
155_99,s-1.605121,s-3.609167,s192.198402
155_100,s-2.057409,s-3.604105,s97.529507
155_101,s3.761321,s-1.501655,s322.282092
155_102,s-3.11213,s2.669204,s69.175553
155_103,s3.612748,s-2.92755,s264.083497
155_104,s0.498426,s-3.968825,s293.549509
155_105,s-0.944496,s-3.938328,s323.950988
155_106,s-3.905641,s2.02632,s347.918465
155_107,s-0.556445,s-4.213415,s160.216844
155_108,s2.546828,s3.709942,s354.774885
155_109,s1.068345,s-4.319854,s314.737555
155_110,s-4.401897,s0.652538,s141.517355
155_111,s-4.280539,s-2.280238,s210.497366
155_112,s-4.138004,s1.495634,s82.519476
155_113,s-3.417892,s-2.927117,s312.781521
155_114,s-2.909704,s-3.627137,s117.572004
155_115,s-4.641877,s-1.221873,s234.093079
155_116,s-2.427069,s-4.02484,s138.071358
155_117,s2.081235,s-4.269773,s189.529959
155_118,s3.980854,s-2.304951,s265.834882
155_119,s-2.96033,s3.714693,s115.258664
155_120,s-1.779767,s4.241748,s234.524682
155_121,s-1.286726,s-4.62432,s76.009566
155_122,s3.264641,s3.311287,s288.730364
155_123,s4.114851,s2.471437,s325.179175
155_124,s4.720079,s0.872271,s221.002385
155_125,s4.384339,s-1.391967,s299.380666
155_126,s1.752158,s4.090531,s286.453023
155_127,s-4.462163,s-1.768926,s154.229839
155_128,s0.734017,s4.541059,s318.775932
155_129,s-4.583828,s1.868428,s34.632312
155_130,s-2.338573,s4.305935,s39.713206
155_131,s1.88746,s4.684015,s270.206685
155_132,s1.262205,s-4.682877,s227.232629
155_133,s-4.334511,s2.492391,s352.874167
155_134,s-3.559659,s3.790624,s78.929621
155_135,s-0.766759,s4.890254,s249.746215
155_136,s-0.294598,s-4.841045,s149.263863
155_137,s-1.969752,s-4.758422,s143.794882
155_138,s-4.381645,s3.487289,s46.265183
155_139,s3.6284,s-3.794366,s69.325057
155_140,s-1.430746,s4.686466,s315.101227
155_141,s4.960701,s1.383455,s233.607032
155_142,s2.603502,s-4.501309,s241.388774
155_143,s1.087243,s-5.187283,s153.455227
155_144,s-5.067011,s1.168504,s273.564415
155_145,s-4.027343,s-3.209829,s97.458321
155_146,s-4.671143,s-2.709322,s128.431303
155_147,s4.792428,s-1.744315,s270.057346
155_148,s-3.338887,s4.180231,s16.404482
155_149,s3.012327,s4.360721,s349.97996
155_150,s4.497803,s-2.803528,s260.32087
155_151,s0.648022,s5.159464,s80.6762
155_152,s5.33706,s-1.103761,s8.069186
155_153,s1.294107,s5.242641,s288.174642
155_154,s-5.188682,s0.342899,s160.028066
156_0,s0.0,s0.0,s224.07799
156_1,s-0.148662,s0.371349,s324.138907
156_2,s-0.433521,s-0.120664,s43.560215
156_3,s0.190827,s-0.673487,s116.327727
156_4,s-0.913799,s-0.259751,s80.095038
156_5,s-0.447068,s0.663423,s97.607334
156_6,s-0.744268,s-0.590394,s194.56315
156_7,s-0.067394,s1.047835,s63.289603
156_8,s0.44541,s0.540009,s230.223708
156_9,s1.095233,s-0.350664,s121.948796
156_10,s0.734919,s-0.948627,s215.942255
156_11,s1.050575,s0.847816,s64.136372
156_12,s1.373843,s0.46374,s347.862517
156_13,s-1.245248,s-0.63981,s125.561183
156_14,s0.338793,s-1.306797,s194.028876
156_15,s-0.179821,s1.640172,s282.801172
156_16,s1.593643,s0.142487,s235.155091
156_17,s1.541295,s-0.929737,s310.83356
156_18,s-1.250661,s-1.151455,s199.265546
156_19,s0.914429,s1.373433,s12.198963
156_20,s-0.990518,s0.917264,s50.454835
156_21,s-1.575529,s0.490109,s161.451982
156_22,s-1.731787,s0.896333,s41.722179
156_23,s-0.4896,s-1.523251,s233.738856
156_24,s-0.59971,s1.855491,s332.670797
156_25,s2.195039,s0.14766,s276.378481
156_26,s-1.046984,s1.820391,s55.830495
156_27,s1.478226,s1.561201,s231.407036
156_28,s1.009852,s-1.784012,s287.529052
156_29,s-1.799898,s-1.265056,s121.541619
156_30,s-0.69012,s-2.088955,s218.237921
156_31,s0.424488,s-2.158659,s199.060667
156_32,s0.943868,s2.260888,s331.390383
156_33,s-1.284294,s-1.908033,s93.051652
156_34,s-2.436729,s1.041563,s178.101692
156_35,s1.524309,s-1.981535,s193.08367
156_36,s2.128314,s-1.213581,s173.42918
156_37,s2.21165,s1.36697,s351.856848
156_38,s-1.943709,s-0.471164,s76.317652
156_39,s-1.7889,s2.282507,s354.121861
156_40,s-1.783567,s1.605891,s35.245421
156_41,s2.363303,s0.957756,s214.713346
156_42,s-2.218369,s-0.915881,s115.824923
156_43,s-0.865964,s-2.715254,s242.256704
156_44,s-2.023115,s-2.215176,s153.40833
156_45,s1.539398,s2.157024,s334.41392
156_46,s-0.56078,s2.641122,s352.15862
156_47,s2.391934,s-0.883827,s342.58859
156_48,s0.539859,s2.798402,s102.03545
156_49,s3.14502,s0.590636,s36.746496
156_50,s2.864552,s-0.452045,s297.59072
156_51,s2.406737,s-1.790983,s273.36504
156_52,s1.057025,s-2.646733,s184.135559
156_53,s-2.394613,s1.635796,s356.642679
156_54,s-2.905277,s0.747906,s72.500196
156_55,s-1.029026,s-3.345311,s77.506439
156_56,s-1.077656,s2.311095,s6.634927
156_57,s2.682851,s1.650699,s294.589367
156_58,s-2.807388,s1.535765,s66.143347
156_59,s-2.910519,s-0.481016,s52.863442
156_60,s0.539087,s-3.30634,s246.659103
156_61,s3.046104,s-1.26935,s346.454119
156_62,s-2.508949,s-1.986246,s126.411505
156_63,s-2.93107,s-1.622137,s82.261795
156_64,s1.985035,s-2.445841,s275.447764
156_65,s1.200553,s3.340834,s100.302035
156_66,s-2.291591,s2.711294,s338.119892
156_67,s3.187388,s1.183451,s278.967592
156_68,s-1.447782,s3.131521,s10.710101
156_69,s-2.845785,s2.204883,s111.039982
156_70,s-3.328107,s0.382364,s87.537311
156_71,s2.227809,s2.226963,s330.431299
156_72,s-3.373023,s-2.055533,s83.431494
156_73,s3.579258,s-0.937503,s329.234523
156_74,s0.442226,s3.47195,s10.190142
156_75,s1.722208,s-3.331141,s137.944124
156_76,s-3.621853,s-0.452413,s186.833749
156_77,s1.977097,s3.068157,s345.225682
156_78,s-1.829454,s-3.042302,s93.900732
156_79,s3.253774,s-1.962895,s273.354185
156_80,s-0.325149,s3.786064,s131.920094
156_81,s-2.642866,s3.068837,s62.521798
156_82,s1.630583,s3.597735,s69.101863
156_83,s2.725321,s3.129716,s330.762874
156_84,s2.95204,s2.146616,s7.081862
156_85,s2.410285,s-2.872808,s153.463555
156_86,s3.471528,s2.181397,s335.572071
156_87,s-0.231783,s-3.29185,s231.091314
156_88,s2.879316,s-2.323691,s230.103259
156_89,s4.142602,s-0.247685,s338.630898
156_90,s-3.731807,s1.440005,s254.30311
156_91,s1.18635,s4.133107,s345.164607
156_92,s2.81654,s-2.979447,s229.20729
156_93,s2.077396,s-3.764894,s240.696507
156_94,s3.798107,s1.672389,s289.594995
156_95,s4.266966,s1.073779,s316.595207
156_96,s-0.576484,s4.311632,s139.266225
156_97,s-4.016726,s-1.04327,s38.835671
156_98,s-2.12813,s3.62092,s51.486677
156_99,s-1.605121,s-3.609167,s192.198402
156_100,s-2.057409,s-3.604105,s97.529507
156_101,s3.761321,s-1.501655,s322.282092
156_102,s-3.11213,s2.669204,s69.175553
156_103,s3.612748,s-2.92755,s264.083497
156_104,s0.498426,s-3.968825,s293.549509
156_105,s-0.944496,s-3.938328,s323.950988
156_106,s-3.905641,s2.02632,s347.918465
156_107,s-0.556445,s-4.213415,s160.216844
156_108,s2.546828,s3.709942,s354.774885
156_109,s1.068345,s-4.319854,s314.737555
156_110,s-4.401897,s0.652538,s141.517355
156_111,s-4.280539,s-2.280238,s210.497366
156_112,s-4.138004,s1.495634,s82.519476
156_113,s-3.417892,s-2.927117,s312.781521
156_114,s-2.909704,s-3.627137,s117.572004
156_115,s-4.641877,s-1.221873,s234.093079
156_116,s-2.427069,s-4.02484,s138.071358
156_117,s2.081235,s-4.269773,s189.529959
156_118,s3.980854,s-2.304951,s265.834882
156_119,s-2.96033,s3.714693,s115.258664
156_120,s-1.779767,s4.241748,s234.524682
156_121,s-1.286726,s-4.62432,s76.009566
156_122,s3.264641,s3.311287,s288.730364
156_123,s4.114851,s2.471437,s325.179175
156_124,s4.720079,s0.872271,s221.002385
156_125,s4.384339,s-1.391967,s299.380666
156_126,s1.752158,s4.090531,s286.453023
156_127,s-4.462163,s-1.768926,s154.229839
156_128,s0.734017,s4.541059,s318.775932
156_129,s-4.583828,s1.868428,s34.632312
156_130,s-2.338573,s4.305935,s39.713206
156_131,s1.88746,s4.684015,s270.206685
156_132,s1.262205,s-4.682877,s227.232629
156_133,s-4.334511,s2.492391,s352.874167
156_134,s-3.559659,s3.790624,s78.929621
156_135,s-0.766759,s4.890254,s249.746215
156_136,s-0.294598,s-4.841045,s149.263863
156_137,s-1.969752,s-4.758422,s143.794882
156_138,s-4.381645,s3.487289,s46.265183
156_139,s3.6284,s-3.794366,s69.325057
156_140,s-1.430746,s4.686466,s315.101227
156_141,s4.960701,s1.383455,s233.607032
156_142,s2.603502,s-4.501309,s241.388774
156_143,s1.087243,s-5.187283,s153.455227
156_144,s-5.067011,s1.168504,s273.564415
156_145,s-4.027343,s-3.209829,s97.458321
156_146,s-4.671143,s-2.709322,s128.431303
156_147,s4.792428,s-1.744315,s270.057346
156_148,s-3.338887,s4.180231,s16.404482
156_149,s3.012327,s4.360721,s349.97996
156_150,s4.497803,s-2.803528,s260.32087
156_151,s0.648022,s5.159464,s80.6762
156_152,s5.33706,s-1.103761,s8.069186
156_153,s1.294107,s5.242641,s288.174642
156_154,s-5.188682,s0.342899,s160.028066
156_155,s4.078141,s-3.46284,s295.524053
157_0,s0.0,s0.0,s224.07799
157_1,s-0.148662,s0.371349,s324.138907
157_2,s-0.433521,s-0.120664,s43.560215
157_3,s0.190827,s-0.673487,s116.327727
157_4,s-0.913799,s-0.259751,s80.095038
157_5,s-0.447068,s0.663423,s97.607334
157_6,s-0.744268,s-0.590394,s194.56315
157_7,s-0.067394,s1.047835,s63.289603
157_8,s0.44541,s0.540009,s230.223708
157_9,s1.095233,s-0.350664,s121.948796
157_10,s0.734919,s-0.948627,s215.942255
157_11,s1.050575,s0.847816,s64.136372
157_12,s1.373843,s0.46374,s347.862517
157_13,s-1.245248,s-0.63981,s125.561183
157_14,s0.338793,s-1.306797,s194.028876
157_15,s-0.179821,s1.640172,s282.801172
157_16,s1.593643,s0.142487,s235.155091
157_17,s1.541295,s-0.929737,s310.83356
157_18,s-1.250661,s-1.151455,s199.265546
157_19,s0.914429,s1.373433,s12.198963
157_20,s-0.990518,s0.917264,s50.454835
157_21,s-1.575529,s0.490109,s161.451982
157_22,s-1.731787,s0.896333,s41.722179
157_23,s-0.4896,s-1.523251,s233.738856
157_24,s-0.59971,s1.855491,s332.670797
157_25,s2.195039,s0.14766,s276.378481
157_26,s-1.046984,s1.820391,s55.830495
157_27,s1.478226,s1.561201,s231.407036
157_28,s1.009852,s-1.784012,s287.529052
157_29,s-1.799898,s-1.265056,s121.541619
157_30,s-0.69012,s-2.088955,s218.237921
157_31,s0.424488,s-2.158659,s199.060667
157_32,s0.943868,s2.260888,s331.390383
157_33,s-1.284294,s-1.908033,s93.051652
157_34,s-2.436729,s1.041563,s178.101692
157_35,s1.524309,s-1.981535,s193.08367
157_36,s2.128314,s-1.213581,s173.42918
157_37,s2.21165,s1.36697,s351.856848
157_38,s-1.943709,s-0.471164,s76.317652
157_39,s-1.7889,s2.282507,s354.121861
157_40,s-1.783567,s1.605891,s35.245421
157_41,s2.363303,s0.957756,s214.713346
157_42,s-2.218369,s-0.915881,s115.824923
157_43,s-0.865964,s-2.715254,s242.256704
157_44,s-2.023115,s-2.215176,s153.40833
157_45,s1.539398,s2.157024,s334.41392
157_46,s-0.56078,s2.641122,s352.15862
157_47,s2.391934,s-0.883827,s342.58859
157_48,s0.539859,s2.798402,s102.03545
157_49,s3.14502,s0.590636,s36.746496
157_50,s2.864552,s-0.452045,s297.59072
157_51,s2.406737,s-1.790983,s273.36504
157_52,s1.057025,s-2.646733,s184.135559
157_53,s-2.394613,s1.635796,s356.642679
157_54,s-2.905277,s0.747906,s72.500196
157_55,s-1.029026,s-3.345311,s77.506439
157_56,s-1.077656,s2.311095,s6.634927
157_57,s2.682851,s1.650699,s294.589367
157_58,s-2.807388,s1.535765,s66.143347
157_59,s-2.910519,s-0.481016,s52.863442
157_60,s0.539087,s-3.30634,s246.659103
157_61,s3.046104,s-1.26935,s346.454119
157_62,s-2.508949,s-1.986246,s126.411505
157_63,s-2.93107,s-1.622137,s82.261795
157_64,s1.985035,s-2.445841,s275.447764
157_65,s1.200553,s3.340834,s100.302035
157_66,s-2.291591,s2.711294,s338.119892
157_67,s3.187388,s1.183451,s278.967592
157_68,s-1.447782,s3.131521,s10.710101
157_69,s-2.845785,s2.204883,s111.039982
157_70,s-3.328107,s0.382364,s87.537311
157_71,s2.227809,s2.226963,s330.431299
157_72,s-3.373023,s-2.055533,s83.431494
157_73,s3.579258,s-0.937503,s329.234523
157_74,s0.442226,s3.47195,s10.190142
157_75,s1.722208,s-3.331141,s137.944124
157_76,s-3.621853,s-0.452413,s186.833749
157_77,s1.977097,s3.068157,s345.225682
157_78,s-1.829454,s-3.042302,s93.900732
157_79,s3.253774,s-1.962895,s273.354185
157_80,s-0.325149,s3.786064,s131.920094
157_81,s-2.642866,s3.068837,s62.521798
157_82,s1.630583,s3.597735,s69.101863
157_83,s2.725321,s3.129716,s330.762874
157_84,s2.95204,s2.146616,s7.081862
157_85,s2.410285,s-2.872808,s153.463555
157_86,s3.471528,s2.181397,s335.572071
157_87,s-0.231783,s-3.29185,s231.091314
157_88,s2.879316,s-2.323691,s230.103259
157_89,s4.142602,s-0.247685,s338.630898
157_90,s-3.731807,s1.440005,s254.30311
157_91,s1.18635,s4.133107,s345.164607
157_92,s2.81654,s-2.979447,s229.20729
157_93,s2.077396,s-3.764894,s240.696507
157_94,s3.798107,s1.672389,s289.594995
157_95,s4.266966,s1.073779,s316.595207
157_96,s-0.576484,s4.311632,s139.266225
157_97,s-4.016726,s-1.04327,s38.835671
157_98,s-2.12813,s3.62092,s51.486677
157_99,s-1.605121,s-3.609167,s192.198402
157_100,s-2.057409,s-3.604105,s97.529507
157_101,s3.761321,s-1.501655,s322.282092
157_102,s-3.11213,s2.669204,s69.175553
157_103,s3.612748,s-2.92755,s264.083497
157_104,s0.498426,s-3.968825,s293.549509
157_105,s-0.944496,s-3.938328,s323.950988
157_106,s-3.905641,s2.02632,s347.918465
157_107,s-0.556445,s-4.213415,s160.216844
157_108,s2.546828,s3.709942,s354.774885
157_109,s1.068345,s-4.319854,s314.737555
157_110,s-4.401897,s0.652538,s141.517355
157_111,s-4.280539,s-2.280238,s210.497366
157_112,s-4.138004,s1.495634,s82.519476
157_113,s-3.417892,s-2.927117,s312.781521
157_114,s-2.909704,s-3.627137,s117.572004
157_115,s-4.641877,s-1.221873,s234.093079
157_116,s-2.427069,s-4.02484,s138.071358
157_117,s2.081235,s-4.269773,s189.529959
157_118,s3.980854,s-2.304951,s265.834882
157_119,s-2.96033,s3.714693,s115.258664
157_120,s-1.779767,s4.241748,s234.524682
157_121,s-1.286726,s-4.62432,s76.009566
157_122,s3.264641,s3.311287,s288.730364
157_123,s4.114851,s2.471437,s325.179175
157_124,s4.720079,s0.872271,s221.002385
157_125,s4.384339,s-1.391967,s299.380666
157_126,s1.752158,s4.090531,s286.453023
157_127,s-4.462163,s-1.768926,s154.229839
157_128,s0.734017,s4.541059,s318.775932
157_129,s-4.583828,s1.868428,s34.632312
157_130,s-2.338573,s4.305935,s39.713206
157_131,s1.88746,s4.684015,s270.206685
157_132,s1.262205,s-4.682877,s227.232629
157_133,s-4.334511,s2.492391,s352.874167
157_134,s-3.559659,s3.790624,s78.929621
157_135,s-0.766759,s4.890254,s249.746215
157_136,s-0.294598,s-4.841045,s149.263863
157_137,s-1.969752,s-4.758422,s143.794882
157_138,s-4.381645,s3.487289,s46.265183
157_139,s3.6284,s-3.794366,s69.325057
157_140,s-1.430746,s4.686466,s315.101227
157_141,s4.960701,s1.383455,s233.607032
157_142,s2.603502,s-4.501309,s241.388774
157_143,s1.087243,s-5.187283,s153.455227
157_144,s-5.067011,s1.168504,s273.564415
157_145,s-4.027343,s-3.209829,s97.458321
157_146,s-4.671143,s-2.709322,s128.431303
157_147,s4.792428,s-1.744315,s270.057346
157_148,s-3.338887,s4.180231,s16.404482
157_149,s3.012327,s4.360721,s349.97996
157_150,s4.497803,s-2.803528,s260.32087
157_151,s0.648022,s5.159464,s80.6762
157_152,s5.33706,s-1.103761,s8.069186
157_153,s1.294107,s5.242641,s288.174642
157_154,s-5.188682,s0.342899,s160.028066
157_155,s4.078141,s-3.46284,s295.524053
157_156,s-4.706081,s-0.644441,s83.281673
158_0,s0.0,s0.0,s224.07799
158_1,s-0.148662,s0.371349,s324.138907
158_2,s-0.433521,s-0.120664,s43.560215
158_3,s0.190827,s-0.673487,s116.327727
158_4,s-0.913799,s-0.259751,s80.095038
158_5,s-0.447068,s0.663423,s97.607334
158_6,s-0.744268,s-0.590394,s194.56315
158_7,s-0.067394,s1.047835,s63.289603
158_8,s0.44541,s0.540009,s230.223708
158_9,s1.095233,s-0.350664,s121.948796
158_10,s0.734919,s-0.948627,s215.942255
158_11,s1.050575,s0.847816,s64.136372
158_12,s1.373843,s0.46374,s347.862517
158_13,s-1.245248,s-0.63981,s125.561183
158_14,s0.338793,s-1.306797,s194.028876
158_15,s-0.179821,s1.640172,s282.801172
158_16,s1.593643,s0.142487,s235.155091
158_17,s1.541295,s-0.929737,s310.83356
158_18,s-1.250661,s-1.151455,s199.265546
158_19,s0.914429,s1.373433,s12.198963
158_20,s-0.990518,s0.917264,s50.454835
158_21,s-1.575529,s0.490109,s161.451982
158_22,s-1.731787,s0.896333,s41.722179
158_23,s-0.4896,s-1.523251,s233.738856
158_24,s-0.59971,s1.855491,s332.670797
158_25,s2.195039,s0.14766,s276.378481
158_26,s-1.046984,s1.820391,s55.830495
158_27,s1.478226,s1.561201,s231.407036
158_28,s1.009852,s-1.784012,s287.529052
158_29,s-1.799898,s-1.265056,s121.541619
158_30,s-0.69012,s-2.088955,s218.237921
158_31,s0.424488,s-2.158659,s199.060667
158_32,s0.943868,s2.260888,s331.390383
158_33,s-1.284294,s-1.908033,s93.051652
158_34,s-2.436729,s1.041563,s178.101692
158_35,s1.524309,s-1.981535,s193.08367
158_36,s2.128314,s-1.213581,s173.42918
158_37,s2.21165,s1.36697,s351.856848
158_38,s-1.943709,s-0.471164,s76.317652
158_39,s-1.7889,s2.282507,s354.121861
158_40,s-1.783567,s1.605891,s35.245421
158_41,s2.363303,s0.957756,s214.713346
158_42,s-2.218369,s-0.915881,s115.824923
158_43,s-0.865964,s-2.715254,s242.256704
158_44,s-2.023115,s-2.215176,s153.40833
158_45,s1.539398,s2.157024,s334.41392
158_46,s-0.56078,s2.641122,s352.15862
158_47,s2.391934,s-0.883827,s342.58859
158_48,s0.539859,s2.798402,s102.03545
158_49,s3.14502,s0.590636,s36.746496
158_50,s2.864552,s-0.452045,s297.59072
158_51,s2.406737,s-1.790983,s273.36504
158_52,s1.057025,s-2.646733,s184.135559
158_53,s-2.394613,s1.635796,s356.642679
158_54,s-2.905277,s0.747906,s72.500196
158_55,s-1.029026,s-3.345311,s77.506439
158_56,s-1.077656,s2.311095,s6.634927
158_57,s2.682851,s1.650699,s294.589367
158_58,s-2.807388,s1.535765,s66.143347
158_59,s-2.910519,s-0.481016,s52.863442
158_60,s0.539087,s-3.30634,s246.659103
158_61,s3.046104,s-1.26935,s346.454119
158_62,s-2.508949,s-1.986246,s126.411505
158_63,s-2.93107,s-1.622137,s82.261795
158_64,s1.985035,s-2.445841,s275.447764
158_65,s1.200553,s3.340834,s100.302035
158_66,s-2.291591,s2.711294,s338.119892
158_67,s3.187388,s1.183451,s278.967592
158_68,s-1.447782,s3.131521,s10.710101
158_69,s-2.845785,s2.204883,s111.039982
158_70,s-3.328107,s0.382364,s87.537311
158_71,s2.227809,s2.226963,s330.431299
158_72,s-3.373023,s-2.055533,s83.431494
158_73,s3.579258,s-0.937503,s329.234523
158_74,s0.442226,s3.47195,s10.190142
158_75,s1.722208,s-3.331141,s137.944124
158_76,s-3.621853,s-0.452413,s186.833749
158_77,s1.977097,s3.068157,s345.225682
158_78,s-1.829454,s-3.042302,s93.900732
158_79,s3.253774,s-1.962895,s273.354185
158_80,s-0.325149,s3.786064,s131.920094
158_81,s-2.642866,s3.068837,s62.521798
158_82,s1.630583,s3.597735,s69.101863
158_83,s2.725321,s3.129716,s330.762874
158_84,s2.95204,s2.146616,s7.081862
158_85,s2.410285,s-2.872808,s153.463555
158_86,s3.471528,s2.181397,s335.572071
158_87,s-0.231783,s-3.29185,s231.091314
158_88,s2.879316,s-2.323691,s230.103259
158_89,s4.142602,s-0.247685,s338.630898
158_90,s-3.731807,s1.440005,s254.30311
158_91,s1.18635,s4.133107,s345.164607
158_92,s2.81654,s-2.979447,s229.20729
158_93,s2.077396,s-3.764894,s240.696507
158_94,s3.798107,s1.672389,s289.594995
158_95,s4.266966,s1.073779,s316.595207
158_96,s-0.576484,s4.311632,s139.266225
158_97,s-4.016726,s-1.04327,s38.835671
158_98,s-2.12813,s3.62092,s51.486677
158_99,s-1.605121,s-3.609167,s192.198402
158_100,s-2.057409,s-3.604105,s97.529507
158_101,s3.761321,s-1.501655,s322.282092
158_102,s-3.11213,s2.669204,s69.175553
158_103,s3.612748,s-2.92755,s264.083497
158_104,s0.498426,s-3.968825,s293.549509
158_105,s-0.944496,s-3.938328,s323.950988
158_106,s-3.905641,s2.02632,s347.918465
158_107,s-0.556445,s-4.213415,s160.216844
158_108,s2.546828,s3.709942,s354.774885
158_109,s1.068345,s-4.319854,s314.737555
158_110,s-4.401897,s0.652538,s141.517355
158_111,s-4.280539,s-2.280238,s210.497366
158_112,s-4.138004,s1.495634,s82.519476
158_113,s-3.417892,s-2.927117,s312.781521
158_114,s-2.909704,s-3.627137,s117.572004
158_115,s-4.641877,s-1.221873,s234.093079
158_116,s-2.427069,s-4.02484,s138.071358
158_117,s2.081235,s-4.269773,s189.529959
158_118,s3.980854,s-2.304951,s265.834882
158_119,s-2.96033,s3.714693,s115.258664
158_120,s-1.779767,s4.241748,s234.524682
158_121,s-1.286726,s-4.62432,s76.009566
158_122,s3.264641,s3.311287,s288.730364
158_123,s4.114851,s2.471437,s325.179175
158_124,s4.720079,s0.872271,s221.002385
158_125,s4.384339,s-1.391967,s299.380666
158_126,s1.752158,s4.090531,s286.453023
158_127,s-4.462163,s-1.768926,s154.229839
158_128,s0.734017,s4.541059,s318.775932
158_129,s-4.583828,s1.868428,s34.632312
158_130,s-2.338573,s4.305935,s39.713206
158_131,s1.88746,s4.684015,s270.206685
158_132,s1.262205,s-4.682877,s227.232629
158_133,s-4.334511,s2.492391,s352.874167
158_134,s-3.559659,s3.790624,s78.929621
158_135,s-0.766759,s4.890254,s249.746215
158_136,s-0.294598,s-4.841045,s149.263863
158_137,s-1.969752,s-4.758422,s143.794882
158_138,s-4.381645,s3.487289,s46.265183
158_139,s3.6284,s-3.794366,s69.325057
158_140,s-1.430746,s4.686466,s315.101227
158_141,s4.960701,s1.383455,s233.607032
158_142,s2.603502,s-4.501309,s241.388774
158_143,s1.087243,s-5.187283,s153.455227
158_144,s-5.067011,s1.168504,s273.564415
158_145,s-4.027343,s-3.209829,s97.458321
158_146,s-4.671143,s-2.709322,s128.431303
158_147,s4.792428,s-1.744315,s270.057346
158_148,s-3.338887,s4.180231,s16.404482
158_149,s3.012327,s4.360721,s349.97996
158_150,s4.497803,s-2.803528,s260.32087
158_151,s0.648022,s5.159464,s80.6762
158_152,s5.33706,s-1.103761,s8.069186
158_153,s1.294107,s5.242641,s288.174642
158_154,s-5.188682,s0.342899,s160.028066
158_155,s4.078141,s-3.46284,s295.524053
158_156,s-4.706081,s-0.644441,s83.281673
158_157,s-3.741977,s-3.962336,s152.01871
159_0,s0.0,s0.0,s224.07799
159_1,s-0.148662,s0.371349,s324.138907
159_2,s-0.433521,s-0.120664,s43.560215
159_3,s0.190827,s-0.673487,s116.327727
159_4,s-0.913799,s-0.259751,s80.095038
159_5,s-0.447068,s0.663423,s97.607334
159_6,s-0.744268,s-0.590394,s194.56315
159_7,s-0.067394,s1.047835,s63.289603
159_8,s0.44541,s0.540009,s230.223708
159_9,s1.095233,s-0.350664,s121.948796
159_10,s0.734919,s-0.948627,s215.942255
159_11,s1.050575,s0.847816,s64.136372
159_12,s1.373843,s0.46374,s347.862517
159_13,s-1.245248,s-0.63981,s125.561183
159_14,s0.338793,s-1.306797,s194.028876
159_15,s-0.179821,s1.640172,s282.801172
159_16,s1.593643,s0.142487,s235.155091
159_17,s1.541295,s-0.929737,s310.83356
159_18,s-1.250661,s-1.151455,s199.265546
159_19,s0.914429,s1.373433,s12.198963
159_20,s-0.990518,s0.917264,s50.454835
159_21,s-1.575529,s0.490109,s161.451982
159_22,s-1.731787,s0.896333,s41.722179
159_23,s-0.4896,s-1.523251,s233.738856
159_24,s-0.59971,s1.855491,s332.670797
159_25,s2.195039,s0.14766,s276.378481
159_26,s-1.046984,s1.820391,s55.830495
159_27,s1.478226,s1.561201,s231.407036
159_28,s1.009852,s-1.784012,s287.529052
159_29,s-1.799898,s-1.265056,s121.541619
159_30,s-0.69012,s-2.088955,s218.237921
159_31,s0.424488,s-2.158659,s199.060667
159_32,s0.943868,s2.260888,s331.390383
159_33,s-1.284294,s-1.908033,s93.051652
159_34,s-2.436729,s1.041563,s178.101692
159_35,s1.524309,s-1.981535,s193.08367
159_36,s2.128314,s-1.213581,s173.42918
159_37,s2.21165,s1.36697,s351.856848
159_38,s-1.943709,s-0.471164,s76.317652
159_39,s-1.7889,s2.282507,s354.121861
159_40,s-1.783567,s1.605891,s35.245421
159_41,s2.363303,s0.957756,s214.713346
159_42,s-2.218369,s-0.915881,s115.824923
159_43,s-0.865964,s-2.715254,s242.256704
159_44,s-2.023115,s-2.215176,s153.40833
159_45,s1.539398,s2.157024,s334.41392
159_46,s-0.56078,s2.641122,s352.15862
159_47,s2.391934,s-0.883827,s342.58859
159_48,s0.539859,s2.798402,s102.03545
159_49,s3.14502,s0.590636,s36.746496
159_50,s2.864552,s-0.452045,s297.59072
159_51,s2.406737,s-1.790983,s273.36504
159_52,s1.057025,s-2.646733,s184.135559
159_53,s-2.394613,s1.635796,s356.642679
159_54,s-2.905277,s0.747906,s72.500196
159_55,s-1.029026,s-3.345311,s77.506439
159_56,s-1.077656,s2.311095,s6.634927
159_57,s2.682851,s1.650699,s294.589367
159_58,s-2.807388,s1.535765,s66.143347
159_59,s-2.910519,s-0.481016,s52.863442
159_60,s0.539087,s-3.30634,s246.659103
159_61,s3.046104,s-1.26935,s346.454119
159_62,s-2.508949,s-1.986246,s126.411505
159_63,s-2.93107,s-1.622137,s82.261795
159_64,s1.985035,s-2.445841,s275.447764
159_65,s1.200553,s3.340834,s100.302035
159_66,s-2.291591,s2.711294,s338.119892
159_67,s3.187388,s1.183451,s278.967592
159_68,s-1.447782,s3.131521,s10.710101
159_69,s-2.845785,s2.204883,s111.039982
159_70,s-3.328107,s0.382364,s87.537311
159_71,s2.227809,s2.226963,s330.431299
159_72,s-3.373023,s-2.055533,s83.431494
159_73,s3.579258,s-0.937503,s329.234523
159_74,s0.442226,s3.47195,s10.190142
159_75,s1.722208,s-3.331141,s137.944124
159_76,s-3.621853,s-0.452413,s186.833749
159_77,s1.977097,s3.068157,s345.225682
159_78,s-1.829454,s-3.042302,s93.900732
159_79,s3.253774,s-1.962895,s273.354185
159_80,s-0.325149,s3.786064,s131.920094
159_81,s-2.642866,s3.068837,s62.521798
159_82,s1.630583,s3.597735,s69.101863
159_83,s2.725321,s3.129716,s330.762874
159_84,s2.95204,s2.146616,s7.081862
159_85,s2.410285,s-2.872808,s153.463555
159_86,s3.471528,s2.181397,s335.572071
159_87,s-0.231783,s-3.29185,s231.091314
159_88,s2.879316,s-2.323691,s230.103259
159_89,s4.142602,s-0.247685,s338.630898
159_90,s-3.731807,s1.440005,s254.30311
159_91,s1.18635,s4.133107,s345.164607
159_92,s2.81654,s-2.979447,s229.20729
159_93,s2.077396,s-3.764894,s240.696507
159_94,s3.798107,s1.672389,s289.594995
159_95,s4.266966,s1.073779,s316.595207
159_96,s-0.576484,s4.311632,s139.266225
159_97,s-4.016726,s-1.04327,s38.835671
159_98,s-2.12813,s3.62092,s51.486677
159_99,s-1.605121,s-3.609167,s192.198402
159_100,s-2.057409,s-3.604105,s97.529507
159_101,s3.761321,s-1.501655,s322.282092
159_102,s-3.11213,s2.669204,s69.175553
159_103,s3.612748,s-2.92755,s264.083497
159_104,s0.498426,s-3.968825,s293.549509
159_105,s-0.944496,s-3.938328,s323.950988
159_106,s-3.905641,s2.02632,s347.918465
159_107,s-0.556445,s-4.213415,s160.216844
159_108,s2.546828,s3.709942,s354.774885
159_109,s1.068345,s-4.319854,s314.737555
159_110,s-4.401897,s0.652538,s141.517355
159_111,s-4.280539,s-2.280238,s210.497366
159_112,s-4.138004,s1.495634,s82.519476
159_113,s-3.417892,s-2.927117,s312.781521
159_114,s-2.909704,s-3.627137,s117.572004
159_115,s-4.641877,s-1.221873,s234.093079
159_116,s-2.427069,s-4.02484,s138.071358
159_117,s2.081235,s-4.269773,s189.529959
159_118,s3.980854,s-2.304951,s265.834882
159_119,s-2.96033,s3.714693,s115.258664
159_120,s-1.779767,s4.241748,s234.524682
159_121,s-1.286726,s-4.62432,s76.009566
159_122,s3.264641,s3.311287,s288.730364
159_123,s4.114851,s2.471437,s325.179175
159_124,s4.720079,s0.872271,s221.002385
159_125,s4.384339,s-1.391967,s299.380666
159_126,s1.752158,s4.090531,s286.453023
159_127,s-4.462163,s-1.768926,s154.229839
159_128,s0.734017,s4.541059,s318.775932
159_129,s-4.583828,s1.868428,s34.632312
159_130,s-2.338573,s4.305935,s39.713206
159_131,s1.88746,s4.684015,s270.206685
159_132,s1.262205,s-4.682877,s227.232629
159_133,s-4.334511,s2.492391,s352.874167
159_134,s-3.559659,s3.790624,s78.929621
159_135,s-0.766759,s4.890254,s249.746215
159_136,s-0.294598,s-4.841045,s149.263863
159_137,s-1.969752,s-4.758422,s143.794882
159_138,s-4.381645,s3.487289,s46.265183
159_139,s3.6284,s-3.794366,s69.325057
159_140,s-1.430746,s4.686466,s315.101227
159_141,s4.960701,s1.383455,s233.607032
159_142,s2.603502,s-4.501309,s241.388774
159_143,s1.087243,s-5.187283,s153.455227
159_144,s-5.067011,s1.168504,s273.564415
159_145,s-4.027343,s-3.209829,s97.458321
159_146,s-4.671143,s-2.709322,s128.431303
159_147,s4.792428,s-1.744315,s270.057346
159_148,s-3.338887,s4.180231,s16.404482
159_149,s3.012327,s4.360721,s349.97996
159_150,s4.497803,s-2.803528,s260.32087
159_151,s0.648022,s5.159464,s80.6762
159_152,s5.33706,s-1.103761,s8.069186
159_153,s1.294107,s5.242641,s288.174642
159_154,s-5.188682,s0.342899,s160.028066
159_155,s4.078141,s-3.46284,s295.524053
159_156,s-4.706081,s-0.644441,s83.281673
159_157,s-3.741977,s-3.962336,s152.01871
159_158,s-1.838983,s4.917381,s7.800502
160_0,s0.0,s0.0,s224.07799
160_1,s-0.148662,s0.371349,s324.138907
160_2,s-0.433521,s-0.120664,s43.560215
160_3,s0.190827,s-0.673487,s116.327727
160_4,s-0.913799,s-0.259751,s80.095038
160_5,s-0.447068,s0.663423,s97.607334
160_6,s-0.744268,s-0.590394,s194.56315
160_7,s-0.067394,s1.047835,s63.289603
160_8,s0.44541,s0.540009,s230.223708
160_9,s1.095233,s-0.350664,s121.948796
160_10,s0.734919,s-0.948627,s215.942255
160_11,s1.050575,s0.847816,s64.136372
160_12,s1.373843,s0.46374,s347.862517
160_13,s-1.245248,s-0.63981,s125.561183
160_14,s0.338793,s-1.306797,s194.028876
160_15,s-0.179821,s1.640172,s282.801172
160_16,s1.593643,s0.142487,s235.155091
160_17,s1.541295,s-0.929737,s310.83356
160_18,s-1.250661,s-1.151455,s199.265546
160_19,s0.914429,s1.373433,s12.198963
160_20,s-0.990518,s0.917264,s50.454835
160_21,s-1.575529,s0.490109,s161.451982
160_22,s-1.731787,s0.896333,s41.722179
160_23,s-0.4896,s-1.523251,s233.738856
160_24,s-0.59971,s1.855491,s332.670797
160_25,s2.195039,s0.14766,s276.378481
160_26,s-1.046984,s1.820391,s55.830495
160_27,s1.478226,s1.561201,s231.407036
160_28,s1.009852,s-1.784012,s287.529052
160_29,s-1.799898,s-1.265056,s121.541619
160_30,s-0.69012,s-2.088955,s218.237921
160_31,s0.424488,s-2.158659,s199.060667
160_32,s0.943868,s2.260888,s331.390383
160_33,s-1.284294,s-1.908033,s93.051652
160_34,s-2.436729,s1.041563,s178.101692
160_35,s1.524309,s-1.981535,s193.08367
160_36,s2.128314,s-1.213581,s173.42918
160_37,s2.21165,s1.36697,s351.856848
160_38,s-1.943709,s-0.471164,s76.317652
160_39,s-1.7889,s2.282507,s354.121861
160_40,s-1.783567,s1.605891,s35.245421
160_41,s2.363303,s0.957756,s214.713346
160_42,s-2.218369,s-0.915881,s115.824923
160_43,s-0.865964,s-2.715254,s242.256704
160_44,s-2.023115,s-2.215176,s153.40833
160_45,s1.539398,s2.157024,s334.41392
160_46,s-0.56078,s2.641122,s352.15862
160_47,s2.391934,s-0.883827,s342.58859
160_48,s0.539859,s2.798402,s102.03545
160_49,s3.14502,s0.590636,s36.746496
160_50,s2.864552,s-0.452045,s297.59072
160_51,s2.406737,s-1.790983,s273.36504
160_52,s1.057025,s-2.646733,s184.135559
160_53,s-2.394613,s1.635796,s356.642679
160_54,s-2.905277,s0.747906,s72.500196
160_55,s-1.029026,s-3.345311,s77.506439
160_56,s-1.077656,s2.311095,s6.634927
160_57,s2.682851,s1.650699,s294.589367
160_58,s-2.807388,s1.535765,s66.143347
160_59,s-2.910519,s-0.481016,s52.863442
160_60,s0.539087,s-3.30634,s246.659103
160_61,s3.046104,s-1.26935,s346.454119
160_62,s-2.508949,s-1.986246,s126.411505
160_63,s-2.93107,s-1.622137,s82.261795
160_64,s1.985035,s-2.445841,s275.447764
160_65,s1.200553,s3.340834,s100.302035
160_66,s-2.291591,s2.711294,s338.119892
160_67,s3.187388,s1.183451,s278.967592
160_68,s-1.447782,s3.131521,s10.710101
160_69,s-2.845785,s2.204883,s111.039982
160_70,s-3.328107,s0.382364,s87.537311
160_71,s2.227809,s2.226963,s330.431299
160_72,s-3.373023,s-2.055533,s83.431494
160_73,s3.579258,s-0.937503,s329.234523
160_74,s0.442226,s3.47195,s10.190142
160_75,s1.722208,s-3.331141,s137.944124
160_76,s-3.621853,s-0.452413,s186.833749
160_77,s1.977097,s3.068157,s345.225682
160_78,s-1.829454,s-3.042302,s93.900732
160_79,s3.253774,s-1.962895,s273.354185
160_80,s-0.325149,s3.786064,s131.920094
160_81,s-2.642866,s3.068837,s62.521798
160_82,s1.630583,s3.597735,s69.101863
160_83,s2.725321,s3.129716,s330.762874
160_84,s2.95204,s2.146616,s7.081862
160_85,s2.410285,s-2.872808,s153.463555
160_86,s3.471528,s2.181397,s335.572071
160_87,s-0.231783,s-3.29185,s231.091314
160_88,s2.879316,s-2.323691,s230.103259
160_89,s4.142602,s-0.247685,s338.630898
160_90,s-3.731807,s1.440005,s254.30311
160_91,s1.18635,s4.133107,s345.164607
160_92,s2.81654,s-2.979447,s229.20729
160_93,s2.077396,s-3.764894,s240.696507
160_94,s3.798107,s1.672389,s289.594995
160_95,s4.266966,s1.073779,s316.595207
160_96,s-0.576484,s4.311632,s139.266225
160_97,s-4.016726,s-1.04327,s38.835671
160_98,s-2.12813,s3.62092,s51.486677
160_99,s-1.605121,s-3.609167,s192.198402
160_100,s-2.057409,s-3.604105,s97.529507
160_101,s3.761321,s-1.501655,s322.282092
160_102,s-3.11213,s2.669204,s69.175553
160_103,s3.612748,s-2.92755,s264.083497
160_104,s0.498426,s-3.968825,s293.549509
160_105,s-0.944496,s-3.938328,s323.950988
160_106,s-3.905641,s2.02632,s347.918465
160_107,s-0.556445,s-4.213415,s160.216844
160_108,s2.546828,s3.709942,s354.774885
160_109,s1.068345,s-4.319854,s314.737555
160_110,s-4.401897,s0.652538,s141.517355
160_111,s-4.280539,s-2.280238,s210.497366
160_112,s-4.138004,s1.495634,s82.519476
160_113,s-3.417892,s-2.927117,s312.781521
160_114,s-2.909704,s-3.627137,s117.572004
160_115,s-4.641877,s-1.221873,s234.093079
160_116,s-2.427069,s-4.02484,s138.071358
160_117,s2.081235,s-4.269773,s189.529959
160_118,s3.980854,s-2.304951,s265.834882
160_119,s-2.96033,s3.714693,s115.258664
160_120,s-1.779767,s4.241748,s234.524682
160_121,s-1.286726,s-4.62432,s76.009566
160_122,s3.264641,s3.311287,s288.730364
160_123,s4.114851,s2.471437,s325.179175
160_124,s4.720079,s0.872271,s221.002385
160_125,s4.384339,s-1.391967,s299.380666
160_126,s1.752158,s4.090531,s286.453023
160_127,s-4.462163,s-1.768926,s154.229839
160_128,s0.734017,s4.541059,s318.775932
160_129,s-4.583828,s1.868428,s34.632312
160_130,s-2.338573,s4.305935,s39.713206
160_131,s1.88746,s4.684015,s270.206685
160_132,s1.262205,s-4.682877,s227.232629
160_133,s-4.334511,s2.492391,s352.874167
160_134,s-3.559659,s3.790624,s78.929621
160_135,s-0.766759,s4.890254,s249.746215
160_136,s-0.294598,s-4.841045,s149.263863
160_137,s-1.969752,s-4.758422,s143.794882
160_138,s-4.381645,s3.487289,s46.265183
160_139,s3.6284,s-3.794366,s69.325057
160_140,s-1.430746,s4.686466,s315.101227
160_141,s4.960701,s1.383455,s233.607032
160_142,s2.603502,s-4.501309,s241.388774
160_143,s1.087243,s-5.187283,s153.455227
160_144,s-5.067011,s1.168504,s273.564415
160_145,s-4.027343,s-3.209829,s97.458321
160_146,s-4.671143,s-2.709322,s128.431303
160_147,s4.792428,s-1.744315,s270.057346
160_148,s-3.338887,s4.180231,s16.404482
160_149,s3.012327,s4.360721,s349.97996
160_150,s4.497803,s-2.803528,s260.32087
160_151,s0.648022,s5.159464,s80.6762
160_152,s5.33706,s-1.103761,s8.069186
160_153,s1.294107,s5.242641,s288.174642
160_154,s-5.188682,s0.342899,s160.028066
160_155,s4.078141,s-3.46284,s295.524053
160_156,s-4.706081,s-0.644441,s83.281673
160_157,s-3.741977,s-3.962336,s152.01871
160_158,s-1.838983,s4.917381,s7.800502
160_159,s-1.054295,s5.448941,s50.331858
161_0,s0.0,s0.0,s224.07799
161_1,s-0.148662,s0.371349,s324.138907
161_2,s-0.433521,s-0.120664,s43.560215
161_3,s0.190827,s-0.673487,s116.327727
161_4,s-0.913799,s-0.259751,s80.095038
161_5,s-0.447068,s0.663423,s97.607334
161_6,s-0.744268,s-0.590394,s194.56315
161_7,s-0.067394,s1.047835,s63.289603
161_8,s0.44541,s0.540009,s230.223708
161_9,s1.095233,s-0.350664,s121.948796
161_10,s0.734919,s-0.948627,s215.942255
161_11,s1.050575,s0.847816,s64.136372
161_12,s1.373843,s0.46374,s347.862517
161_13,s-1.245248,s-0.63981,s125.561183
161_14,s0.338793,s-1.306797,s194.028876
161_15,s-0.179821,s1.640172,s282.801172
161_16,s1.593643,s0.142487,s235.155091
161_17,s1.541295,s-0.929737,s310.83356
161_18,s-1.250661,s-1.151455,s199.265546
161_19,s0.914429,s1.373433,s12.198963
161_20,s-0.990518,s0.917264,s50.454835
161_21,s-1.575529,s0.490109,s161.451982
161_22,s-1.731787,s0.896333,s41.722179
161_23,s-0.4896,s-1.523251,s233.738856
161_24,s-0.59971,s1.855491,s332.670797
161_25,s2.195039,s0.14766,s276.378481
161_26,s-1.046984,s1.820391,s55.830495
161_27,s1.478226,s1.561201,s231.407036
161_28,s1.009852,s-1.784012,s287.529052
161_29,s-1.799898,s-1.265056,s121.541619
161_30,s-0.69012,s-2.088955,s218.237921
161_31,s0.424488,s-2.158659,s199.060667
161_32,s0.943868,s2.260888,s331.390383
161_33,s-1.284294,s-1.908033,s93.051652
161_34,s-2.436729,s1.041563,s178.101692
161_35,s1.524309,s-1.981535,s193.08367
161_36,s2.128314,s-1.213581,s173.42918
161_37,s2.21165,s1.36697,s351.856848
161_38,s-1.943709,s-0.471164,s76.317652
161_39,s-1.7889,s2.282507,s354.121861
161_40,s-1.783567,s1.605891,s35.245421
161_41,s2.363303,s0.957756,s214.713346
161_42,s-2.218369,s-0.915881,s115.824923
161_43,s-0.865964,s-2.715254,s242.256704
161_44,s-2.023115,s-2.215176,s153.40833
161_45,s1.539398,s2.157024,s334.41392
161_46,s-0.56078,s2.641122,s352.15862
161_47,s2.391934,s-0.883827,s342.58859
161_48,s0.539859,s2.798402,s102.03545
161_49,s3.14502,s0.590636,s36.746496
161_50,s2.864552,s-0.452045,s297.59072
161_51,s2.406737,s-1.790983,s273.36504
161_52,s1.057025,s-2.646733,s184.135559
161_53,s-2.394613,s1.635796,s356.642679
161_54,s-2.905277,s0.747906,s72.500196
161_55,s-1.029026,s-3.345311,s77.506439
161_56,s-1.077656,s2.311095,s6.634927
161_57,s2.682851,s1.650699,s294.589367
161_58,s-2.807388,s1.535765,s66.143347
161_59,s-2.910519,s-0.481016,s52.863442
161_60,s0.539087,s-3.30634,s246.659103
161_61,s3.046104,s-1.26935,s346.454119
161_62,s-2.508949,s-1.986246,s126.411505
161_63,s-2.93107,s-1.622137,s82.261795
161_64,s1.985035,s-2.445841,s275.447764
161_65,s1.200553,s3.340834,s100.302035
161_66,s-2.291591,s2.711294,s338.119892
161_67,s3.187388,s1.183451,s278.967592
161_68,s-1.447782,s3.131521,s10.710101
161_69,s-2.845785,s2.204883,s111.039982
161_70,s-3.328107,s0.382364,s87.537311
161_71,s2.227809,s2.226963,s330.431299
161_72,s-3.373023,s-2.055533,s83.431494
161_73,s3.579258,s-0.937503,s329.234523
161_74,s0.442226,s3.47195,s10.190142
161_75,s1.722208,s-3.331141,s137.944124
161_76,s-3.621853,s-0.452413,s186.833749
161_77,s1.977097,s3.068157,s345.225682
161_78,s-1.829454,s-3.042302,s93.900732
161_79,s3.253774,s-1.962895,s273.354185
161_80,s-0.325149,s3.786064,s131.920094
161_81,s-2.642866,s3.068837,s62.521798
161_82,s1.630583,s3.597735,s69.101863
161_83,s2.725321,s3.129716,s330.762874
161_84,s2.95204,s2.146616,s7.081862
161_85,s2.410285,s-2.872808,s153.463555
161_86,s3.471528,s2.181397,s335.572071
161_87,s-0.231783,s-3.29185,s231.091314
161_88,s2.879316,s-2.323691,s230.103259
161_89,s4.142602,s-0.247685,s338.630898
161_90,s-3.731807,s1.440005,s254.30311
161_91,s1.18635,s4.133107,s345.164607
161_92,s2.81654,s-2.979447,s229.20729
161_93,s2.077396,s-3.764894,s240.696507
161_94,s3.798107,s1.672389,s289.594995
161_95,s4.266966,s1.073779,s316.595207
161_96,s-0.576484,s4.311632,s139.266225
161_97,s-4.016726,s-1.04327,s38.835671
161_98,s-2.12813,s3.62092,s51.486677
161_99,s-1.605121,s-3.609167,s192.198402
161_100,s-2.057409,s-3.604105,s97.529507
161_101,s3.761321,s-1.501655,s322.282092
161_102,s-3.11213,s2.669204,s69.175553
161_103,s3.612748,s-2.92755,s264.083497
161_104,s0.498426,s-3.968825,s293.549509
161_105,s-0.944496,s-3.938328,s323.950988
161_106,s-3.905641,s2.02632,s347.918465
161_107,s-0.556445,s-4.213415,s160.216844
161_108,s2.546828,s3.709942,s354.774885
161_109,s1.068345,s-4.319854,s314.737555
161_110,s-4.401897,s0.652538,s141.517355
161_111,s-4.280539,s-2.280238,s210.497366
161_112,s-4.138004,s1.495634,s82.519476
161_113,s-3.417892,s-2.927117,s312.781521
161_114,s-2.909704,s-3.627137,s117.572004
161_115,s-4.641877,s-1.221873,s234.093079
161_116,s-2.427069,s-4.02484,s138.071358
161_117,s2.081235,s-4.269773,s189.529959
161_118,s3.980854,s-2.304951,s265.834882
161_119,s-2.96033,s3.714693,s115.258664
161_120,s-1.779767,s4.241748,s234.524682
161_121,s-1.286726,s-4.62432,s76.009566
161_122,s3.264641,s3.311287,s288.730364
161_123,s4.114851,s2.471437,s325.179175
161_124,s4.720079,s0.872271,s221.002385
161_125,s4.384339,s-1.391967,s299.380666
161_126,s1.752158,s4.090531,s286.453023
161_127,s-4.462163,s-1.768926,s154.229839
161_128,s0.734017,s4.541059,s318.775932
161_129,s-4.583828,s1.868428,s34.632312
161_130,s-2.338573,s4.305935,s39.713206
161_131,s1.88746,s4.684015,s270.206685
161_132,s1.262205,s-4.682877,s227.232629
161_133,s-4.334511,s2.492391,s352.874167
161_134,s-3.559659,s3.790624,s78.929621
161_135,s-0.766759,s4.890254,s249.746215
161_136,s-0.294598,s-4.841045,s149.263863
161_137,s-1.969752,s-4.758422,s143.794882
161_138,s-4.381645,s3.487289,s46.265183
161_139,s3.6284,s-3.794366,s69.325057
161_140,s-1.430746,s4.686466,s315.101227
161_141,s4.960701,s1.383455,s233.607032
161_142,s2.603502,s-4.501309,s241.388774
161_143,s1.087243,s-5.187283,s153.455227
161_144,s-5.067011,s1.168504,s273.564415
161_145,s-4.027343,s-3.209829,s97.458321
161_146,s-4.671143,s-2.709322,s128.431303
161_147,s4.792428,s-1.744315,s270.057346
161_148,s-3.338887,s4.180231,s16.404482
161_149,s3.012327,s4.360721,s349.97996
161_150,s4.497803,s-2.803528,s260.32087
161_151,s0.648022,s5.159464,s80.6762
161_152,s5.33706,s-1.103761,s8.069186
161_153,s1.294107,s5.242641,s288.174642
161_154,s-5.188682,s0.342899,s160.028066
161_155,s4.078141,s-3.46284,s295.524053
161_156,s-4.706081,s-0.644441,s83.281673
161_157,s-3.741977,s-3.962336,s152.01871
161_158,s-1.838983,s4.917381,s7.800502
161_159,s-1.054295,s5.448941,s50.331858
161_160,s4.480629,s3.441869,s118.553002
162_0,s0.0,s0.0,s224.07799
162_1,s-0.148662,s0.371349,s324.138907
162_2,s-0.433521,s-0.120664,s43.560215
162_3,s0.190827,s-0.673487,s116.327727
162_4,s-0.913799,s-0.259751,s80.095038
162_5,s-0.447068,s0.663423,s97.607334
162_6,s-0.744268,s-0.590394,s194.56315
162_7,s-0.067394,s1.047835,s63.289603
162_8,s0.44541,s0.540009,s230.223708
162_9,s1.095233,s-0.350664,s121.948796
162_10,s0.734919,s-0.948627,s215.942255
162_11,s1.050575,s0.847816,s64.136372
162_12,s1.373843,s0.46374,s347.862517
162_13,s-1.245248,s-0.63981,s125.561183
162_14,s0.338793,s-1.306797,s194.028876
162_15,s-0.179821,s1.640172,s282.801172
162_16,s1.593643,s0.142487,s235.155091
162_17,s1.541295,s-0.929737,s310.83356
162_18,s-1.250661,s-1.151455,s199.265546
162_19,s0.914429,s1.373433,s12.198963
162_20,s-0.990518,s0.917264,s50.454835
162_21,s-1.575529,s0.490109,s161.451982
162_22,s-1.731787,s0.896333,s41.722179
162_23,s-0.4896,s-1.523251,s233.738856
162_24,s-0.59971,s1.855491,s332.670797
162_25,s2.195039,s0.14766,s276.378481
162_26,s-1.046984,s1.820391,s55.830495
162_27,s1.478226,s1.561201,s231.407036
162_28,s1.009852,s-1.784012,s287.529052
162_29,s-1.799898,s-1.265056,s121.541619
162_30,s-0.69012,s-2.088955,s218.237921
162_31,s0.424488,s-2.158659,s199.060667
162_32,s0.943868,s2.260888,s331.390383
162_33,s-1.284294,s-1.908033,s93.051652
162_34,s-2.436729,s1.041563,s178.101692
162_35,s1.524309,s-1.981535,s193.08367
162_36,s2.128314,s-1.213581,s173.42918
162_37,s2.21165,s1.36697,s351.856848
162_38,s-1.943709,s-0.471164,s76.317652
162_39,s-1.7889,s2.282507,s354.121861
162_40,s-1.783567,s1.605891,s35.245421
162_41,s2.363303,s0.957756,s214.713346
162_42,s-2.218369,s-0.915881,s115.824923
162_43,s-0.865964,s-2.715254,s242.256704
162_44,s-2.023115,s-2.215176,s153.40833
162_45,s1.539398,s2.157024,s334.41392
162_46,s-0.56078,s2.641122,s352.15862
162_47,s2.391934,s-0.883827,s342.58859
162_48,s0.539859,s2.798402,s102.03545
162_49,s3.14502,s0.590636,s36.746496
162_50,s2.864552,s-0.452045,s297.59072
162_51,s2.406737,s-1.790983,s273.36504
162_52,s1.057025,s-2.646733,s184.135559
162_53,s-2.394613,s1.635796,s356.642679
162_54,s-2.905277,s0.747906,s72.500196
162_55,s-1.029026,s-3.345311,s77.506439
162_56,s-1.077656,s2.311095,s6.634927
162_57,s2.682851,s1.650699,s294.589367
162_58,s-2.807388,s1.535765,s66.143347
162_59,s-2.910519,s-0.481016,s52.863442
162_60,s0.539087,s-3.30634,s246.659103
162_61,s3.046104,s-1.26935,s346.454119
162_62,s-2.508949,s-1.986246,s126.411505
162_63,s-2.93107,s-1.622137,s82.261795
162_64,s1.985035,s-2.445841,s275.447764
162_65,s1.200553,s3.340834,s100.302035
162_66,s-2.291591,s2.711294,s338.119892
162_67,s3.187388,s1.183451,s278.967592
162_68,s-1.447782,s3.131521,s10.710101
162_69,s-2.845785,s2.204883,s111.039982
162_70,s-3.328107,s0.382364,s87.537311
162_71,s2.227809,s2.226963,s330.431299
162_72,s-3.373023,s-2.055533,s83.431494
162_73,s3.579258,s-0.937503,s329.234523
162_74,s0.442226,s3.47195,s10.190142
162_75,s1.722208,s-3.331141,s137.944124
162_76,s-3.621853,s-0.452413,s186.833749
162_77,s1.977097,s3.068157,s345.225682
162_78,s-1.829454,s-3.042302,s93.900732
162_79,s3.253774,s-1.962895,s273.354185
162_80,s-0.325149,s3.786064,s131.920094
162_81,s-2.642866,s3.068837,s62.521798
162_82,s1.630583,s3.597735,s69.101863
162_83,s2.725321,s3.129716,s330.762874
162_84,s2.95204,s2.146616,s7.081862
162_85,s2.410285,s-2.872808,s153.463555
162_86,s3.471528,s2.181397,s335.572071
162_87,s-0.231783,s-3.29185,s231.091314
162_88,s2.879316,s-2.323691,s230.103259
162_89,s4.142602,s-0.247685,s338.630898
162_90,s-3.731807,s1.440005,s254.30311
162_91,s1.18635,s4.133107,s345.164607
162_92,s2.81654,s-2.979447,s229.20729
162_93,s2.077396,s-3.764894,s240.696507
162_94,s3.798107,s1.672389,s289.594995
162_95,s4.266966,s1.073779,s316.595207
162_96,s-0.576484,s4.311632,s139.266225
162_97,s-4.016726,s-1.04327,s38.835671
162_98,s-2.12813,s3.62092,s51.486677
162_99,s-1.605121,s-3.609167,s192.198402
162_100,s-2.057409,s-3.604105,s97.529507
162_101,s3.761321,s-1.501655,s322.282092
162_102,s-3.11213,s2.669204,s69.175553
162_103,s3.612748,s-2.92755,s264.083497
162_104,s0.498426,s-3.968825,s293.549509
162_105,s-0.944496,s-3.938328,s323.950988
162_106,s-3.905641,s2.02632,s347.918465
162_107,s-0.556445,s-4.213415,s160.216844
162_108,s2.546828,s3.709942,s354.774885
162_109,s1.068345,s-4.319854,s314.737555
162_110,s-4.401897,s0.652538,s141.517355
162_111,s-4.280539,s-2.280238,s210.497366
162_112,s-4.138004,s1.495634,s82.519476
162_113,s-3.417892,s-2.927117,s312.781521
162_114,s-2.909704,s-3.627137,s117.572004
162_115,s-4.641877,s-1.221873,s234.093079
162_116,s-2.427069,s-4.02484,s138.071358
162_117,s2.081235,s-4.269773,s189.529959
162_118,s3.980854,s-2.304951,s265.834882
162_119,s-2.96033,s3.714693,s115.258664
162_120,s-1.779767,s4.241748,s234.524682
162_121,s-1.286726,s-4.62432,s76.009566
162_122,s3.264641,s3.311287,s288.730364
162_123,s4.114851,s2.471437,s325.179175
162_124,s4.720079,s0.872271,s221.002385
162_125,s4.384339,s-1.391967,s299.380666
162_126,s1.752158,s4.090531,s286.453023
162_127,s-4.462163,s-1.768926,s154.229839
162_128,s0.734017,s4.541059,s318.775932
162_129,s-4.583828,s1.868428,s34.632312
162_130,s-2.338573,s4.305935,s39.713206
162_131,s1.88746,s4.684015,s270.206685
162_132,s1.262205,s-4.682877,s227.232629
162_133,s-4.334511,s2.492391,s352.874167
162_134,s-3.559659,s3.790624,s78.929621
162_135,s-0.766759,s4.890254,s249.746215
162_136,s-0.294598,s-4.841045,s149.263863
162_137,s-1.969752,s-4.758422,s143.794882
162_138,s-4.381645,s3.487289,s46.265183
162_139,s3.6284,s-3.794366,s69.325057
162_140,s-1.430746,s4.686466,s315.101227
162_141,s4.960701,s1.383455,s233.607032
162_142,s2.603502,s-4.501309,s241.388774
162_143,s1.087243,s-5.187283,s153.455227
162_144,s-5.067011,s1.168504,s273.564415
162_145,s-4.027343,s-3.209829,s97.458321
162_146,s-4.671143,s-2.709322,s128.431303
162_147,s4.792428,s-1.744315,s270.057346
162_148,s-3.338887,s4.180231,s16.404482
162_149,s3.012327,s4.360721,s349.97996
162_150,s4.497803,s-2.803528,s260.32087
162_151,s0.648022,s5.159464,s80.6762
162_152,s5.33706,s-1.103761,s8.069186
162_153,s1.294107,s5.242641,s288.174642
162_154,s-5.188682,s0.342899,s160.028066
162_155,s4.078141,s-3.46284,s295.524053
162_156,s-4.706081,s-0.644441,s83.281673
162_157,s-3.741977,s-3.962336,s152.01871
162_158,s-1.838983,s4.917381,s7.800502
162_159,s-1.054295,s5.448941,s50.331858
162_160,s4.480629,s3.441869,s118.553002
162_161,s-4.968278,s-1.845593,s73.634258
163_0,s0.0,s0.0,s224.07799
163_1,s-0.148662,s0.371349,s324.138907
163_2,s-0.433521,s-0.120664,s43.560215
163_3,s0.190827,s-0.673487,s116.327727
163_4,s-0.913799,s-0.259751,s80.095038
163_5,s-0.447068,s0.663423,s97.607334
163_6,s-0.744268,s-0.590394,s194.56315
163_7,s-0.067394,s1.047835,s63.289603
163_8,s0.44541,s0.540009,s230.223708
163_9,s1.095233,s-0.350664,s121.948796
163_10,s0.734919,s-0.948627,s215.942255
163_11,s1.050575,s0.847816,s64.136372
163_12,s1.373843,s0.46374,s347.862517
163_13,s-1.245248,s-0.63981,s125.561183
163_14,s0.338793,s-1.306797,s194.028876
163_15,s-0.179821,s1.640172,s282.801172
163_16,s1.593643,s0.142487,s235.155091
163_17,s1.541295,s-0.929737,s310.83356
163_18,s-1.250661,s-1.151455,s199.265546
163_19,s0.914429,s1.373433,s12.198963
163_20,s-0.990518,s0.917264,s50.454835
163_21,s-1.575529,s0.490109,s161.451982
163_22,s-1.731787,s0.896333,s41.722179
163_23,s-0.4896,s-1.523251,s233.738856
163_24,s-0.59971,s1.855491,s332.670797
163_25,s2.195039,s0.14766,s276.378481
163_26,s-1.046984,s1.820391,s55.830495
163_27,s1.478226,s1.561201,s231.407036
163_28,s1.009852,s-1.784012,s287.529052
163_29,s-1.799898,s-1.265056,s121.541619
163_30,s-0.69012,s-2.088955,s218.237921
163_31,s0.424488,s-2.158659,s199.060667
163_32,s0.943868,s2.260888,s331.390383
163_33,s-1.284294,s-1.908033,s93.051652
163_34,s-2.436729,s1.041563,s178.101692
163_35,s1.524309,s-1.981535,s193.08367
163_36,s2.128314,s-1.213581,s173.42918
163_37,s2.21165,s1.36697,s351.856848
163_38,s-1.943709,s-0.471164,s76.317652
163_39,s-1.7889,s2.282507,s354.121861
163_40,s-1.783567,s1.605891,s35.245421
163_41,s2.363303,s0.957756,s214.713346
163_42,s-2.218369,s-0.915881,s115.824923
163_43,s-0.865964,s-2.715254,s242.256704
163_44,s-2.023115,s-2.215176,s153.40833
163_45,s1.539398,s2.157024,s334.41392
163_46,s-0.56078,s2.641122,s352.15862
163_47,s2.391934,s-0.883827,s342.58859
163_48,s0.539859,s2.798402,s102.03545
163_49,s3.14502,s0.590636,s36.746496
163_50,s2.864552,s-0.452045,s297.59072
163_51,s2.406737,s-1.790983,s273.36504
163_52,s1.057025,s-2.646733,s184.135559
163_53,s-2.394613,s1.635796,s356.642679
163_54,s-2.905277,s0.747906,s72.500196
163_55,s-1.029026,s-3.345311,s77.506439
163_56,s-1.077656,s2.311095,s6.634927
163_57,s2.682851,s1.650699,s294.589367
163_58,s-2.807388,s1.535765,s66.143347
163_59,s-2.910519,s-0.481016,s52.863442
163_60,s0.539087,s-3.30634,s246.659103
163_61,s3.046104,s-1.26935,s346.454119
163_62,s-2.508949,s-1.986246,s126.411505
163_63,s-2.93107,s-1.622137,s82.261795
163_64,s1.985035,s-2.445841,s275.447764
163_65,s1.200553,s3.340834,s100.302035
163_66,s-2.291591,s2.711294,s338.119892
163_67,s3.187388,s1.183451,s278.967592
163_68,s-1.447782,s3.131521,s10.710101
163_69,s-2.845785,s2.204883,s111.039982
163_70,s-3.328107,s0.382364,s87.537311
163_71,s2.227809,s2.226963,s330.431299
163_72,s-3.373023,s-2.055533,s83.431494
163_73,s3.579258,s-0.937503,s329.234523
163_74,s0.442226,s3.47195,s10.190142
163_75,s1.722208,s-3.331141,s137.944124
163_76,s-3.621853,s-0.452413,s186.833749
163_77,s1.977097,s3.068157,s345.225682
163_78,s-1.829454,s-3.042302,s93.900732
163_79,s3.253774,s-1.962895,s273.354185
163_80,s-0.325149,s3.786064,s131.920094
163_81,s-2.642866,s3.068837,s62.521798
163_82,s1.630583,s3.597735,s69.101863
163_83,s2.725321,s3.129716,s330.762874
163_84,s2.95204,s2.146616,s7.081862
163_85,s2.410285,s-2.872808,s153.463555
163_86,s3.471528,s2.181397,s335.572071
163_87,s-0.231783,s-3.29185,s231.091314
163_88,s2.879316,s-2.323691,s230.103259
163_89,s4.142602,s-0.247685,s338.630898
163_90,s-3.731807,s1.440005,s254.30311
163_91,s1.18635,s4.133107,s345.164607
163_92,s2.81654,s-2.979447,s229.20729
163_93,s2.077396,s-3.764894,s240.696507
163_94,s3.798107,s1.672389,s289.594995
163_95,s4.266966,s1.073779,s316.595207
163_96,s-0.576484,s4.311632,s139.266225
163_97,s-4.016726,s-1.04327,s38.835671
163_98,s-2.12813,s3.62092,s51.486677
163_99,s-1.605121,s-3.609167,s192.198402
163_100,s-2.057409,s-3.604105,s97.529507
163_101,s3.761321,s-1.501655,s322.282092
163_102,s-3.11213,s2.669204,s69.175553
163_103,s3.612748,s-2.92755,s264.083497
163_104,s0.498426,s-3.968825,s293.549509
163_105,s-0.944496,s-3.938328,s323.950988
163_106,s-3.905641,s2.02632,s347.918465
163_107,s-0.556445,s-4.213415,s160.216844
163_108,s2.546828,s3.709942,s354.774885
163_109,s1.068345,s-4.319854,s314.737555
163_110,s-4.401897,s0.652538,s141.517355
163_111,s-4.280539,s-2.280238,s210.497366
163_112,s-4.138004,s1.495634,s82.519476
163_113,s-3.417892,s-2.927117,s312.781521
163_114,s-2.909704,s-3.627137,s117.572004
163_115,s-4.641877,s-1.221873,s234.093079
163_116,s-2.427069,s-4.02484,s138.071358
163_117,s2.081235,s-4.269773,s189.529959
163_118,s3.980854,s-2.304951,s265.834882
163_119,s-2.96033,s3.714693,s115.258664
163_120,s-1.779767,s4.241748,s234.524682
163_121,s-1.286726,s-4.62432,s76.009566
163_122,s3.264641,s3.311287,s288.730364
163_123,s4.114851,s2.471437,s325.179175
163_124,s4.720079,s0.872271,s221.002385
163_125,s4.384339,s-1.391967,s299.380666
163_126,s1.752158,s4.090531,s286.453023
163_127,s-4.462163,s-1.768926,s154.229839
163_128,s0.734017,s4.541059,s318.775932
163_129,s-4.583828,s1.868428,s34.632312
163_130,s-2.338573,s4.305935,s39.713206
163_131,s1.88746,s4.684015,s270.206685
163_132,s1.262205,s-4.682877,s227.232629
163_133,s-4.334511,s2.492391,s352.874167
163_134,s-3.559659,s3.790624,s78.929621
163_135,s-0.766759,s4.890254,s249.746215
163_136,s-0.294598,s-4.841045,s149.263863
163_137,s-1.969752,s-4.758422,s143.794882
163_138,s-4.381645,s3.487289,s46.265183
163_139,s3.6284,s-3.794366,s69.325057
163_140,s-1.430746,s4.686466,s315.101227
163_141,s4.960701,s1.383455,s233.607032
163_142,s2.603502,s-4.501309,s241.388774
163_143,s1.087243,s-5.187283,s153.455227
163_144,s-5.067011,s1.168504,s273.564415
163_145,s-4.027343,s-3.209829,s97.458321
163_146,s-4.671143,s-2.709322,s128.431303
163_147,s4.792428,s-1.744315,s270.057346
163_148,s-3.338887,s4.180231,s16.404482
163_149,s3.012327,s4.360721,s349.97996
163_150,s4.497803,s-2.803528,s260.32087
163_151,s0.648022,s5.159464,s80.6762
163_152,s5.33706,s-1.103761,s8.069186
163_153,s1.294107,s5.242641,s288.174642
163_154,s-5.188682,s0.342899,s160.028066
163_155,s4.078141,s-3.46284,s295.524053
163_156,s-4.706081,s-0.644441,s83.281673
163_157,s-3.741977,s-3.962336,s152.01871
163_158,s-1.838983,s4.917381,s7.800502
163_159,s-1.054295,s5.448941,s50.331858
163_160,s4.480629,s3.441869,s118.553002
163_161,s-4.968278,s-1.845593,s73.634258
163_162,s3.683805,s-4.283933,s285.667762
164_0,s0.0,s0.0,s224.07799
164_1,s-0.148662,s0.371349,s324.138907
164_2,s-0.433521,s-0.120664,s43.560215
164_3,s0.190827,s-0.673487,s116.327727
164_4,s-0.913799,s-0.259751,s80.095038
164_5,s-0.447068,s0.663423,s97.607334
164_6,s-0.744268,s-0.590394,s194.56315
164_7,s-0.067394,s1.047835,s63.289603
164_8,s0.44541,s0.540009,s230.223708
164_9,s1.095233,s-0.350664,s121.948796
164_10,s0.734919,s-0.948627,s215.942255
164_11,s1.050575,s0.847816,s64.136372
164_12,s1.373843,s0.46374,s347.862517
164_13,s-1.245248,s-0.63981,s125.561183
164_14,s0.338793,s-1.306797,s194.028876
164_15,s-0.179821,s1.640172,s282.801172
164_16,s1.593643,s0.142487,s235.155091
164_17,s1.541295,s-0.929737,s310.83356
164_18,s-1.250661,s-1.151455,s199.265546
164_19,s0.914429,s1.373433,s12.198963
164_20,s-0.990518,s0.917264,s50.454835
164_21,s-1.575529,s0.490109,s161.451982
164_22,s-1.731787,s0.896333,s41.722179
164_23,s-0.4896,s-1.523251,s233.738856
164_24,s-0.59971,s1.855491,s332.670797
164_25,s2.195039,s0.14766,s276.378481
164_26,s-1.046984,s1.820391,s55.830495
164_27,s1.478226,s1.561201,s231.407036
164_28,s1.009852,s-1.784012,s287.529052
164_29,s-1.799898,s-1.265056,s121.541619
164_30,s-0.69012,s-2.088955,s218.237921
164_31,s0.424488,s-2.158659,s199.060667
164_32,s0.943868,s2.260888,s331.390383
164_33,s-1.284294,s-1.908033,s93.051652
164_34,s-2.436729,s1.041563,s178.101692
164_35,s1.524309,s-1.981535,s193.08367
164_36,s2.128314,s-1.213581,s173.42918
164_37,s2.21165,s1.36697,s351.856848
164_38,s-1.943709,s-0.471164,s76.317652
164_39,s-1.7889,s2.282507,s354.121861
164_40,s-1.783567,s1.605891,s35.245421
164_41,s2.363303,s0.957756,s214.713346
164_42,s-2.218369,s-0.915881,s115.824923
164_43,s-0.865964,s-2.715254,s242.256704
164_44,s-2.023115,s-2.215176,s153.40833
164_45,s1.539398,s2.157024,s334.41392
164_46,s-0.56078,s2.641122,s352.15862
164_47,s2.391934,s-0.883827,s342.58859
164_48,s0.539859,s2.798402,s102.03545
164_49,s3.14502,s0.590636,s36.746496
164_50,s2.864552,s-0.452045,s297.59072
164_51,s2.406737,s-1.790983,s273.36504
164_52,s1.057025,s-2.646733,s184.135559
164_53,s-2.394613,s1.635796,s356.642679
164_54,s-2.905277,s0.747906,s72.500196
164_55,s-1.029026,s-3.345311,s77.506439
164_56,s-1.077656,s2.311095,s6.634927
164_57,s2.682851,s1.650699,s294.589367
164_58,s-2.807388,s1.535765,s66.143347
164_59,s-2.910519,s-0.481016,s52.863442
164_60,s0.539087,s-3.30634,s246.659103
164_61,s3.046104,s-1.26935,s346.454119
164_62,s-2.508949,s-1.986246,s126.411505
164_63,s-2.93107,s-1.622137,s82.261795
164_64,s1.985035,s-2.445841,s275.447764
164_65,s1.200553,s3.340834,s100.302035
164_66,s-2.291591,s2.711294,s338.119892
164_67,s3.187388,s1.183451,s278.967592
164_68,s-1.447782,s3.131521,s10.710101
164_69,s-2.845785,s2.204883,s111.039982
164_70,s-3.328107,s0.382364,s87.537311
164_71,s2.227809,s2.226963,s330.431299
164_72,s-3.373023,s-2.055533,s83.431494
164_73,s3.579258,s-0.937503,s329.234523
164_74,s0.442226,s3.47195,s10.190142
164_75,s1.722208,s-3.331141,s137.944124
164_76,s-3.621853,s-0.452413,s186.833749
164_77,s1.977097,s3.068157,s345.225682
164_78,s-1.829454,s-3.042302,s93.900732
164_79,s3.253774,s-1.962895,s273.354185
164_80,s-0.325149,s3.786064,s131.920094
164_81,s-2.642866,s3.068837,s62.521798
164_82,s1.630583,s3.597735,s69.101863
164_83,s2.725321,s3.129716,s330.762874
164_84,s2.95204,s2.146616,s7.081862
164_85,s2.410285,s-2.872808,s153.463555
164_86,s3.471528,s2.181397,s335.572071
164_87,s-0.231783,s-3.29185,s231.091314
164_88,s2.879316,s-2.323691,s230.103259
164_89,s4.142602,s-0.247685,s338.630898
164_90,s-3.731807,s1.440005,s254.30311
164_91,s1.18635,s4.133107,s345.164607
164_92,s2.81654,s-2.979447,s229.20729
164_93,s2.077396,s-3.764894,s240.696507
164_94,s3.798107,s1.672389,s289.594995
164_95,s4.266966,s1.073779,s316.595207
164_96,s-0.576484,s4.311632,s139.266225
164_97,s-4.016726,s-1.04327,s38.835671
164_98,s-2.12813,s3.62092,s51.486677
164_99,s-1.605121,s-3.609167,s192.198402
164_100,s-2.057409,s-3.604105,s97.529507
164_101,s3.761321,s-1.501655,s322.282092
164_102,s-3.11213,s2.669204,s69.175553
164_103,s3.612748,s-2.92755,s264.083497
164_104,s0.498426,s-3.968825,s293.549509
164_105,s-0.944496,s-3.938328,s323.950988
164_106,s-3.905641,s2.02632,s347.918465
164_107,s-0.556445,s-4.213415,s160.216844
164_108,s2.546828,s3.709942,s354.774885
164_109,s1.068345,s-4.319854,s314.737555
164_110,s-4.401897,s0.652538,s141.517355
164_111,s-4.280539,s-2.280238,s210.497366
164_112,s-4.138004,s1.495634,s82.519476
164_113,s-3.417892,s-2.927117,s312.781521
164_114,s-2.909704,s-3.627137,s117.572004
164_115,s-4.641877,s-1.221873,s234.093079
164_116,s-2.427069,s-4.02484,s138.071358
164_117,s2.081235,s-4.269773,s189.529959
164_118,s3.980854,s-2.304951,s265.834882
164_119,s-2.96033,s3.714693,s115.258664
164_120,s-1.779767,s4.241748,s234.524682
164_121,s-1.286726,s-4.62432,s76.009566
164_122,s3.264641,s3.311287,s288.730364
164_123,s4.114851,s2.471437,s325.179175
164_124,s4.720079,s0.872271,s221.002385
164_125,s4.384339,s-1.391967,s299.380666
164_126,s1.752158,s4.090531,s286.453023
164_127,s-4.462163,s-1.768926,s154.229839
164_128,s0.734017,s4.541059,s318.775932
164_129,s-4.583828,s1.868428,s34.632312
164_130,s-2.338573,s4.305935,s39.713206
164_131,s1.88746,s4.684015,s270.206685
164_132,s1.262205,s-4.682877,s227.232629
164_133,s-4.334511,s2.492391,s352.874167
164_134,s-3.559659,s3.790624,s78.929621
164_135,s-0.766759,s4.890254,s249.746215
164_136,s-0.294598,s-4.841045,s149.263863
164_137,s-1.969752,s-4.758422,s143.794882
164_138,s-4.381645,s3.487289,s46.265183
164_139,s3.6284,s-3.794366,s69.325057
164_140,s-1.430746,s4.686466,s315.101227
164_141,s4.960701,s1.383455,s233.607032
164_142,s2.603502,s-4.501309,s241.388774
164_143,s1.087243,s-5.187283,s153.455227
164_144,s-5.067011,s1.168504,s273.564415
164_145,s-4.027343,s-3.209829,s97.458321
164_146,s-4.671143,s-2.709322,s128.431303
164_147,s4.792428,s-1.744315,s270.057346
164_148,s-3.338887,s4.180231,s16.404482
164_149,s3.012327,s4.360721,s349.97996
164_150,s4.497803,s-2.803528,s260.32087
164_151,s0.648022,s5.159464,s80.6762
164_152,s5.33706,s-1.103761,s8.069186
164_153,s1.294107,s5.242641,s288.174642
164_154,s-5.188682,s0.342899,s160.028066
164_155,s4.078141,s-3.46284,s295.524053
164_156,s-4.706081,s-0.644441,s83.281673
164_157,s-3.741977,s-3.962336,s152.01871
164_158,s-1.838983,s4.917381,s7.800502
164_159,s-1.054295,s5.448941,s50.331858
164_160,s4.480629,s3.441869,s118.553002
164_161,s-4.968278,s-1.845593,s73.634258
164_162,s3.683805,s-4.283933,s285.667762
164_163,s5.428609,s0.482389,s252.648033
165_0,s0.0,s0.0,s224.07799
165_1,s-0.148662,s0.371349,s324.138907
165_2,s-0.433521,s-0.120664,s43.560215
165_3,s0.190827,s-0.673487,s116.327727
165_4,s-0.913799,s-0.259751,s80.095038
165_5,s-0.447068,s0.663423,s97.607334
165_6,s-0.744268,s-0.590394,s194.56315
165_7,s-0.067394,s1.047835,s63.289603
165_8,s0.44541,s0.540009,s230.223708
165_9,s1.095233,s-0.350664,s121.948796
165_10,s0.734919,s-0.948627,s215.942255
165_11,s1.050575,s0.847816,s64.136372
165_12,s1.373843,s0.46374,s347.862517
165_13,s-1.245248,s-0.63981,s125.561183
165_14,s0.338793,s-1.306797,s194.028876
165_15,s-0.179821,s1.640172,s282.801172
165_16,s1.593643,s0.142487,s235.155091
165_17,s1.541295,s-0.929737,s310.83356
165_18,s-1.250661,s-1.151455,s199.265546
165_19,s0.914429,s1.373433,s12.198963
165_20,s-0.990518,s0.917264,s50.454835
165_21,s-1.575529,s0.490109,s161.451982
165_22,s-1.731787,s0.896333,s41.722179
165_23,s-0.4896,s-1.523251,s233.738856
165_24,s-0.59971,s1.855491,s332.670797
165_25,s2.195039,s0.14766,s276.378481
165_26,s-1.046984,s1.820391,s55.830495
165_27,s1.478226,s1.561201,s231.407036
165_28,s1.009852,s-1.784012,s287.529052
165_29,s-1.799898,s-1.265056,s121.541619
165_30,s-0.69012,s-2.088955,s218.237921
165_31,s0.424488,s-2.158659,s199.060667
165_32,s0.943868,s2.260888,s331.390383
165_33,s-1.284294,s-1.908033,s93.051652
165_34,s-2.436729,s1.041563,s178.101692
165_35,s1.524309,s-1.981535,s193.08367
165_36,s2.128314,s-1.213581,s173.42918
165_37,s2.21165,s1.36697,s351.856848
165_38,s-1.943709,s-0.471164,s76.317652
165_39,s-1.7889,s2.282507,s354.121861
165_40,s-1.783567,s1.605891,s35.245421
165_41,s2.363303,s0.957756,s214.713346
165_42,s-2.218369,s-0.915881,s115.824923
165_43,s-0.865964,s-2.715254,s242.256704
165_44,s-2.023115,s-2.215176,s153.40833
165_45,s1.539398,s2.157024,s334.41392
165_46,s-0.56078,s2.641122,s352.15862
165_47,s2.391934,s-0.883827,s342.58859
165_48,s0.539859,s2.798402,s102.03545
165_49,s3.14502,s0.590636,s36.746496
165_50,s2.864552,s-0.452045,s297.59072
165_51,s2.406737,s-1.790983,s273.36504
165_52,s1.057025,s-2.646733,s184.135559
165_53,s-2.394613,s1.635796,s356.642679
165_54,s-2.905277,s0.747906,s72.500196
165_55,s-1.029026,s-3.345311,s77.506439
165_56,s-1.077656,s2.311095,s6.634927
165_57,s2.682851,s1.650699,s294.589367
165_58,s-2.807388,s1.535765,s66.143347
165_59,s-2.910519,s-0.481016,s52.863442
165_60,s0.539087,s-3.30634,s246.659103
165_61,s3.046104,s-1.26935,s346.454119
165_62,s-2.508949,s-1.986246,s126.411505
165_63,s-2.93107,s-1.622137,s82.261795
165_64,s1.985035,s-2.445841,s275.447764
165_65,s1.200553,s3.340834,s100.302035
165_66,s-2.291591,s2.711294,s338.119892
165_67,s3.187388,s1.183451,s278.967592
165_68,s-1.447782,s3.131521,s10.710101
165_69,s-2.845785,s2.204883,s111.039982
165_70,s-3.328107,s0.382364,s87.537311
165_71,s2.227809,s2.226963,s330.431299
165_72,s-3.373023,s-2.055533,s83.431494
165_73,s3.579258,s-0.937503,s329.234523
165_74,s0.442226,s3.47195,s10.190142
165_75,s1.722208,s-3.331141,s137.944124
165_76,s-3.621853,s-0.452413,s186.833749
165_77,s1.977097,s3.068157,s345.225682
165_78,s-1.829454,s-3.042302,s93.900732
165_79,s3.253774,s-1.962895,s273.354185
165_80,s-0.325149,s3.786064,s131.920094
165_81,s-2.642866,s3.068837,s62.521798
165_82,s1.630583,s3.597735,s69.101863
165_83,s2.725321,s3.129716,s330.762874
165_84,s2.95204,s2.146616,s7.081862
165_85,s2.410285,s-2.872808,s153.463555
165_86,s3.471528,s2.181397,s335.572071
165_87,s-0.231783,s-3.29185,s231.091314
165_88,s2.879316,s-2.323691,s230.103259
165_89,s4.142602,s-0.247685,s338.630898
165_90,s-3.731807,s1.440005,s254.30311
165_91,s1.18635,s4.133107,s345.164607
165_92,s2.81654,s-2.979447,s229.20729
165_93,s2.077396,s-3.764894,s240.696507
165_94,s3.798107,s1.672389,s289.594995
165_95,s4.266966,s1.073779,s316.595207
165_96,s-0.576484,s4.311632,s139.266225
165_97,s-4.016726,s-1.04327,s38.835671
165_98,s-2.12813,s3.62092,s51.486677
165_99,s-1.605121,s-3.609167,s192.198402
165_100,s-2.057409,s-3.604105,s97.529507
165_101,s3.761321,s-1.501655,s322.282092
165_102,s-3.11213,s2.669204,s69.175553
165_103,s3.612748,s-2.92755,s264.083497
165_104,s0.498426,s-3.968825,s293.549509
165_105,s-0.944496,s-3.938328,s323.950988
165_106,s-3.905641,s2.02632,s347.918465
165_107,s-0.556445,s-4.213415,s160.216844
165_108,s2.546828,s3.709942,s354.774885
165_109,s1.068345,s-4.319854,s314.737555
165_110,s-4.401897,s0.652538,s141.517355
165_111,s-4.280539,s-2.280238,s210.497366
165_112,s-4.138004,s1.495634,s82.519476
165_113,s-3.417892,s-2.927117,s312.781521
165_114,s-2.909704,s-3.627137,s117.572004
165_115,s-4.641877,s-1.221873,s234.093079
165_116,s-2.427069,s-4.02484,s138.071358
165_117,s2.081235,s-4.269773,s189.529959
165_118,s3.980854,s-2.304951,s265.834882
165_119,s-2.96033,s3.714693,s115.258664
165_120,s-1.779767,s4.241748,s234.524682
165_121,s-1.286726,s-4.62432,s76.009566
165_122,s3.264641,s3.311287,s288.730364
165_123,s4.114851,s2.471437,s325.179175
165_124,s4.720079,s0.872271,s221.002385
165_125,s4.384339,s-1.391967,s299.380666
165_126,s1.752158,s4.090531,s286.453023
165_127,s-4.462163,s-1.768926,s154.229839
165_128,s0.734017,s4.541059,s318.775932
165_129,s-4.583828,s1.868428,s34.632312
165_130,s-2.338573,s4.305935,s39.713206
165_131,s1.88746,s4.684015,s270.206685
165_132,s1.262205,s-4.682877,s227.232629
165_133,s-4.334511,s2.492391,s352.874167
165_134,s-3.559659,s3.790624,s78.929621
165_135,s-0.766759,s4.890254,s249.746215
165_136,s-0.294598,s-4.841045,s149.263863
165_137,s-1.969752,s-4.758422,s143.794882
165_138,s-4.381645,s3.487289,s46.265183
165_139,s3.6284,s-3.794366,s69.325057
165_140,s-1.430746,s4.686466,s315.101227
165_141,s4.960701,s1.383455,s233.607032
165_142,s2.603502,s-4.501309,s241.388774
165_143,s1.087243,s-5.187283,s153.455227
165_144,s-5.067011,s1.168504,s273.564415
165_145,s-4.027343,s-3.209829,s97.458321
165_146,s-4.671143,s-2.709322,s128.431303
165_147,s4.792428,s-1.744315,s270.057346
165_148,s-3.338887,s4.180231,s16.404482
165_149,s3.012327,s4.360721,s349.97996
165_150,s4.497803,s-2.803528,s260.32087
165_151,s0.648022,s5.159464,s80.6762
165_152,s5.33706,s-1.103761,s8.069186
165_153,s1.294107,s5.242641,s288.174642
165_154,s-5.188682,s0.342899,s160.028066
165_155,s4.078141,s-3.46284,s295.524053
165_156,s-4.706081,s-0.644441,s83.281673
165_157,s-3.741977,s-3.962336,s152.01871
165_158,s-1.838983,s4.917381,s7.800502
165_159,s-1.054295,s5.448941,s50.331858
165_160,s4.480629,s3.441869,s118.553002
165_161,s-4.968278,s-1.845593,s73.634258
165_162,s3.683805,s-4.283933,s285.667762
165_163,s5.428609,s0.482389,s252.648033
165_164,s-5.573549,s-0.926313,s67.282553
166_0,s0.0,s0.0,s224.07799
166_1,s-0.148662,s0.371349,s324.138907
166_2,s-0.433521,s-0.120664,s43.560215
166_3,s0.190827,s-0.673487,s116.327727
166_4,s-0.913799,s-0.259751,s80.095038
166_5,s-0.447068,s0.663423,s97.607334
166_6,s-0.744268,s-0.590394,s194.56315
166_7,s-0.067394,s1.047835,s63.289603
166_8,s0.44541,s0.540009,s230.223708
166_9,s1.095233,s-0.350664,s121.948796
166_10,s0.734919,s-0.948627,s215.942255
166_11,s1.050575,s0.847816,s64.136372
166_12,s1.373843,s0.46374,s347.862517
166_13,s-1.245248,s-0.63981,s125.561183
166_14,s0.338793,s-1.306797,s194.028876
166_15,s-0.179821,s1.640172,s282.801172
166_16,s1.593643,s0.142487,s235.155091
166_17,s1.541295,s-0.929737,s310.83356
166_18,s-1.250661,s-1.151455,s199.265546
166_19,s0.914429,s1.373433,s12.198963
166_20,s-0.990518,s0.917264,s50.454835
166_21,s-1.575529,s0.490109,s161.451982
166_22,s-1.731787,s0.896333,s41.722179
166_23,s-0.4896,s-1.523251,s233.738856
166_24,s-0.59971,s1.855491,s332.670797
166_25,s2.195039,s0.14766,s276.378481
166_26,s-1.046984,s1.820391,s55.830495
166_27,s1.478226,s1.561201,s231.407036
166_28,s1.009852,s-1.784012,s287.529052
166_29,s-1.799898,s-1.265056,s121.541619
166_30,s-0.69012,s-2.088955,s218.237921
166_31,s0.424488,s-2.158659,s199.060667
166_32,s0.943868,s2.260888,s331.390383
166_33,s-1.284294,s-1.908033,s93.051652
166_34,s-2.436729,s1.041563,s178.101692
166_35,s1.524309,s-1.981535,s193.08367
166_36,s2.128314,s-1.213581,s173.42918
166_37,s2.21165,s1.36697,s351.856848
166_38,s-1.943709,s-0.471164,s76.317652
166_39,s-1.7889,s2.282507,s354.121861
166_40,s-1.783567,s1.605891,s35.245421
166_41,s2.363303,s0.957756,s214.713346
166_42,s-2.218369,s-0.915881,s115.824923
166_43,s-0.865964,s-2.715254,s242.256704
166_44,s-2.023115,s-2.215176,s153.40833
166_45,s1.539398,s2.157024,s334.41392
166_46,s-0.56078,s2.641122,s352.15862
166_47,s2.391934,s-0.883827,s342.58859
166_48,s0.539859,s2.798402,s102.03545
166_49,s3.14502,s0.590636,s36.746496
166_50,s2.864552,s-0.452045,s297.59072
166_51,s2.406737,s-1.790983,s273.36504
166_52,s1.057025,s-2.646733,s184.135559
166_53,s-2.394613,s1.635796,s356.642679
166_54,s-2.905277,s0.747906,s72.500196
166_55,s-1.029026,s-3.345311,s77.506439
166_56,s-1.077656,s2.311095,s6.634927
166_57,s2.682851,s1.650699,s294.589367
166_58,s-2.807388,s1.535765,s66.143347
166_59,s-2.910519,s-0.481016,s52.863442
166_60,s0.539087,s-3.30634,s246.659103
166_61,s3.046104,s-1.26935,s346.454119
166_62,s-2.508949,s-1.986246,s126.411505
166_63,s-2.93107,s-1.622137,s82.261795
166_64,s1.985035,s-2.445841,s275.447764
166_65,s1.200553,s3.340834,s100.302035
166_66,s-2.291591,s2.711294,s338.119892
166_67,s3.187388,s1.183451,s278.967592
166_68,s-1.447782,s3.131521,s10.710101
166_69,s-2.845785,s2.204883,s111.039982
166_70,s-3.328107,s0.382364,s87.537311
166_71,s2.227809,s2.226963,s330.431299
166_72,s-3.373023,s-2.055533,s83.431494
166_73,s3.579258,s-0.937503,s329.234523
166_74,s0.442226,s3.47195,s10.190142
166_75,s1.722208,s-3.331141,s137.944124
166_76,s-3.621853,s-0.452413,s186.833749
166_77,s1.977097,s3.068157,s345.225682
166_78,s-1.829454,s-3.042302,s93.900732
166_79,s3.253774,s-1.962895,s273.354185
166_80,s-0.325149,s3.786064,s131.920094
166_81,s-2.642866,s3.068837,s62.521798
166_82,s1.630583,s3.597735,s69.101863
166_83,s2.725321,s3.129716,s330.762874
166_84,s2.95204,s2.146616,s7.081862
166_85,s2.410285,s-2.872808,s153.463555
166_86,s3.471528,s2.181397,s335.572071
166_87,s-0.231783,s-3.29185,s231.091314
166_88,s2.879316,s-2.323691,s230.103259
166_89,s4.142602,s-0.247685,s338.630898
166_90,s-3.731807,s1.440005,s254.30311
166_91,s1.18635,s4.133107,s345.164607
166_92,s2.81654,s-2.979447,s229.20729
166_93,s2.077396,s-3.764894,s240.696507
166_94,s3.798107,s1.672389,s289.594995
166_95,s4.266966,s1.073779,s316.595207
166_96,s-0.576484,s4.311632,s139.266225
166_97,s-4.016726,s-1.04327,s38.835671
166_98,s-2.12813,s3.62092,s51.486677
166_99,s-1.605121,s-3.609167,s192.198402
166_100,s-2.057409,s-3.604105,s97.529507
166_101,s3.761321,s-1.501655,s322.282092
166_102,s-3.11213,s2.669204,s69.175553
166_103,s3.612748,s-2.92755,s264.083497
166_104,s0.498426,s-3.968825,s293.549509
166_105,s-0.944496,s-3.938328,s323.950988
166_106,s-3.905641,s2.02632,s347.918465
166_107,s-0.556445,s-4.213415,s160.216844
166_108,s2.546828,s3.709942,s354.774885
166_109,s1.068345,s-4.319854,s314.737555
166_110,s-4.401897,s0.652538,s141.517355
166_111,s-4.280539,s-2.280238,s210.497366
166_112,s-4.138004,s1.495634,s82.519476
166_113,s-3.417892,s-2.927117,s312.781521
166_114,s-2.909704,s-3.627137,s117.572004
166_115,s-4.641877,s-1.221873,s234.093079
166_116,s-2.427069,s-4.02484,s138.071358
166_117,s2.081235,s-4.269773,s189.529959
166_118,s3.980854,s-2.304951,s265.834882
166_119,s-2.96033,s3.714693,s115.258664
166_120,s-1.779767,s4.241748,s234.524682
166_121,s-1.286726,s-4.62432,s76.009566
166_122,s3.264641,s3.311287,s288.730364
166_123,s4.114851,s2.471437,s325.179175
166_124,s4.720079,s0.872271,s221.002385
166_125,s4.384339,s-1.391967,s299.380666
166_126,s1.752158,s4.090531,s286.453023
166_127,s-4.462163,s-1.768926,s154.229839
166_128,s0.734017,s4.541059,s318.775932
166_129,s-4.583828,s1.868428,s34.632312
166_130,s-2.338573,s4.305935,s39.713206
166_131,s1.88746,s4.684015,s270.206685
166_132,s1.262205,s-4.682877,s227.232629
166_133,s-4.334511,s2.492391,s352.874167
166_134,s-3.559659,s3.790624,s78.929621
166_135,s-0.766759,s4.890254,s249.746215
166_136,s-0.294598,s-4.841045,s149.263863
166_137,s-1.969752,s-4.758422,s143.794882
166_138,s-4.381645,s3.487289,s46.265183
166_139,s3.6284,s-3.794366,s69.325057
166_140,s-1.430746,s4.686466,s315.101227
166_141,s4.960701,s1.383455,s233.607032
166_142,s2.603502,s-4.501309,s241.388774
166_143,s1.087243,s-5.187283,s153.455227
166_144,s-5.067011,s1.168504,s273.564415
166_145,s-4.027343,s-3.209829,s97.458321
166_146,s-4.671143,s-2.709322,s128.431303
166_147,s4.792428,s-1.744315,s270.057346
166_148,s-3.338887,s4.180231,s16.404482
166_149,s3.012327,s4.360721,s349.97996
166_150,s4.497803,s-2.803528,s260.32087
166_151,s0.648022,s5.159464,s80.6762
166_152,s5.33706,s-1.103761,s8.069186
166_153,s1.294107,s5.242641,s288.174642
166_154,s-5.188682,s0.342899,s160.028066
166_155,s4.078141,s-3.46284,s295.524053
166_156,s-4.706081,s-0.644441,s83.281673
166_157,s-3.741977,s-3.962336,s152.01871
166_158,s-1.838983,s4.917381,s7.800502
166_159,s-1.054295,s5.448941,s50.331858
166_160,s4.480629,s3.441869,s118.553002
166_161,s-4.968278,s-1.845593,s73.634258
166_162,s3.683805,s-4.283933,s285.667762
166_163,s5.428609,s0.482389,s252.648033
166_164,s-5.573549,s-0.926313,s67.282553
166_165,s3.913991,s3.934866,s81.906352
167_0,s0.0,s0.0,s224.07799
167_1,s-0.148662,s0.371349,s324.138907
167_2,s-0.433521,s-0.120664,s43.560215
167_3,s0.190827,s-0.673487,s116.327727
167_4,s-0.913799,s-0.259751,s80.095038
167_5,s-0.447068,s0.663423,s97.607334
167_6,s-0.744268,s-0.590394,s194.56315
167_7,s-0.067394,s1.047835,s63.289603
167_8,s0.44541,s0.540009,s230.223708
167_9,s1.095233,s-0.350664,s121.948796
167_10,s0.734919,s-0.948627,s215.942255
167_11,s1.050575,s0.847816,s64.136372
167_12,s1.373843,s0.46374,s347.862517
167_13,s-1.245248,s-0.63981,s125.561183
167_14,s0.338793,s-1.306797,s194.028876
167_15,s-0.179821,s1.640172,s282.801172
167_16,s1.593643,s0.142487,s235.155091
167_17,s1.541295,s-0.929737,s310.83356
167_18,s-1.250661,s-1.151455,s199.265546
167_19,s0.914429,s1.373433,s12.198963
167_20,s-0.990518,s0.917264,s50.454835
167_21,s-1.575529,s0.490109,s161.451982
167_22,s-1.731787,s0.896333,s41.722179
167_23,s-0.4896,s-1.523251,s233.738856
167_24,s-0.59971,s1.855491,s332.670797
167_25,s2.195039,s0.14766,s276.378481
167_26,s-1.046984,s1.820391,s55.830495
167_27,s1.478226,s1.561201,s231.407036
167_28,s1.009852,s-1.784012,s287.529052
167_29,s-1.799898,s-1.265056,s121.541619
167_30,s-0.69012,s-2.088955,s218.237921
167_31,s0.424488,s-2.158659,s199.060667
167_32,s0.943868,s2.260888,s331.390383
167_33,s-1.284294,s-1.908033,s93.051652
167_34,s-2.436729,s1.041563,s178.101692
167_35,s1.524309,s-1.981535,s193.08367
167_36,s2.128314,s-1.213581,s173.42918
167_37,s2.21165,s1.36697,s351.856848
167_38,s-1.943709,s-0.471164,s76.317652
167_39,s-1.7889,s2.282507,s354.121861
167_40,s-1.783567,s1.605891,s35.245421
167_41,s2.363303,s0.957756,s214.713346
167_42,s-2.218369,s-0.915881,s115.824923
167_43,s-0.865964,s-2.715254,s242.256704
167_44,s-2.023115,s-2.215176,s153.40833
167_45,s1.539398,s2.157024,s334.41392
167_46,s-0.56078,s2.641122,s352.15862
167_47,s2.391934,s-0.883827,s342.58859
167_48,s0.539859,s2.798402,s102.03545
167_49,s3.14502,s0.590636,s36.746496
167_50,s2.864552,s-0.452045,s297.59072
167_51,s2.406737,s-1.790983,s273.36504
167_52,s1.057025,s-2.646733,s184.135559
167_53,s-2.394613,s1.635796,s356.642679
167_54,s-2.905277,s0.747906,s72.500196
167_55,s-1.029026,s-3.345311,s77.506439
167_56,s-1.077656,s2.311095,s6.634927
167_57,s2.682851,s1.650699,s294.589367
167_58,s-2.807388,s1.535765,s66.143347
167_59,s-2.910519,s-0.481016,s52.863442
167_60,s0.539087,s-3.30634,s246.659103
167_61,s3.046104,s-1.26935,s346.454119
167_62,s-2.508949,s-1.986246,s126.411505
167_63,s-2.93107,s-1.622137,s82.261795
167_64,s1.985035,s-2.445841,s275.447764
167_65,s1.200553,s3.340834,s100.302035
167_66,s-2.291591,s2.711294,s338.119892
167_67,s3.187388,s1.183451,s278.967592
167_68,s-1.447782,s3.131521,s10.710101
167_69,s-2.845785,s2.204883,s111.039982
167_70,s-3.328107,s0.382364,s87.537311
167_71,s2.227809,s2.226963,s330.431299
167_72,s-3.373023,s-2.055533,s83.431494
167_73,s3.579258,s-0.937503,s329.234523
167_74,s0.442226,s3.47195,s10.190142
167_75,s1.722208,s-3.331141,s137.944124
167_76,s-3.621853,s-0.452413,s186.833749
167_77,s1.977097,s3.068157,s345.225682
167_78,s-1.829454,s-3.042302,s93.900732
167_79,s3.253774,s-1.962895,s273.354185
167_80,s-0.325149,s3.786064,s131.920094
167_81,s-2.642866,s3.068837,s62.521798
167_82,s1.630583,s3.597735,s69.101863
167_83,s2.725321,s3.129716,s330.762874
167_84,s2.95204,s2.146616,s7.081862
167_85,s2.410285,s-2.872808,s153.463555
167_86,s3.471528,s2.181397,s335.572071
167_87,s-0.231783,s-3.29185,s231.091314
167_88,s2.879316,s-2.323691,s230.103259
167_89,s4.142602,s-0.247685,s338.630898
167_90,s-3.731807,s1.440005,s254.30311
167_91,s1.18635,s4.133107,s345.164607
167_92,s2.81654,s-2.979447,s229.20729
167_93,s2.077396,s-3.764894,s240.696507
167_94,s3.798107,s1.672389,s289.594995
167_95,s4.266966,s1.073779,s316.595207
167_96,s-0.576484,s4.311632,s139.266225
167_97,s-4.016726,s-1.04327,s38.835671
167_98,s-2.12813,s3.62092,s51.486677
167_99,s-1.605121,s-3.609167,s192.198402
167_100,s-2.057409,s-3.604105,s97.529507
167_101,s3.761321,s-1.501655,s322.282092
167_102,s-3.11213,s2.669204,s69.175553
167_103,s3.612748,s-2.92755,s264.083497
167_104,s0.498426,s-3.968825,s293.549509
167_105,s-0.944496,s-3.938328,s323.950988
167_106,s-3.905641,s2.02632,s347.918465
167_107,s-0.556445,s-4.213415,s160.216844
167_108,s2.546828,s3.709942,s354.774885
167_109,s1.068345,s-4.319854,s314.737555
167_110,s-4.401897,s0.652538,s141.517355
167_111,s-4.280539,s-2.280238,s210.497366
167_112,s-4.138004,s1.495634,s82.519476
167_113,s-3.417892,s-2.927117,s312.781521
167_114,s-2.909704,s-3.627137,s117.572004
167_115,s-4.641877,s-1.221873,s234.093079
167_116,s-2.427069,s-4.02484,s138.071358
167_117,s2.081235,s-4.269773,s189.529959
167_118,s3.980854,s-2.304951,s265.834882
167_119,s-2.96033,s3.714693,s115.258664
167_120,s-1.779767,s4.241748,s234.524682
167_121,s-1.286726,s-4.62432,s76.009566
167_122,s3.264641,s3.311287,s288.730364
167_123,s4.114851,s2.471437,s325.179175
167_124,s4.720079,s0.872271,s221.002385
167_125,s4.384339,s-1.391967,s299.380666
167_126,s1.752158,s4.090531,s286.453023
167_127,s-4.462163,s-1.768926,s154.229839
167_128,s0.734017,s4.541059,s318.775932
167_129,s-4.583828,s1.868428,s34.632312
167_130,s-2.338573,s4.305935,s39.713206
167_131,s1.88746,s4.684015,s270.206685
167_132,s1.262205,s-4.682877,s227.232629
167_133,s-4.334511,s2.492391,s352.874167
167_134,s-3.559659,s3.790624,s78.929621
167_135,s-0.766759,s4.890254,s249.746215
167_136,s-0.294598,s-4.841045,s149.263863
167_137,s-1.969752,s-4.758422,s143.794882
167_138,s-4.381645,s3.487289,s46.265183
167_139,s3.6284,s-3.794366,s69.325057
167_140,s-1.430746,s4.686466,s315.101227
167_141,s4.960701,s1.383455,s233.607032
167_142,s2.603502,s-4.501309,s241.388774
167_143,s1.087243,s-5.187283,s153.455227
167_144,s-5.067011,s1.168504,s273.564415
167_145,s-4.027343,s-3.209829,s97.458321
167_146,s-4.671143,s-2.709322,s128.431303
167_147,s4.792428,s-1.744315,s270.057346
167_148,s-3.338887,s4.180231,s16.404482
167_149,s3.012327,s4.360721,s349.97996
167_150,s4.497803,s-2.803528,s260.32087
167_151,s0.648022,s5.159464,s80.6762
167_152,s5.33706,s-1.103761,s8.069186
167_153,s1.294107,s5.242641,s288.174642
167_154,s-5.188682,s0.342899,s160.028066
167_155,s4.078141,s-3.46284,s295.524053
167_156,s-4.706081,s-0.644441,s83.281673
167_157,s-3.741977,s-3.962336,s152.01871
167_158,s-1.838983,s4.917381,s7.800502
167_159,s-1.054295,s5.448941,s50.331858
167_160,s4.480629,s3.441869,s118.553002
167_161,s-4.968278,s-1.845593,s73.634258
167_162,s3.683805,s-4.283933,s285.667762
167_163,s5.428609,s0.482389,s252.648033
167_164,s-5.573549,s-0.926313,s67.282553
167_165,s3.913991,s3.934866,s81.906352
167_166,s-0.95946,s-5.110718,s107.450386
168_0,s0.0,s0.0,s224.07799
168_1,s-0.148662,s0.371349,s324.138907
168_2,s-0.433521,s-0.120664,s43.560215
168_3,s0.190827,s-0.673487,s116.327727
168_4,s-0.913799,s-0.259751,s80.095038
168_5,s-0.447068,s0.663423,s97.607334
168_6,s-0.744268,s-0.590394,s194.56315
168_7,s-0.067394,s1.047835,s63.289603
168_8,s0.44541,s0.540009,s230.223708
168_9,s1.095233,s-0.350664,s121.948796
168_10,s0.734919,s-0.948627,s215.942255
168_11,s1.050575,s0.847816,s64.136372
168_12,s1.373843,s0.46374,s347.862517
168_13,s-1.245248,s-0.63981,s125.561183
168_14,s0.338793,s-1.306797,s194.028876
168_15,s-0.179821,s1.640172,s282.801172
168_16,s1.593643,s0.142487,s235.155091
168_17,s1.541295,s-0.929737,s310.83356
168_18,s-1.250661,s-1.151455,s199.265546
168_19,s0.914429,s1.373433,s12.198963
168_20,s-0.990518,s0.917264,s50.454835
168_21,s-1.575529,s0.490109,s161.451982
168_22,s-1.731787,s0.896333,s41.722179
168_23,s-0.4896,s-1.523251,s233.738856
168_24,s-0.59971,s1.855491,s332.670797
168_25,s2.195039,s0.14766,s276.378481
168_26,s-1.046984,s1.820391,s55.830495
168_27,s1.478226,s1.561201,s231.407036
168_28,s1.009852,s-1.784012,s287.529052
168_29,s-1.799898,s-1.265056,s121.541619
168_30,s-0.69012,s-2.088955,s218.237921
168_31,s0.424488,s-2.158659,s199.060667
168_32,s0.943868,s2.260888,s331.390383
168_33,s-1.284294,s-1.908033,s93.051652
168_34,s-2.436729,s1.041563,s178.101692
168_35,s1.524309,s-1.981535,s193.08367
168_36,s2.128314,s-1.213581,s173.42918
168_37,s2.21165,s1.36697,s351.856848
168_38,s-1.943709,s-0.471164,s76.317652
168_39,s-1.7889,s2.282507,s354.121861
168_40,s-1.783567,s1.605891,s35.245421
168_41,s2.363303,s0.957756,s214.713346
168_42,s-2.218369,s-0.915881,s115.824923
168_43,s-0.865964,s-2.715254,s242.256704
168_44,s-2.023115,s-2.215176,s153.40833
168_45,s1.539398,s2.157024,s334.41392
168_46,s-0.56078,s2.641122,s352.15862
168_47,s2.391934,s-0.883827,s342.58859
168_48,s0.539859,s2.798402,s102.03545
168_49,s3.14502,s0.590636,s36.746496
168_50,s2.864552,s-0.452045,s297.59072
168_51,s2.406737,s-1.790983,s273.36504
168_52,s1.057025,s-2.646733,s184.135559
168_53,s-2.394613,s1.635796,s356.642679
168_54,s-2.905277,s0.747906,s72.500196
168_55,s-1.029026,s-3.345311,s77.506439
168_56,s-1.077656,s2.311095,s6.634927
168_57,s2.682851,s1.650699,s294.589367
168_58,s-2.807388,s1.535765,s66.143347
168_59,s-2.910519,s-0.481016,s52.863442
168_60,s0.539087,s-3.30634,s246.659103
168_61,s3.046104,s-1.26935,s346.454119
168_62,s-2.508949,s-1.986246,s126.411505
168_63,s-2.93107,s-1.622137,s82.261795
168_64,s1.985035,s-2.445841,s275.447764
168_65,s1.200553,s3.340834,s100.302035
168_66,s-2.291591,s2.711294,s338.119892
168_67,s3.187388,s1.183451,s278.967592
168_68,s-1.447782,s3.131521,s10.710101
168_69,s-2.845785,s2.204883,s111.039982
168_70,s-3.328107,s0.382364,s87.537311
168_71,s2.227809,s2.226963,s330.431299
168_72,s-3.373023,s-2.055533,s83.431494
168_73,s3.579258,s-0.937503,s329.234523
168_74,s0.442226,s3.47195,s10.190142
168_75,s1.722208,s-3.331141,s137.944124
168_76,s-3.621853,s-0.452413,s186.833749
168_77,s1.977097,s3.068157,s345.225682
168_78,s-1.829454,s-3.042302,s93.900732
168_79,s3.253774,s-1.962895,s273.354185
168_80,s-0.325149,s3.786064,s131.920094
168_81,s-2.642866,s3.068837,s62.521798
168_82,s1.630583,s3.597735,s69.101863
168_83,s2.725321,s3.129716,s330.762874
168_84,s2.95204,s2.146616,s7.081862
168_85,s2.410285,s-2.872808,s153.463555
168_86,s3.471528,s2.181397,s335.572071
168_87,s-0.231783,s-3.29185,s231.091314
168_88,s2.879316,s-2.323691,s230.103259
168_89,s4.142602,s-0.247685,s338.630898
168_90,s-3.731807,s1.440005,s254.30311
168_91,s1.18635,s4.133107,s345.164607
168_92,s2.81654,s-2.979447,s229.20729
168_93,s2.077396,s-3.764894,s240.696507
168_94,s3.798107,s1.672389,s289.594995
168_95,s4.266966,s1.073779,s316.595207
168_96,s-0.576484,s4.311632,s139.266225
168_97,s-4.016726,s-1.04327,s38.835671
168_98,s-2.12813,s3.62092,s51.486677
168_99,s-1.605121,s-3.609167,s192.198402
168_100,s-2.057409,s-3.604105,s97.529507
168_101,s3.761321,s-1.501655,s322.282092
168_102,s-3.11213,s2.669204,s69.175553
168_103,s3.612748,s-2.92755,s264.083497
168_104,s0.498426,s-3.968825,s293.549509
168_105,s-0.944496,s-3.938328,s323.950988
168_106,s-3.905641,s2.02632,s347.918465
168_107,s-0.556445,s-4.213415,s160.216844
168_108,s2.546828,s3.709942,s354.774885
168_109,s1.068345,s-4.319854,s314.737555
168_110,s-4.401897,s0.652538,s141.517355
168_111,s-4.280539,s-2.280238,s210.497366
168_112,s-4.138004,s1.495634,s82.519476
168_113,s-3.417892,s-2.927117,s312.781521
168_114,s-2.909704,s-3.627137,s117.572004
168_115,s-4.641877,s-1.221873,s234.093079
168_116,s-2.427069,s-4.02484,s138.071358
168_117,s2.081235,s-4.269773,s189.529959
168_118,s3.980854,s-2.304951,s265.834882
168_119,s-2.96033,s3.714693,s115.258664
168_120,s-1.779767,s4.241748,s234.524682
168_121,s-1.286726,s-4.62432,s76.009566
168_122,s3.264641,s3.311287,s288.730364
168_123,s4.114851,s2.471437,s325.179175
168_124,s4.720079,s0.872271,s221.002385
168_125,s4.384339,s-1.391967,s299.380666
168_126,s1.752158,s4.090531,s286.453023
168_127,s-4.462163,s-1.768926,s154.229839
168_128,s0.734017,s4.541059,s318.775932
168_129,s-4.583828,s1.868428,s34.632312
168_130,s-2.338573,s4.305935,s39.713206
168_131,s1.88746,s4.684015,s270.206685
168_132,s1.262205,s-4.682877,s227.232629
168_133,s-4.334511,s2.492391,s352.874167
168_134,s-3.559659,s3.790624,s78.929621
168_135,s-0.766759,s4.890254,s249.746215
168_136,s-0.294598,s-4.841045,s149.263863
168_137,s-1.969752,s-4.758422,s143.794882
168_138,s-4.381645,s3.487289,s46.265183
168_139,s3.6284,s-3.794366,s69.325057
168_140,s-1.430746,s4.686466,s315.101227
168_141,s4.960701,s1.383455,s233.607032
168_142,s2.603502,s-4.501309,s241.388774
168_143,s1.087243,s-5.187283,s153.455227
168_144,s-5.067011,s1.168504,s273.564415
168_145,s-4.027343,s-3.209829,s97.458321
168_146,s-4.671143,s-2.709322,s128.431303
168_147,s4.792428,s-1.744315,s270.057346
168_148,s-3.338887,s4.180231,s16.404482
168_149,s3.012327,s4.360721,s349.97996
168_150,s4.497803,s-2.803528,s260.32087
168_151,s0.648022,s5.159464,s80.6762
168_152,s5.33706,s-1.103761,s8.069186
168_153,s1.294107,s5.242641,s288.174642
168_154,s-5.188682,s0.342899,s160.028066
168_155,s4.078141,s-3.46284,s295.524053
168_156,s-4.706081,s-0.644441,s83.281673
168_157,s-3.741977,s-3.962336,s152.01871
168_158,s-1.838983,s4.917381,s7.800502
168_159,s-1.054295,s5.448941,s50.331858
168_160,s4.480629,s3.441869,s118.553002
168_161,s-4.968278,s-1.845593,s73.634258
168_162,s3.683805,s-4.283933,s285.667762
168_163,s5.428609,s0.482389,s252.648033
168_164,s-5.573549,s-0.926313,s67.282553
168_165,s3.913991,s3.934866,s81.906352
168_166,s-0.95946,s-5.110718,s107.450386
168_167,s-5.387857,s1.331726,s114.30071
169_0,s0.0,s0.0,s224.07799
169_1,s-0.148662,s0.371349,s324.138907
169_2,s-0.433521,s-0.120664,s43.560215
169_3,s0.190827,s-0.673487,s116.327727
169_4,s-0.913799,s-0.259751,s80.095038
169_5,s-0.447068,s0.663423,s97.607334
169_6,s-0.744268,s-0.590394,s194.56315
169_7,s-0.067394,s1.047835,s63.289603
169_8,s0.44541,s0.540009,s230.223708
169_9,s1.095233,s-0.350664,s121.948796
169_10,s0.734919,s-0.948627,s215.942255
169_11,s1.050575,s0.847816,s64.136372
169_12,s1.373843,s0.46374,s347.862517
169_13,s-1.245248,s-0.63981,s125.561183
169_14,s0.338793,s-1.306797,s194.028876
169_15,s-0.179821,s1.640172,s282.801172
169_16,s1.593643,s0.142487,s235.155091
169_17,s1.541295,s-0.929737,s310.83356
169_18,s-1.250661,s-1.151455,s199.265546
169_19,s0.914429,s1.373433,s12.198963
169_20,s-0.990518,s0.917264,s50.454835
169_21,s-1.575529,s0.490109,s161.451982
169_22,s-1.731787,s0.896333,s41.722179
169_23,s-0.4896,s-1.523251,s233.738856
169_24,s-0.59971,s1.855491,s332.670797
169_25,s2.195039,s0.14766,s276.378481
169_26,s-1.046984,s1.820391,s55.830495
169_27,s1.478226,s1.561201,s231.407036
169_28,s1.009852,s-1.784012,s287.529052
169_29,s-1.799898,s-1.265056,s121.541619
169_30,s-0.69012,s-2.088955,s218.237921
169_31,s0.424488,s-2.158659,s199.060667
169_32,s0.943868,s2.260888,s331.390383
169_33,s-1.284294,s-1.908033,s93.051652
169_34,s-2.436729,s1.041563,s178.101692
169_35,s1.524309,s-1.981535,s193.08367
169_36,s2.128314,s-1.213581,s173.42918
169_37,s2.21165,s1.36697,s351.856848
169_38,s-1.943709,s-0.471164,s76.317652
169_39,s-1.7889,s2.282507,s354.121861
169_40,s-1.783567,s1.605891,s35.245421
169_41,s2.363303,s0.957756,s214.713346
169_42,s-2.218369,s-0.915881,s115.824923
169_43,s-0.865964,s-2.715254,s242.256704
169_44,s-2.023115,s-2.215176,s153.40833
169_45,s1.539398,s2.157024,s334.41392
169_46,s-0.56078,s2.641122,s352.15862
169_47,s2.391934,s-0.883827,s342.58859
169_48,s0.539859,s2.798402,s102.03545
169_49,s3.14502,s0.590636,s36.746496
169_50,s2.864552,s-0.452045,s297.59072
169_51,s2.406737,s-1.790983,s273.36504
169_52,s1.057025,s-2.646733,s184.135559
169_53,s-2.394613,s1.635796,s356.642679
169_54,s-2.905277,s0.747906,s72.500196
169_55,s-1.029026,s-3.345311,s77.506439
169_56,s-1.077656,s2.311095,s6.634927
169_57,s2.682851,s1.650699,s294.589367
169_58,s-2.807388,s1.535765,s66.143347
169_59,s-2.910519,s-0.481016,s52.863442
169_60,s0.539087,s-3.30634,s246.659103
169_61,s3.046104,s-1.26935,s346.454119
169_62,s-2.508949,s-1.986246,s126.411505
169_63,s-2.93107,s-1.622137,s82.261795
169_64,s1.985035,s-2.445841,s275.447764
169_65,s1.200553,s3.340834,s100.302035
169_66,s-2.291591,s2.711294,s338.119892
169_67,s3.187388,s1.183451,s278.967592
169_68,s-1.447782,s3.131521,s10.710101
169_69,s-2.845785,s2.204883,s111.039982
169_70,s-3.328107,s0.382364,s87.537311
169_71,s2.227809,s2.226963,s330.431299
169_72,s-3.373023,s-2.055533,s83.431494
169_73,s3.579258,s-0.937503,s329.234523
169_74,s0.442226,s3.47195,s10.190142
169_75,s1.722208,s-3.331141,s137.944124
169_76,s-3.621853,s-0.452413,s186.833749
169_77,s1.977097,s3.068157,s345.225682
169_78,s-1.829454,s-3.042302,s93.900732
169_79,s3.253774,s-1.962895,s273.354185
169_80,s-0.325149,s3.786064,s131.920094
169_81,s-2.642866,s3.068837,s62.521798
169_82,s1.630583,s3.597735,s69.101863
169_83,s2.725321,s3.129716,s330.762874
169_84,s2.95204,s2.146616,s7.081862
169_85,s2.410285,s-2.872808,s153.463555
169_86,s3.471528,s2.181397,s335.572071
169_87,s-0.231783,s-3.29185,s231.091314
169_88,s2.879316,s-2.323691,s230.103259
169_89,s4.142602,s-0.247685,s338.630898
169_90,s-3.731807,s1.440005,s254.30311
169_91,s1.18635,s4.133107,s345.164607
169_92,s2.81654,s-2.979447,s229.20729
169_93,s2.077396,s-3.764894,s240.696507
169_94,s3.798107,s1.672389,s289.594995
169_95,s4.266966,s1.073779,s316.595207
169_96,s-0.576484,s4.311632,s139.266225
169_97,s-4.016726,s-1.04327,s38.835671
169_98,s-2.12813,s3.62092,s51.486677
169_99,s-1.605121,s-3.609167,s192.198402
169_100,s-2.057409,s-3.604105,s97.529507
169_101,s3.761321,s-1.501655,s322.282092
169_102,s-3.11213,s2.669204,s69.175553
169_103,s3.612748,s-2.92755,s264.083497
169_104,s0.498426,s-3.968825,s293.549509
169_105,s-0.944496,s-3.938328,s323.950988
169_106,s-3.905641,s2.02632,s347.918465
169_107,s-0.556445,s-4.213415,s160.216844
169_108,s2.546828,s3.709942,s354.774885
169_109,s1.068345,s-4.319854,s314.737555
169_110,s-4.401897,s0.652538,s141.517355
169_111,s-4.280539,s-2.280238,s210.497366
169_112,s-4.138004,s1.495634,s82.519476
169_113,s-3.417892,s-2.927117,s312.781521
169_114,s-2.909704,s-3.627137,s117.572004
169_115,s-4.641877,s-1.221873,s234.093079
169_116,s-2.427069,s-4.02484,s138.071358
169_117,s2.081235,s-4.269773,s189.529959
169_118,s3.980854,s-2.304951,s265.834882
169_119,s-2.96033,s3.714693,s115.258664
169_120,s-1.779767,s4.241748,s234.524682
169_121,s-1.286726,s-4.62432,s76.009566
169_122,s3.264641,s3.311287,s288.730364
169_123,s4.114851,s2.471437,s325.179175
169_124,s4.720079,s0.872271,s221.002385
169_125,s4.384339,s-1.391967,s299.380666
169_126,s1.752158,s4.090531,s286.453023
169_127,s-4.462163,s-1.768926,s154.229839
169_128,s0.734017,s4.541059,s318.775932
169_129,s-4.583828,s1.868428,s34.632312
169_130,s-2.338573,s4.305935,s39.713206
169_131,s1.88746,s4.684015,s270.206685
169_132,s1.262205,s-4.682877,s227.232629
169_133,s-4.334511,s2.492391,s352.874167
169_134,s-3.559659,s3.790624,s78.929621
169_135,s-0.766759,s4.890254,s249.746215
169_136,s-0.294598,s-4.841045,s149.263863
169_137,s-1.969752,s-4.758422,s143.794882
169_138,s-4.381645,s3.487289,s46.265183
169_139,s3.6284,s-3.794366,s69.325057
169_140,s-1.430746,s4.686466,s315.101227
169_141,s4.960701,s1.383455,s233.607032
169_142,s2.603502,s-4.501309,s241.388774
169_143,s1.087243,s-5.187283,s153.455227
169_144,s-5.067011,s1.168504,s273.564415
169_145,s-4.027343,s-3.209829,s97.458321
169_146,s-4.671143,s-2.709322,s128.431303
169_147,s4.792428,s-1.744315,s270.057346
169_148,s-3.338887,s4.180231,s16.404482
169_149,s3.012327,s4.360721,s349.97996
169_150,s4.497803,s-2.803528,s260.32087
169_151,s0.648022,s5.159464,s80.6762
169_152,s5.33706,s-1.103761,s8.069186
169_153,s1.294107,s5.242641,s288.174642
169_154,s-5.188682,s0.342899,s160.028066
169_155,s4.078141,s-3.46284,s295.524053
169_156,s-4.706081,s-0.644441,s83.281673
169_157,s-3.741977,s-3.962336,s152.01871
169_158,s-1.838983,s4.917381,s7.800502
169_159,s-1.054295,s5.448941,s50.331858
169_160,s4.480629,s3.441869,s118.553002
169_161,s-4.968278,s-1.845593,s73.634258
169_162,s3.683805,s-4.283933,s285.667762
169_163,s5.428609,s0.482389,s252.648033
169_164,s-5.573549,s-0.926313,s67.282553
169_165,s3.913991,s3.934866,s81.906352
169_166,s-0.95946,s-5.110718,s107.450386
169_167,s-5.387857,s1.331726,s114.30071
169_168,s5.416485,s1.7753,s56.616553
170_0,s0.0,s0.0,s224.07799
170_1,s-0.148662,s0.371349,s324.138907
170_2,s-0.433521,s-0.120664,s43.560215
170_3,s0.190827,s-0.673487,s116.327727
170_4,s-0.913799,s-0.259751,s80.095038
170_5,s-0.447068,s0.663423,s97.607334
170_6,s-0.744268,s-0.590394,s194.56315
170_7,s-0.067394,s1.047835,s63.289603
170_8,s0.44541,s0.540009,s230.223708
170_9,s1.095233,s-0.350664,s121.948796
170_10,s0.734919,s-0.948627,s215.942255
170_11,s1.050575,s0.847816,s64.136372
170_12,s1.373843,s0.46374,s347.862517
170_13,s-1.245248,s-0.63981,s125.561183
170_14,s0.338793,s-1.306797,s194.028876
170_15,s-0.179821,s1.640172,s282.801172
170_16,s1.593643,s0.142487,s235.155091
170_17,s1.541295,s-0.929737,s310.83356
170_18,s-1.250661,s-1.151455,s199.265546
170_19,s0.914429,s1.373433,s12.198963
170_20,s-0.990518,s0.917264,s50.454835
170_21,s-1.575529,s0.490109,s161.451982
170_22,s-1.731787,s0.896333,s41.722179
170_23,s-0.4896,s-1.523251,s233.738856
170_24,s-0.59971,s1.855491,s332.670797
170_25,s2.195039,s0.14766,s276.378481
170_26,s-1.046984,s1.820391,s55.830495
170_27,s1.478226,s1.561201,s231.407036
170_28,s1.009852,s-1.784012,s287.529052
170_29,s-1.799898,s-1.265056,s121.541619
170_30,s-0.69012,s-2.088955,s218.237921
170_31,s0.424488,s-2.158659,s199.060667
170_32,s0.943868,s2.260888,s331.390383
170_33,s-1.284294,s-1.908033,s93.051652
170_34,s-2.436729,s1.041563,s178.101692
170_35,s1.524309,s-1.981535,s193.08367
170_36,s2.128314,s-1.213581,s173.42918
170_37,s2.21165,s1.36697,s351.856848
170_38,s-1.943709,s-0.471164,s76.317652
170_39,s-1.7889,s2.282507,s354.121861
170_40,s-1.783567,s1.605891,s35.245421
170_41,s2.363303,s0.957756,s214.713346
170_42,s-2.218369,s-0.915881,s115.824923
170_43,s-0.865964,s-2.715254,s242.256704
170_44,s-2.023115,s-2.215176,s153.40833
170_45,s1.539398,s2.157024,s334.41392
170_46,s-0.56078,s2.641122,s352.15862
170_47,s2.391934,s-0.883827,s342.58859
170_48,s0.539859,s2.798402,s102.03545
170_49,s3.14502,s0.590636,s36.746496
170_50,s2.864552,s-0.452045,s297.59072
170_51,s2.406737,s-1.790983,s273.36504
170_52,s1.057025,s-2.646733,s184.135559
170_53,s-2.394613,s1.635796,s356.642679
170_54,s-2.905277,s0.747906,s72.500196
170_55,s-1.029026,s-3.345311,s77.506439
170_56,s-1.077656,s2.311095,s6.634927
170_57,s2.682851,s1.650699,s294.589367
170_58,s-2.807388,s1.535765,s66.143347
170_59,s-2.910519,s-0.481016,s52.863442
170_60,s0.539087,s-3.30634,s246.659103
170_61,s3.046104,s-1.26935,s346.454119
170_62,s-2.508949,s-1.986246,s126.411505
170_63,s-2.93107,s-1.622137,s82.261795
170_64,s1.985035,s-2.445841,s275.447764
170_65,s1.200553,s3.340834,s100.302035
170_66,s-2.291591,s2.711294,s338.119892
170_67,s3.187388,s1.183451,s278.967592
170_68,s-1.447782,s3.131521,s10.710101
170_69,s-2.845785,s2.204883,s111.039982
170_70,s-3.328107,s0.382364,s87.537311
170_71,s2.227809,s2.226963,s330.431299
170_72,s-3.373023,s-2.055533,s83.431494
170_73,s3.579258,s-0.937503,s329.234523
170_74,s0.442226,s3.47195,s10.190142
170_75,s1.722208,s-3.331141,s137.944124
170_76,s-3.621853,s-0.452413,s186.833749
170_77,s1.977097,s3.068157,s345.225682
170_78,s-1.829454,s-3.042302,s93.900732
170_79,s3.253774,s-1.962895,s273.354185
170_80,s-0.325149,s3.786064,s131.920094
170_81,s-2.642866,s3.068837,s62.521798
170_82,s1.630583,s3.597735,s69.101863
170_83,s2.725321,s3.129716,s330.762874
170_84,s2.95204,s2.146616,s7.081862
170_85,s2.410285,s-2.872808,s153.463555
170_86,s3.471528,s2.181397,s335.572071
170_87,s-0.231783,s-3.29185,s231.091314
170_88,s2.879316,s-2.323691,s230.103259
170_89,s4.142602,s-0.247685,s338.630898
170_90,s-3.731807,s1.440005,s254.30311
170_91,s1.18635,s4.133107,s345.164607
170_92,s2.81654,s-2.979447,s229.20729
170_93,s2.077396,s-3.764894,s240.696507
170_94,s3.798107,s1.672389,s289.594995
170_95,s4.266966,s1.073779,s316.595207
170_96,s-0.576484,s4.311632,s139.266225
170_97,s-4.016726,s-1.04327,s38.835671
170_98,s-2.12813,s3.62092,s51.486677
170_99,s-1.605121,s-3.609167,s192.198402
170_100,s-2.057409,s-3.604105,s97.529507
170_101,s3.761321,s-1.501655,s322.282092
170_102,s-3.11213,s2.669204,s69.175553
170_103,s3.612748,s-2.92755,s264.083497
170_104,s0.498426,s-3.968825,s293.549509
170_105,s-0.944496,s-3.938328,s323.950988
170_106,s-3.905641,s2.02632,s347.918465
170_107,s-0.556445,s-4.213415,s160.216844
170_108,s2.546828,s3.709942,s354.774885
170_109,s1.068345,s-4.319854,s314.737555
170_110,s-4.401897,s0.652538,s141.517355
170_111,s-4.280539,s-2.280238,s210.497366
170_112,s-4.138004,s1.495634,s82.519476
170_113,s-3.417892,s-2.927117,s312.781521
170_114,s-2.909704,s-3.627137,s117.572004
170_115,s-4.641877,s-1.221873,s234.093079
170_116,s-2.427069,s-4.02484,s138.071358
170_117,s2.081235,s-4.269773,s189.529959
170_118,s3.980854,s-2.304951,s265.834882
170_119,s-2.96033,s3.714693,s115.258664
170_120,s-1.779767,s4.241748,s234.524682
170_121,s-1.286726,s-4.62432,s76.009566
170_122,s3.264641,s3.311287,s288.730364
170_123,s4.114851,s2.471437,s325.179175
170_124,s4.720079,s0.872271,s221.002385
170_125,s4.384339,s-1.391967,s299.380666
170_126,s1.752158,s4.090531,s286.453023
170_127,s-4.462163,s-1.768926,s154.229839
170_128,s0.734017,s4.541059,s318.775932
170_129,s-4.583828,s1.868428,s34.632312
170_130,s-2.338573,s4.305935,s39.713206
170_131,s1.88746,s4.684015,s270.206685
170_132,s1.262205,s-4.682877,s227.232629
170_133,s-4.334511,s2.492391,s352.874167
170_134,s-3.559659,s3.790624,s78.929621
170_135,s-0.766759,s4.890254,s249.746215
170_136,s-0.294598,s-4.841045,s149.263863
170_137,s-1.969752,s-4.758422,s143.794882
170_138,s-4.381645,s3.487289,s46.265183
170_139,s3.6284,s-3.794366,s69.325057
170_140,s-1.430746,s4.686466,s315.101227
170_141,s4.960701,s1.383455,s233.607032
170_142,s2.603502,s-4.501309,s241.388774
170_143,s1.087243,s-5.187283,s153.455227
170_144,s-5.067011,s1.168504,s273.564415
170_145,s-4.027343,s-3.209829,s97.458321
170_146,s-4.671143,s-2.709322,s128.431303
170_147,s4.792428,s-1.744315,s270.057346
170_148,s-3.338887,s4.180231,s16.404482
170_149,s3.012327,s4.360721,s349.97996
170_150,s4.497803,s-2.803528,s260.32087
170_151,s0.648022,s5.159464,s80.6762
170_152,s5.33706,s-1.103761,s8.069186
170_153,s1.294107,s5.242641,s288.174642
170_154,s-5.188682,s0.342899,s160.028066
170_155,s4.078141,s-3.46284,s295.524053
170_156,s-4.706081,s-0.644441,s83.281673
170_157,s-3.741977,s-3.962336,s152.01871
170_158,s-1.838983,s4.917381,s7.800502
170_159,s-1.054295,s5.448941,s50.331858
170_160,s4.480629,s3.441869,s118.553002
170_161,s-4.968278,s-1.845593,s73.634258
170_162,s3.683805,s-4.283933,s285.667762
170_163,s5.428609,s0.482389,s252.648033
170_164,s-5.573549,s-0.926313,s67.282553
170_165,s3.913991,s3.934866,s81.906352
170_166,s-0.95946,s-5.110718,s107.450386
170_167,s-5.387857,s1.331726,s114.30071
170_168,s5.416485,s1.7753,s56.616553
170_169,s-0.475438,s5.278632,s15.139094
171_0,s0.0,s0.0,s224.07799
171_1,s-0.148662,s0.371349,s324.138907
171_2,s-0.433521,s-0.120664,s43.560215
171_3,s0.190827,s-0.673487,s116.327727
171_4,s-0.913799,s-0.259751,s80.095038
171_5,s-0.447068,s0.663423,s97.607334
171_6,s-0.744268,s-0.590394,s194.56315
171_7,s-0.067394,s1.047835,s63.289603
171_8,s0.44541,s0.540009,s230.223708
171_9,s1.095233,s-0.350664,s121.948796
171_10,s0.734919,s-0.948627,s215.942255
171_11,s1.050575,s0.847816,s64.136372
171_12,s1.373843,s0.46374,s347.862517
171_13,s-1.245248,s-0.63981,s125.561183
171_14,s0.338793,s-1.306797,s194.028876
171_15,s-0.179821,s1.640172,s282.801172
171_16,s1.593643,s0.142487,s235.155091
171_17,s1.541295,s-0.929737,s310.83356
171_18,s-1.250661,s-1.151455,s199.265546
171_19,s0.914429,s1.373433,s12.198963
171_20,s-0.990518,s0.917264,s50.454835
171_21,s-1.575529,s0.490109,s161.451982
171_22,s-1.731787,s0.896333,s41.722179
171_23,s-0.4896,s-1.523251,s233.738856
171_24,s-0.59971,s1.855491,s332.670797
171_25,s2.195039,s0.14766,s276.378481
171_26,s-1.046984,s1.820391,s55.830495
171_27,s1.478226,s1.561201,s231.407036
171_28,s1.009852,s-1.784012,s287.529052
171_29,s-1.799898,s-1.265056,s121.541619
171_30,s-0.69012,s-2.088955,s218.237921
171_31,s0.424488,s-2.158659,s199.060667
171_32,s0.943868,s2.260888,s331.390383
171_33,s-1.284294,s-1.908033,s93.051652
171_34,s-2.436729,s1.041563,s178.101692
171_35,s1.524309,s-1.981535,s193.08367
171_36,s2.128314,s-1.213581,s173.42918
171_37,s2.21165,s1.36697,s351.856848
171_38,s-1.943709,s-0.471164,s76.317652
171_39,s-1.7889,s2.282507,s354.121861
171_40,s-1.783567,s1.605891,s35.245421
171_41,s2.363303,s0.957756,s214.713346
171_42,s-2.218369,s-0.915881,s115.824923
171_43,s-0.865964,s-2.715254,s242.256704
171_44,s-2.023115,s-2.215176,s153.40833
171_45,s1.539398,s2.157024,s334.41392
171_46,s-0.56078,s2.641122,s352.15862
171_47,s2.391934,s-0.883827,s342.58859
171_48,s0.539859,s2.798402,s102.03545
171_49,s3.14502,s0.590636,s36.746496
171_50,s2.864552,s-0.452045,s297.59072
171_51,s2.406737,s-1.790983,s273.36504
171_52,s1.057025,s-2.646733,s184.135559
171_53,s-2.394613,s1.635796,s356.642679
171_54,s-2.905277,s0.747906,s72.500196
171_55,s-1.029026,s-3.345311,s77.506439
171_56,s-1.077656,s2.311095,s6.634927
171_57,s2.682851,s1.650699,s294.589367
171_58,s-2.807388,s1.535765,s66.143347
171_59,s-2.910519,s-0.481016,s52.863442
171_60,s0.539087,s-3.30634,s246.659103
171_61,s3.046104,s-1.26935,s346.454119
171_62,s-2.508949,s-1.986246,s126.411505
171_63,s-2.93107,s-1.622137,s82.261795
171_64,s1.985035,s-2.445841,s275.447764
171_65,s1.200553,s3.340834,s100.302035
171_66,s-2.291591,s2.711294,s338.119892
171_67,s3.187388,s1.183451,s278.967592
171_68,s-1.447782,s3.131521,s10.710101
171_69,s-2.845785,s2.204883,s111.039982
171_70,s-3.328107,s0.382364,s87.537311
171_71,s2.227809,s2.226963,s330.431299
171_72,s-3.373023,s-2.055533,s83.431494
171_73,s3.579258,s-0.937503,s329.234523
171_74,s0.442226,s3.47195,s10.190142
171_75,s1.722208,s-3.331141,s137.944124
171_76,s-3.621853,s-0.452413,s186.833749
171_77,s1.977097,s3.068157,s345.225682
171_78,s-1.829454,s-3.042302,s93.900732
171_79,s3.253774,s-1.962895,s273.354185
171_80,s-0.325149,s3.786064,s131.920094
171_81,s-2.642866,s3.068837,s62.521798
171_82,s1.630583,s3.597735,s69.101863
171_83,s2.725321,s3.129716,s330.762874
171_84,s2.95204,s2.146616,s7.081862
171_85,s2.410285,s-2.872808,s153.463555
171_86,s3.471528,s2.181397,s335.572071
171_87,s-0.231783,s-3.29185,s231.091314
171_88,s2.879316,s-2.323691,s230.103259
171_89,s4.142602,s-0.247685,s338.630898
171_90,s-3.731807,s1.440005,s254.30311
171_91,s1.18635,s4.133107,s345.164607
171_92,s2.81654,s-2.979447,s229.20729
171_93,s2.077396,s-3.764894,s240.696507
171_94,s3.798107,s1.672389,s289.594995
171_95,s4.266966,s1.073779,s316.595207
171_96,s-0.576484,s4.311632,s139.266225
171_97,s-4.016726,s-1.04327,s38.835671
171_98,s-2.12813,s3.62092,s51.486677
171_99,s-1.605121,s-3.609167,s192.198402
171_100,s-2.057409,s-3.604105,s97.529507
171_101,s3.761321,s-1.501655,s322.282092
171_102,s-3.11213,s2.669204,s69.175553
171_103,s3.612748,s-2.92755,s264.083497
171_104,s0.498426,s-3.968825,s293.549509
171_105,s-0.944496,s-3.938328,s323.950988
171_106,s-3.905641,s2.02632,s347.918465
171_107,s-0.556445,s-4.213415,s160.216844
171_108,s2.546828,s3.709942,s354.774885
171_109,s1.068345,s-4.319854,s314.737555
171_110,s-4.401897,s0.652538,s141.517355
171_111,s-4.280539,s-2.280238,s210.497366
171_112,s-4.138004,s1.495634,s82.519476
171_113,s-3.417892,s-2.927117,s312.781521
171_114,s-2.909704,s-3.627137,s117.572004
171_115,s-4.641877,s-1.221873,s234.093079
171_116,s-2.427069,s-4.02484,s138.071358
171_117,s2.081235,s-4.269773,s189.529959
171_118,s3.980854,s-2.304951,s265.834882
171_119,s-2.96033,s3.714693,s115.258664
171_120,s-1.779767,s4.241748,s234.524682
171_121,s-1.286726,s-4.62432,s76.009566
171_122,s3.264641,s3.311287,s288.730364
171_123,s4.114851,s2.471437,s325.179175
171_124,s4.720079,s0.872271,s221.002385
171_125,s4.384339,s-1.391967,s299.380666
171_126,s1.752158,s4.090531,s286.453023
171_127,s-4.462163,s-1.768926,s154.229839
171_128,s0.734017,s4.541059,s318.775932
171_129,s-4.583828,s1.868428,s34.632312
171_130,s-2.338573,s4.305935,s39.713206
171_131,s1.88746,s4.684015,s270.206685
171_132,s1.262205,s-4.682877,s227.232629
171_133,s-4.334511,s2.492391,s352.874167
171_134,s-3.559659,s3.790624,s78.929621
171_135,s-0.766759,s4.890254,s249.746215
171_136,s-0.294598,s-4.841045,s149.263863
171_137,s-1.969752,s-4.758422,s143.794882
171_138,s-4.381645,s3.487289,s46.265183
171_139,s3.6284,s-3.794366,s69.325057
171_140,s-1.430746,s4.686466,s315.101227
171_141,s4.960701,s1.383455,s233.607032
171_142,s2.603502,s-4.501309,s241.388774
171_143,s1.087243,s-5.187283,s153.455227
171_144,s-5.067011,s1.168504,s273.564415
171_145,s-4.027343,s-3.209829,s97.458321
171_146,s-4.671143,s-2.709322,s128.431303
171_147,s4.792428,s-1.744315,s270.057346
171_148,s-3.338887,s4.180231,s16.404482
171_149,s3.012327,s4.360721,s349.97996
171_150,s4.497803,s-2.803528,s260.32087
171_151,s0.648022,s5.159464,s80.6762
171_152,s5.33706,s-1.103761,s8.069186
171_153,s1.294107,s5.242641,s288.174642
171_154,s-5.188682,s0.342899,s160.028066
171_155,s4.078141,s-3.46284,s295.524053
171_156,s-4.706081,s-0.644441,s83.281673
171_157,s-3.741977,s-3.962336,s152.01871
171_158,s-1.838983,s4.917381,s7.800502
171_159,s-1.054295,s5.448941,s50.331858
171_160,s4.480629,s3.441869,s118.553002
171_161,s-4.968278,s-1.845593,s73.634258
171_162,s3.683805,s-4.283933,s285.667762
171_163,s5.428609,s0.482389,s252.648033
171_164,s-5.573549,s-0.926313,s67.282553
171_165,s3.913991,s3.934866,s81.906352
171_166,s-0.95946,s-5.110718,s107.450386
171_167,s-5.387857,s1.331726,s114.30071
171_168,s5.416485,s1.7753,s56.616553
171_169,s-0.475438,s5.278632,s15.139094
171_170,s-2.812482,s-4.784605,s137.338988
172_0,s0.0,s0.0,s224.07799
172_1,s-0.148662,s0.371349,s324.138907
172_2,s-0.433521,s-0.120664,s43.560215
172_3,s0.190827,s-0.673487,s116.327727
172_4,s-0.913799,s-0.259751,s80.095038
172_5,s-0.447068,s0.663423,s97.607334
172_6,s-0.744268,s-0.590394,s194.56315
172_7,s-0.067394,s1.047835,s63.289603
172_8,s0.44541,s0.540009,s230.223708
172_9,s1.095233,s-0.350664,s121.948796
172_10,s0.734919,s-0.948627,s215.942255
172_11,s1.050575,s0.847816,s64.136372
172_12,s1.373843,s0.46374,s347.862517
172_13,s-1.245248,s-0.63981,s125.561183
172_14,s0.338793,s-1.306797,s194.028876
172_15,s-0.179821,s1.640172,s282.801172
172_16,s1.593643,s0.142487,s235.155091
172_17,s1.541295,s-0.929737,s310.83356
172_18,s-1.250661,s-1.151455,s199.265546
172_19,s0.914429,s1.373433,s12.198963
172_20,s-0.990518,s0.917264,s50.454835
172_21,s-1.575529,s0.490109,s161.451982
172_22,s-1.731787,s0.896333,s41.722179
172_23,s-0.4896,s-1.523251,s233.738856
172_24,s-0.59971,s1.855491,s332.670797
172_25,s2.195039,s0.14766,s276.378481
172_26,s-1.046984,s1.820391,s55.830495
172_27,s1.478226,s1.561201,s231.407036
172_28,s1.009852,s-1.784012,s287.529052
172_29,s-1.799898,s-1.265056,s121.541619
172_30,s-0.69012,s-2.088955,s218.237921
172_31,s0.424488,s-2.158659,s199.060667
172_32,s0.943868,s2.260888,s331.390383
172_33,s-1.284294,s-1.908033,s93.051652
172_34,s-2.436729,s1.041563,s178.101692
172_35,s1.524309,s-1.981535,s193.08367
172_36,s2.128314,s-1.213581,s173.42918
172_37,s2.21165,s1.36697,s351.856848
172_38,s-1.943709,s-0.471164,s76.317652
172_39,s-1.7889,s2.282507,s354.121861
172_40,s-1.783567,s1.605891,s35.245421
172_41,s2.363303,s0.957756,s214.713346
172_42,s-2.218369,s-0.915881,s115.824923
172_43,s-0.865964,s-2.715254,s242.256704
172_44,s-2.023115,s-2.215176,s153.40833
172_45,s1.539398,s2.157024,s334.41392
172_46,s-0.56078,s2.641122,s352.15862
172_47,s2.391934,s-0.883827,s342.58859
172_48,s0.539859,s2.798402,s102.03545
172_49,s3.14502,s0.590636,s36.746496
172_50,s2.864552,s-0.452045,s297.59072
172_51,s2.406737,s-1.790983,s273.36504
172_52,s1.057025,s-2.646733,s184.135559
172_53,s-2.394613,s1.635796,s356.642679
172_54,s-2.905277,s0.747906,s72.500196
172_55,s-1.029026,s-3.345311,s77.506439
172_56,s-1.077656,s2.311095,s6.634927
172_57,s2.682851,s1.650699,s294.589367
172_58,s-2.807388,s1.535765,s66.143347
172_59,s-2.910519,s-0.481016,s52.863442
172_60,s0.539087,s-3.30634,s246.659103
172_61,s3.046104,s-1.26935,s346.454119
172_62,s-2.508949,s-1.986246,s126.411505
172_63,s-2.93107,s-1.622137,s82.261795
172_64,s1.985035,s-2.445841,s275.447764
172_65,s1.200553,s3.340834,s100.302035
172_66,s-2.291591,s2.711294,s338.119892
172_67,s3.187388,s1.183451,s278.967592
172_68,s-1.447782,s3.131521,s10.710101
172_69,s-2.845785,s2.204883,s111.039982
172_70,s-3.328107,s0.382364,s87.537311
172_71,s2.227809,s2.226963,s330.431299
172_72,s-3.373023,s-2.055533,s83.431494
172_73,s3.579258,s-0.937503,s329.234523
172_74,s0.442226,s3.47195,s10.190142
172_75,s1.722208,s-3.331141,s137.944124
172_76,s-3.621853,s-0.452413,s186.833749
172_77,s1.977097,s3.068157,s345.225682
172_78,s-1.829454,s-3.042302,s93.900732
172_79,s3.253774,s-1.962895,s273.354185
172_80,s-0.325149,s3.786064,s131.920094
172_81,s-2.642866,s3.068837,s62.521798
172_82,s1.630583,s3.597735,s69.101863
172_83,s2.725321,s3.129716,s330.762874
172_84,s2.95204,s2.146616,s7.081862
172_85,s2.410285,s-2.872808,s153.463555
172_86,s3.471528,s2.181397,s335.572071
172_87,s-0.231783,s-3.29185,s231.091314
172_88,s2.879316,s-2.323691,s230.103259
172_89,s4.142602,s-0.247685,s338.630898
172_90,s-3.731807,s1.440005,s254.30311
172_91,s1.18635,s4.133107,s345.164607
172_92,s2.81654,s-2.979447,s229.20729
172_93,s2.077396,s-3.764894,s240.696507
172_94,s3.798107,s1.672389,s289.594995
172_95,s4.266966,s1.073779,s316.595207
172_96,s-0.576484,s4.311632,s139.266225
172_97,s-4.016726,s-1.04327,s38.835671
172_98,s-2.12813,s3.62092,s51.486677
172_99,s-1.605121,s-3.609167,s192.198402
172_100,s-2.057409,s-3.604105,s97.529507
172_101,s3.761321,s-1.501655,s322.282092
172_102,s-3.11213,s2.669204,s69.175553
172_103,s3.612748,s-2.92755,s264.083497
172_104,s0.498426,s-3.968825,s293.549509
172_105,s-0.944496,s-3.938328,s323.950988
172_106,s-3.905641,s2.02632,s347.918465
172_107,s-0.556445,s-4.213415,s160.216844
172_108,s2.546828,s3.709942,s354.774885
172_109,s1.068345,s-4.319854,s314.737555
172_110,s-4.401897,s0.652538,s141.517355
172_111,s-4.280539,s-2.280238,s210.497366
172_112,s-4.138004,s1.495634,s82.519476
172_113,s-3.417892,s-2.927117,s312.781521
172_114,s-2.909704,s-3.627137,s117.572004
172_115,s-4.641877,s-1.221873,s234.093079
172_116,s-2.427069,s-4.02484,s138.071358
172_117,s2.081235,s-4.269773,s189.529959
172_118,s3.980854,s-2.304951,s265.834882
172_119,s-2.96033,s3.714693,s115.258664
172_120,s-1.779767,s4.241748,s234.524682
172_121,s-1.286726,s-4.62432,s76.009566
172_122,s3.264641,s3.311287,s288.730364
172_123,s4.114851,s2.471437,s325.179175
172_124,s4.720079,s0.872271,s221.002385
172_125,s4.384339,s-1.391967,s299.380666
172_126,s1.752158,s4.090531,s286.453023
172_127,s-4.462163,s-1.768926,s154.229839
172_128,s0.734017,s4.541059,s318.775932
172_129,s-4.583828,s1.868428,s34.632312
172_130,s-2.338573,s4.305935,s39.713206
172_131,s1.88746,s4.684015,s270.206685
172_132,s1.262205,s-4.682877,s227.232629
172_133,s-4.334511,s2.492391,s352.874167
172_134,s-3.559659,s3.790624,s78.929621
172_135,s-0.766759,s4.890254,s249.746215
172_136,s-0.294598,s-4.841045,s149.263863
172_137,s-1.969752,s-4.758422,s143.794882
172_138,s-4.381645,s3.487289,s46.265183
172_139,s3.6284,s-3.794366,s69.325057
172_140,s-1.430746,s4.686466,s315.101227
172_141,s4.960701,s1.383455,s233.607032
172_142,s2.603502,s-4.501309,s241.388774
172_143,s1.087243,s-5.187283,s153.455227
172_144,s-5.067011,s1.168504,s273.564415
172_145,s-4.027343,s-3.209829,s97.458321
172_146,s-4.671143,s-2.709322,s128.431303
172_147,s4.792428,s-1.744315,s270.057346
172_148,s-3.338887,s4.180231,s16.404482
172_149,s3.012327,s4.360721,s349.97996
172_150,s4.497803,s-2.803528,s260.32087
172_151,s0.648022,s5.159464,s80.6762
172_152,s5.33706,s-1.103761,s8.069186
172_153,s1.294107,s5.242641,s288.174642
172_154,s-5.188682,s0.342899,s160.028066
172_155,s4.078141,s-3.46284,s295.524053
172_156,s-4.706081,s-0.644441,s83.281673
172_157,s-3.741977,s-3.962336,s152.01871
172_158,s-1.838983,s4.917381,s7.800502
172_159,s-1.054295,s5.448941,s50.331858
172_160,s4.480629,s3.441869,s118.553002
172_161,s-4.968278,s-1.845593,s73.634258
172_162,s3.683805,s-4.283933,s285.667762
172_163,s5.428609,s0.482389,s252.648033
172_164,s-5.573549,s-0.926313,s67.282553
172_165,s3.913991,s3.934866,s81.906352
172_166,s-0.95946,s-5.110718,s107.450386
172_167,s-5.387857,s1.331726,s114.30071
172_168,s5.416485,s1.7753,s56.616553
172_169,s-0.475438,s5.278632,s15.139094
172_170,s-2.812482,s-4.784605,s137.338988
172_171,s2.759988,s-5.044301,s209.866209
173_0,s0.0,s0.0,s224.07799
173_1,s-0.148662,s0.371349,s324.138907
173_2,s-0.433521,s-0.120664,s43.560215
173_3,s0.190827,s-0.673487,s116.327727
173_4,s-0.913799,s-0.259751,s80.095038
173_5,s-0.447068,s0.663423,s97.607334
173_6,s-0.744268,s-0.590394,s194.56315
173_7,s-0.067394,s1.047835,s63.289603
173_8,s0.44541,s0.540009,s230.223708
173_9,s1.095233,s-0.350664,s121.948796
173_10,s0.734919,s-0.948627,s215.942255
173_11,s1.050575,s0.847816,s64.136372
173_12,s1.373843,s0.46374,s347.862517
173_13,s-1.245248,s-0.63981,s125.561183
173_14,s0.338793,s-1.306797,s194.028876
173_15,s-0.179821,s1.640172,s282.801172
173_16,s1.593643,s0.142487,s235.155091
173_17,s1.541295,s-0.929737,s310.83356
173_18,s-1.250661,s-1.151455,s199.265546
173_19,s0.914429,s1.373433,s12.198963
173_20,s-0.990518,s0.917264,s50.454835
173_21,s-1.575529,s0.490109,s161.451982
173_22,s-1.731787,s0.896333,s41.722179
173_23,s-0.4896,s-1.523251,s233.738856
173_24,s-0.59971,s1.855491,s332.670797
173_25,s2.195039,s0.14766,s276.378481
173_26,s-1.046984,s1.820391,s55.830495
173_27,s1.478226,s1.561201,s231.407036
173_28,s1.009852,s-1.784012,s287.529052
173_29,s-1.799898,s-1.265056,s121.541619
173_30,s-0.69012,s-2.088955,s218.237921
173_31,s0.424488,s-2.158659,s199.060667
173_32,s0.943868,s2.260888,s331.390383
173_33,s-1.284294,s-1.908033,s93.051652
173_34,s-2.436729,s1.041563,s178.101692
173_35,s1.524309,s-1.981535,s193.08367
173_36,s2.128314,s-1.213581,s173.42918
173_37,s2.21165,s1.36697,s351.856848
173_38,s-1.943709,s-0.471164,s76.317652
173_39,s-1.7889,s2.282507,s354.121861
173_40,s-1.783567,s1.605891,s35.245421
173_41,s2.363303,s0.957756,s214.713346
173_42,s-2.218369,s-0.915881,s115.824923
173_43,s-0.865964,s-2.715254,s242.256704
173_44,s-2.023115,s-2.215176,s153.40833
173_45,s1.539398,s2.157024,s334.41392
173_46,s-0.56078,s2.641122,s352.15862
173_47,s2.391934,s-0.883827,s342.58859
173_48,s0.539859,s2.798402,s102.03545
173_49,s3.14502,s0.590636,s36.746496
173_50,s2.864552,s-0.452045,s297.59072
173_51,s2.406737,s-1.790983,s273.36504
173_52,s1.057025,s-2.646733,s184.135559
173_53,s-2.394613,s1.635796,s356.642679
173_54,s-2.905277,s0.747906,s72.500196
173_55,s-1.029026,s-3.345311,s77.506439
173_56,s-1.077656,s2.311095,s6.634927
173_57,s2.682851,s1.650699,s294.589367
173_58,s-2.807388,s1.535765,s66.143347
173_59,s-2.910519,s-0.481016,s52.863442
173_60,s0.539087,s-3.30634,s246.659103
173_61,s3.046104,s-1.26935,s346.454119
173_62,s-2.508949,s-1.986246,s126.411505
173_63,s-2.93107,s-1.622137,s82.261795
173_64,s1.985035,s-2.445841,s275.447764
173_65,s1.200553,s3.340834,s100.302035
173_66,s-2.291591,s2.711294,s338.119892
173_67,s3.187388,s1.183451,s278.967592
173_68,s-1.447782,s3.131521,s10.710101
173_69,s-2.845785,s2.204883,s111.039982
173_70,s-3.328107,s0.382364,s87.537311
173_71,s2.227809,s2.226963,s330.431299
173_72,s-3.373023,s-2.055533,s83.431494
173_73,s3.579258,s-0.937503,s329.234523
173_74,s0.442226,s3.47195,s10.190142
173_75,s1.722208,s-3.331141,s137.944124
173_76,s-3.621853,s-0.452413,s186.833749
173_77,s1.977097,s3.068157,s345.225682
173_78,s-1.829454,s-3.042302,s93.900732
173_79,s3.253774,s-1.962895,s273.354185
173_80,s-0.325149,s3.786064,s131.920094
173_81,s-2.642866,s3.068837,s62.521798
173_82,s1.630583,s3.597735,s69.101863
173_83,s2.725321,s3.129716,s330.762874
173_84,s2.95204,s2.146616,s7.081862
173_85,s2.410285,s-2.872808,s153.463555
173_86,s3.471528,s2.181397,s335.572071
173_87,s-0.231783,s-3.29185,s231.091314
173_88,s2.879316,s-2.323691,s230.103259
173_89,s4.142602,s-0.247685,s338.630898
173_90,s-3.731807,s1.440005,s254.30311
173_91,s1.18635,s4.133107,s345.164607
173_92,s2.81654,s-2.979447,s229.20729
173_93,s2.077396,s-3.764894,s240.696507
173_94,s3.798107,s1.672389,s289.594995
173_95,s4.266966,s1.073779,s316.595207
173_96,s-0.576484,s4.311632,s139.266225
173_97,s-4.016726,s-1.04327,s38.835671
173_98,s-2.12813,s3.62092,s51.486677
173_99,s-1.605121,s-3.609167,s192.198402
173_100,s-2.057409,s-3.604105,s97.529507
173_101,s3.761321,s-1.501655,s322.282092
173_102,s-3.11213,s2.669204,s69.175553
173_103,s3.612748,s-2.92755,s264.083497
173_104,s0.498426,s-3.968825,s293.549509
173_105,s-0.944496,s-3.938328,s323.950988
173_106,s-3.905641,s2.02632,s347.918465
173_107,s-0.556445,s-4.213415,s160.216844
173_108,s2.546828,s3.709942,s354.774885
173_109,s1.068345,s-4.319854,s314.737555
173_110,s-4.401897,s0.652538,s141.517355
173_111,s-4.280539,s-2.280238,s210.497366
173_112,s-4.138004,s1.495634,s82.519476
173_113,s-3.417892,s-2.927117,s312.781521
173_114,s-2.909704,s-3.627137,s117.572004
173_115,s-4.641877,s-1.221873,s234.093079
173_116,s-2.427069,s-4.02484,s138.071358
173_117,s2.081235,s-4.269773,s189.529959
173_118,s3.980854,s-2.304951,s265.834882
173_119,s-2.96033,s3.714693,s115.258664
173_120,s-1.779767,s4.241748,s234.524682
173_121,s-1.286726,s-4.62432,s76.009566
173_122,s3.264641,s3.311287,s288.730364
173_123,s4.114851,s2.471437,s325.179175
173_124,s4.720079,s0.872271,s221.002385
173_125,s4.384339,s-1.391967,s299.380666
173_126,s1.752158,s4.090531,s286.453023
173_127,s-4.462163,s-1.768926,s154.229839
173_128,s0.734017,s4.541059,s318.775932
173_129,s-4.583828,s1.868428,s34.632312
173_130,s-2.338573,s4.305935,s39.713206
173_131,s1.88746,s4.684015,s270.206685
173_132,s1.262205,s-4.682877,s227.232629
173_133,s-4.334511,s2.492391,s352.874167
173_134,s-3.559659,s3.790624,s78.929621
173_135,s-0.766759,s4.890254,s249.746215
173_136,s-0.294598,s-4.841045,s149.263863
173_137,s-1.969752,s-4.758422,s143.794882
173_138,s-4.381645,s3.487289,s46.265183
173_139,s3.6284,s-3.794366,s69.325057
173_140,s-1.430746,s4.686466,s315.101227
173_141,s4.960701,s1.383455,s233.607032
173_142,s2.603502,s-4.501309,s241.388774
173_143,s1.087243,s-5.187283,s153.455227
173_144,s-5.067011,s1.168504,s273.564415
173_145,s-4.027343,s-3.209829,s97.458321
173_146,s-4.671143,s-2.709322,s128.431303
173_147,s4.792428,s-1.744315,s270.057346
173_148,s-3.338887,s4.180231,s16.404482
173_149,s3.012327,s4.360721,s349.97996
173_150,s4.497803,s-2.803528,s260.32087
173_151,s0.648022,s5.159464,s80.6762
173_152,s5.33706,s-1.103761,s8.069186
173_153,s1.294107,s5.242641,s288.174642
173_154,s-5.188682,s0.342899,s160.028066
173_155,s4.078141,s-3.46284,s295.524053
173_156,s-4.706081,s-0.644441,s83.281673
173_157,s-3.741977,s-3.962336,s152.01871
173_158,s-1.838983,s4.917381,s7.800502
173_159,s-1.054295,s5.448941,s50.331858
173_160,s4.480629,s3.441869,s118.553002
173_161,s-4.968278,s-1.845593,s73.634258
173_162,s3.683805,s-4.283933,s285.667762
173_163,s5.428609,s0.482389,s252.648033
173_164,s-5.573549,s-0.926313,s67.282553
173_165,s3.913991,s3.934866,s81.906352
173_166,s-0.95946,s-5.110718,s107.450386
173_167,s-5.387857,s1.331726,s114.30071
173_168,s5.416485,s1.7753,s56.616553
173_169,s-0.475438,s5.278632,s15.139094
173_170,s-2.812482,s-4.784605,s137.338988
173_171,s2.759988,s-5.044301,s209.866209
173_172,s4.99289,s2.535951,s247.817093
174_0,s0.0,s0.0,s224.07799
174_1,s-0.148662,s0.371349,s324.138907
174_2,s-0.433521,s-0.120664,s43.560215
174_3,s0.190827,s-0.673487,s116.327727
174_4,s-0.913799,s-0.259751,s80.095038
174_5,s-0.447068,s0.663423,s97.607334
174_6,s-0.744268,s-0.590394,s194.56315
174_7,s-0.067394,s1.047835,s63.289603
174_8,s0.44541,s0.540009,s230.223708
174_9,s1.095233,s-0.350664,s121.948796
174_10,s0.734919,s-0.948627,s215.942255
174_11,s1.050575,s0.847816,s64.136372
174_12,s1.373843,s0.46374,s347.862517
174_13,s-1.245248,s-0.63981,s125.561183
174_14,s0.338793,s-1.306797,s194.028876
174_15,s-0.179821,s1.640172,s282.801172
174_16,s1.593643,s0.142487,s235.155091
174_17,s1.541295,s-0.929737,s310.83356
174_18,s-1.250661,s-1.151455,s199.265546
174_19,s0.914429,s1.373433,s12.198963
174_20,s-0.990518,s0.917264,s50.454835
174_21,s-1.575529,s0.490109,s161.451982
174_22,s-1.731787,s0.896333,s41.722179
174_23,s-0.4896,s-1.523251,s233.738856
174_24,s-0.59971,s1.855491,s332.670797
174_25,s2.195039,s0.14766,s276.378481
174_26,s-1.046984,s1.820391,s55.830495
174_27,s1.478226,s1.561201,s231.407036
174_28,s1.009852,s-1.784012,s287.529052
174_29,s-1.799898,s-1.265056,s121.541619
174_30,s-0.69012,s-2.088955,s218.237921
174_31,s0.424488,s-2.158659,s199.060667
174_32,s0.943868,s2.260888,s331.390383
174_33,s-1.284294,s-1.908033,s93.051652
174_34,s-2.436729,s1.041563,s178.101692
174_35,s1.524309,s-1.981535,s193.08367
174_36,s2.128314,s-1.213581,s173.42918
174_37,s2.21165,s1.36697,s351.856848
174_38,s-1.943709,s-0.471164,s76.317652
174_39,s-1.7889,s2.282507,s354.121861
174_40,s-1.783567,s1.605891,s35.245421
174_41,s2.363303,s0.957756,s214.713346
174_42,s-2.218369,s-0.915881,s115.824923
174_43,s-0.865964,s-2.715254,s242.256704
174_44,s-2.023115,s-2.215176,s153.40833
174_45,s1.539398,s2.157024,s334.41392
174_46,s-0.56078,s2.641122,s352.15862
174_47,s2.391934,s-0.883827,s342.58859
174_48,s0.539859,s2.798402,s102.03545
174_49,s3.14502,s0.590636,s36.746496
174_50,s2.864552,s-0.452045,s297.59072
174_51,s2.406737,s-1.790983,s273.36504
174_52,s1.057025,s-2.646733,s184.135559
174_53,s-2.394613,s1.635796,s356.642679
174_54,s-2.905277,s0.747906,s72.500196
174_55,s-1.029026,s-3.345311,s77.506439
174_56,s-1.077656,s2.311095,s6.634927
174_57,s2.682851,s1.650699,s294.589367
174_58,s-2.807388,s1.535765,s66.143347
174_59,s-2.910519,s-0.481016,s52.863442
174_60,s0.539087,s-3.30634,s246.659103
174_61,s3.046104,s-1.26935,s346.454119
174_62,s-2.508949,s-1.986246,s126.411505
174_63,s-2.93107,s-1.622137,s82.261795
174_64,s1.985035,s-2.445841,s275.447764
174_65,s1.200553,s3.340834,s100.302035
174_66,s-2.291591,s2.711294,s338.119892
174_67,s3.187388,s1.183451,s278.967592
174_68,s-1.447782,s3.131521,s10.710101
174_69,s-2.845785,s2.204883,s111.039982
174_70,s-3.328107,s0.382364,s87.537311
174_71,s2.227809,s2.226963,s330.431299
174_72,s-3.373023,s-2.055533,s83.431494
174_73,s3.579258,s-0.937503,s329.234523
174_74,s0.442226,s3.47195,s10.190142
174_75,s1.722208,s-3.331141,s137.944124
174_76,s-3.621853,s-0.452413,s186.833749
174_77,s1.977097,s3.068157,s345.225682
174_78,s-1.829454,s-3.042302,s93.900732
174_79,s3.253774,s-1.962895,s273.354185
174_80,s-0.325149,s3.786064,s131.920094
174_81,s-2.642866,s3.068837,s62.521798
174_82,s1.630583,s3.597735,s69.101863
174_83,s2.725321,s3.129716,s330.762874
174_84,s2.95204,s2.146616,s7.081862
174_85,s2.410285,s-2.872808,s153.463555
174_86,s3.471528,s2.181397,s335.572071
174_87,s-0.231783,s-3.29185,s231.091314
174_88,s2.879316,s-2.323691,s230.103259
174_89,s4.142602,s-0.247685,s338.630898
174_90,s-3.731807,s1.440005,s254.30311
174_91,s1.18635,s4.133107,s345.164607
174_92,s2.81654,s-2.979447,s229.20729
174_93,s2.077396,s-3.764894,s240.696507
174_94,s3.798107,s1.672389,s289.594995
174_95,s4.266966,s1.073779,s316.595207
174_96,s-0.576484,s4.311632,s139.266225
174_97,s-4.016726,s-1.04327,s38.835671
174_98,s-2.12813,s3.62092,s51.486677
174_99,s-1.605121,s-3.609167,s192.198402
174_100,s-2.057409,s-3.604105,s97.529507
174_101,s3.761321,s-1.501655,s322.282092
174_102,s-3.11213,s2.669204,s69.175553
174_103,s3.612748,s-2.92755,s264.083497
174_104,s0.498426,s-3.968825,s293.549509
174_105,s-0.944496,s-3.938328,s323.950988
174_106,s-3.905641,s2.02632,s347.918465
174_107,s-0.556445,s-4.213415,s160.216844
174_108,s2.546828,s3.709942,s354.774885
174_109,s1.068345,s-4.319854,s314.737555
174_110,s-4.401897,s0.652538,s141.517355
174_111,s-4.280539,s-2.280238,s210.497366
174_112,s-4.138004,s1.495634,s82.519476
174_113,s-3.417892,s-2.927117,s312.781521
174_114,s-2.909704,s-3.627137,s117.572004
174_115,s-4.641877,s-1.221873,s234.093079
174_116,s-2.427069,s-4.02484,s138.071358
174_117,s2.081235,s-4.269773,s189.529959
174_118,s3.980854,s-2.304951,s265.834882
174_119,s-2.96033,s3.714693,s115.258664
174_120,s-1.779767,s4.241748,s234.524682
174_121,s-1.286726,s-4.62432,s76.009566
174_122,s3.264641,s3.311287,s288.730364
174_123,s4.114851,s2.471437,s325.179175
174_124,s4.720079,s0.872271,s221.002385
174_125,s4.384339,s-1.391967,s299.380666
174_126,s1.752158,s4.090531,s286.453023
174_127,s-4.462163,s-1.768926,s154.229839
174_128,s0.734017,s4.541059,s318.775932
174_129,s-4.583828,s1.868428,s34.632312
174_130,s-2.338573,s4.305935,s39.713206
174_131,s1.88746,s4.684015,s270.206685
174_132,s1.262205,s-4.682877,s227.232629
174_133,s-4.334511,s2.492391,s352.874167
174_134,s-3.559659,s3.790624,s78.929621
174_135,s-0.766759,s4.890254,s249.746215
174_136,s-0.294598,s-4.841045,s149.263863
174_137,s-1.969752,s-4.758422,s143.794882
174_138,s-4.381645,s3.487289,s46.265183
174_139,s3.6284,s-3.794366,s69.325057
174_140,s-1.430746,s4.686466,s315.101227
174_141,s4.960701,s1.383455,s233.607032
174_142,s2.603502,s-4.501309,s241.388774
174_143,s1.087243,s-5.187283,s153.455227
174_144,s-5.067011,s1.168504,s273.564415
174_145,s-4.027343,s-3.209829,s97.458321
174_146,s-4.671143,s-2.709322,s128.431303
174_147,s4.792428,s-1.744315,s270.057346
174_148,s-3.338887,s4.180231,s16.404482
174_149,s3.012327,s4.360721,s349.97996
174_150,s4.497803,s-2.803528,s260.32087
174_151,s0.648022,s5.159464,s80.6762
174_152,s5.33706,s-1.103761,s8.069186
174_153,s1.294107,s5.242641,s288.174642
174_154,s-5.188682,s0.342899,s160.028066
174_155,s4.078141,s-3.46284,s295.524053
174_156,s-4.706081,s-0.644441,s83.281673
174_157,s-3.741977,s-3.962336,s152.01871
174_158,s-1.838983,s4.917381,s7.800502
174_159,s-1.054295,s5.448941,s50.331858
174_160,s4.480629,s3.441869,s118.553002
174_161,s-4.968278,s-1.845593,s73.634258
174_162,s3.683805,s-4.283933,s285.667762
174_163,s5.428609,s0.482389,s252.648033
174_164,s-5.573549,s-0.926313,s67.282553
174_165,s3.913991,s3.934866,s81.906352
174_166,s-0.95946,s-5.110718,s107.450386
174_167,s-5.387857,s1.331726,s114.30071
174_168,s5.416485,s1.7753,s56.616553
174_169,s-0.475438,s5.278632,s15.139094
174_170,s-2.812482,s-4.784605,s137.338988
174_171,s2.759988,s-5.044301,s209.866209
174_172,s4.99289,s2.535951,s247.817093
174_173,s0.498591,s5.878895,s226.818233
175_0,s0.0,s0.0,s224.07799
175_1,s-0.148662,s0.371349,s324.138907
175_2,s-0.433521,s-0.120664,s43.560215
175_3,s0.190827,s-0.673487,s116.327727
175_4,s-0.913799,s-0.259751,s80.095038
175_5,s-0.447068,s0.663423,s97.607334
175_6,s-0.744268,s-0.590394,s194.56315
175_7,s-0.067394,s1.047835,s63.289603
175_8,s0.44541,s0.540009,s230.223708
175_9,s1.095233,s-0.350664,s121.948796
175_10,s0.734919,s-0.948627,s215.942255
175_11,s1.050575,s0.847816,s64.136372
175_12,s1.373843,s0.46374,s347.862517
175_13,s-1.245248,s-0.63981,s125.561183
175_14,s0.338793,s-1.306797,s194.028876
175_15,s-0.179821,s1.640172,s282.801172
175_16,s1.593643,s0.142487,s235.155091
175_17,s1.541295,s-0.929737,s310.83356
175_18,s-1.250661,s-1.151455,s199.265546
175_19,s0.914429,s1.373433,s12.198963
175_20,s-0.990518,s0.917264,s50.454835
175_21,s-1.575529,s0.490109,s161.451982
175_22,s-1.731787,s0.896333,s41.722179
175_23,s-0.4896,s-1.523251,s233.738856
175_24,s-0.59971,s1.855491,s332.670797
175_25,s2.195039,s0.14766,s276.378481
175_26,s-1.046984,s1.820391,s55.830495
175_27,s1.478226,s1.561201,s231.407036
175_28,s1.009852,s-1.784012,s287.529052
175_29,s-1.799898,s-1.265056,s121.541619
175_30,s-0.69012,s-2.088955,s218.237921
175_31,s0.424488,s-2.158659,s199.060667
175_32,s0.943868,s2.260888,s331.390383
175_33,s-1.284294,s-1.908033,s93.051652
175_34,s-2.436729,s1.041563,s178.101692
175_35,s1.524309,s-1.981535,s193.08367
175_36,s2.128314,s-1.213581,s173.42918
175_37,s2.21165,s1.36697,s351.856848
175_38,s-1.943709,s-0.471164,s76.317652
175_39,s-1.7889,s2.282507,s354.121861
175_40,s-1.783567,s1.605891,s35.245421
175_41,s2.363303,s0.957756,s214.713346
175_42,s-2.218369,s-0.915881,s115.824923
175_43,s-0.865964,s-2.715254,s242.256704
175_44,s-2.023115,s-2.215176,s153.40833
175_45,s1.539398,s2.157024,s334.41392
175_46,s-0.56078,s2.641122,s352.15862
175_47,s2.391934,s-0.883827,s342.58859
175_48,s0.539859,s2.798402,s102.03545
175_49,s3.14502,s0.590636,s36.746496
175_50,s2.864552,s-0.452045,s297.59072
175_51,s2.406737,s-1.790983,s273.36504
175_52,s1.057025,s-2.646733,s184.135559
175_53,s-2.394613,s1.635796,s356.642679
175_54,s-2.905277,s0.747906,s72.500196
175_55,s-1.029026,s-3.345311,s77.506439
175_56,s-1.077656,s2.311095,s6.634927
175_57,s2.682851,s1.650699,s294.589367
175_58,s-2.807388,s1.535765,s66.143347
175_59,s-2.910519,s-0.481016,s52.863442
175_60,s0.539087,s-3.30634,s246.659103
175_61,s3.046104,s-1.26935,s346.454119
175_62,s-2.508949,s-1.986246,s126.411505
175_63,s-2.93107,s-1.622137,s82.261795
175_64,s1.985035,s-2.445841,s275.447764
175_65,s1.200553,s3.340834,s100.302035
175_66,s-2.291591,s2.711294,s338.119892
175_67,s3.187388,s1.183451,s278.967592
175_68,s-1.447782,s3.131521,s10.710101
175_69,s-2.845785,s2.204883,s111.039982
175_70,s-3.328107,s0.382364,s87.537311
175_71,s2.227809,s2.226963,s330.431299
175_72,s-3.373023,s-2.055533,s83.431494
175_73,s3.579258,s-0.937503,s329.234523
175_74,s0.442226,s3.47195,s10.190142
175_75,s1.722208,s-3.331141,s137.944124
175_76,s-3.621853,s-0.452413,s186.833749
175_77,s1.977097,s3.068157,s345.225682
175_78,s-1.829454,s-3.042302,s93.900732
175_79,s3.253774,s-1.962895,s273.354185
175_80,s-0.325149,s3.786064,s131.920094
175_81,s-2.642866,s3.068837,s62.521798
175_82,s1.630583,s3.597735,s69.101863
175_83,s2.725321,s3.129716,s330.762874
175_84,s2.95204,s2.146616,s7.081862
175_85,s2.410285,s-2.872808,s153.463555
175_86,s3.471528,s2.181397,s335.572071
175_87,s-0.231783,s-3.29185,s231.091314
175_88,s2.879316,s-2.323691,s230.103259
175_89,s4.142602,s-0.247685,s338.630898
175_90,s-3.731807,s1.440005,s254.30311
175_91,s1.18635,s4.133107,s345.164607
175_92,s2.81654,s-2.979447,s229.20729
175_93,s2.077396,s-3.764894,s240.696507
175_94,s3.798107,s1.672389,s289.594995
175_95,s4.266966,s1.073779,s316.595207
175_96,s-0.576484,s4.311632,s139.266225
175_97,s-4.016726,s-1.04327,s38.835671
175_98,s-2.12813,s3.62092,s51.486677
175_99,s-1.605121,s-3.609167,s192.198402
175_100,s-2.057409,s-3.604105,s97.529507
175_101,s3.761321,s-1.501655,s322.282092
175_102,s-3.11213,s2.669204,s69.175553
175_103,s3.612748,s-2.92755,s264.083497
175_104,s0.498426,s-3.968825,s293.549509
175_105,s-0.944496,s-3.938328,s323.950988
175_106,s-3.905641,s2.02632,s347.918465
175_107,s-0.556445,s-4.213415,s160.216844
175_108,s2.546828,s3.709942,s354.774885
175_109,s1.068345,s-4.319854,s314.737555
175_110,s-4.401897,s0.652538,s141.517355
175_111,s-4.280539,s-2.280238,s210.497366
175_112,s-4.138004,s1.495634,s82.519476
175_113,s-3.417892,s-2.927117,s312.781521
175_114,s-2.909704,s-3.627137,s117.572004
175_115,s-4.641877,s-1.221873,s234.093079
175_116,s-2.427069,s-4.02484,s138.071358
175_117,s2.081235,s-4.269773,s189.529959
175_118,s3.980854,s-2.304951,s265.834882
175_119,s-2.96033,s3.714693,s115.258664
175_120,s-1.779767,s4.241748,s234.524682
175_121,s-1.286726,s-4.62432,s76.009566
175_122,s3.264641,s3.311287,s288.730364
175_123,s4.114851,s2.471437,s325.179175
175_124,s4.720079,s0.872271,s221.002385
175_125,s4.384339,s-1.391967,s299.380666
175_126,s1.752158,s4.090531,s286.453023
175_127,s-4.462163,s-1.768926,s154.229839
175_128,s0.734017,s4.541059,s318.775932
175_129,s-4.583828,s1.868428,s34.632312
175_130,s-2.338573,s4.305935,s39.713206
175_131,s1.88746,s4.684015,s270.206685
175_132,s1.262205,s-4.682877,s227.232629
175_133,s-4.334511,s2.492391,s352.874167
175_134,s-3.559659,s3.790624,s78.929621
175_135,s-0.766759,s4.890254,s249.746215
175_136,s-0.294598,s-4.841045,s149.263863
175_137,s-1.969752,s-4.758422,s143.794882
175_138,s-4.381645,s3.487289,s46.265183
175_139,s3.6284,s-3.794366,s69.325057
175_140,s-1.430746,s4.686466,s315.101227
175_141,s4.960701,s1.383455,s233.607032
175_142,s2.603502,s-4.501309,s241.388774
175_143,s1.087243,s-5.187283,s153.455227
175_144,s-5.067011,s1.168504,s273.564415
175_145,s-4.027343,s-3.209829,s97.458321
175_146,s-4.671143,s-2.709322,s128.431303
175_147,s4.792428,s-1.744315,s270.057346
175_148,s-3.338887,s4.180231,s16.404482
175_149,s3.012327,s4.360721,s349.97996
175_150,s4.497803,s-2.803528,s260.32087
175_151,s0.648022,s5.159464,s80.6762
175_152,s5.33706,s-1.103761,s8.069186
175_153,s1.294107,s5.242641,s288.174642
175_154,s-5.188682,s0.342899,s160.028066
175_155,s4.078141,s-3.46284,s295.524053
175_156,s-4.706081,s-0.644441,s83.281673
175_157,s-3.741977,s-3.962336,s152.01871
175_158,s-1.838983,s4.917381,s7.800502
175_159,s-1.054295,s5.448941,s50.331858
175_160,s4.480629,s3.441869,s118.553002
175_161,s-4.968278,s-1.845593,s73.634258
175_162,s3.683805,s-4.283933,s285.667762
175_163,s5.428609,s0.482389,s252.648033
175_164,s-5.573549,s-0.926313,s67.282553
175_165,s3.913991,s3.934866,s81.906352
175_166,s-0.95946,s-5.110718,s107.450386
175_167,s-5.387857,s1.331726,s114.30071
175_168,s5.416485,s1.7753,s56.616553
175_169,s-0.475438,s5.278632,s15.139094
175_170,s-2.812482,s-4.784605,s137.338988
175_171,s2.759988,s-5.044301,s209.866209
175_172,s4.99289,s2.535951,s247.817093
175_173,s0.498591,s5.878895,s226.818233
175_174,s1.892342,s5.746437,s355.038788
176_0,s0.0,s0.0,s224.07799
176_1,s-0.148662,s0.371349,s324.138907
176_2,s-0.433521,s-0.120664,s43.560215
176_3,s0.190827,s-0.673487,s116.327727
176_4,s-0.913799,s-0.259751,s80.095038
176_5,s-0.447068,s0.663423,s97.607334
176_6,s-0.744268,s-0.590394,s194.56315
176_7,s-0.067394,s1.047835,s63.289603
176_8,s0.44541,s0.540009,s230.223708
176_9,s1.095233,s-0.350664,s121.948796
176_10,s0.734919,s-0.948627,s215.942255
176_11,s1.050575,s0.847816,s64.136372
176_12,s1.373843,s0.46374,s347.862517
176_13,s-1.245248,s-0.63981,s125.561183
176_14,s0.338793,s-1.306797,s194.028876
176_15,s-0.179821,s1.640172,s282.801172
176_16,s1.593643,s0.142487,s235.155091
176_17,s1.541295,s-0.929737,s310.83356
176_18,s-1.250661,s-1.151455,s199.265546
176_19,s0.914429,s1.373433,s12.198963
176_20,s-0.990518,s0.917264,s50.454835
176_21,s-1.575529,s0.490109,s161.451982
176_22,s-1.731787,s0.896333,s41.722179
176_23,s-0.4896,s-1.523251,s233.738856
176_24,s-0.59971,s1.855491,s332.670797
176_25,s2.195039,s0.14766,s276.378481
176_26,s-1.046984,s1.820391,s55.830495
176_27,s1.478226,s1.561201,s231.407036
176_28,s1.009852,s-1.784012,s287.529052
176_29,s-1.799898,s-1.265056,s121.541619
176_30,s-0.69012,s-2.088955,s218.237921
176_31,s0.424488,s-2.158659,s199.060667
176_32,s0.943868,s2.260888,s331.390383
176_33,s-1.284294,s-1.908033,s93.051652
176_34,s-2.436729,s1.041563,s178.101692
176_35,s1.524309,s-1.981535,s193.08367
176_36,s2.128314,s-1.213581,s173.42918
176_37,s2.21165,s1.36697,s351.856848
176_38,s-1.943709,s-0.471164,s76.317652
176_39,s-1.7889,s2.282507,s354.121861
176_40,s-1.783567,s1.605891,s35.245421
176_41,s2.363303,s0.957756,s214.713346
176_42,s-2.218369,s-0.915881,s115.824923
176_43,s-0.865964,s-2.715254,s242.256704
176_44,s-2.023115,s-2.215176,s153.40833
176_45,s1.539398,s2.157024,s334.41392
176_46,s-0.56078,s2.641122,s352.15862
176_47,s2.391934,s-0.883827,s342.58859
176_48,s0.539859,s2.798402,s102.03545
176_49,s3.14502,s0.590636,s36.746496
176_50,s2.864552,s-0.452045,s297.59072
176_51,s2.406737,s-1.790983,s273.36504
176_52,s1.057025,s-2.646733,s184.135559
176_53,s-2.394613,s1.635796,s356.642679
176_54,s-2.905277,s0.747906,s72.500196
176_55,s-1.029026,s-3.345311,s77.506439
176_56,s-1.077656,s2.311095,s6.634927
176_57,s2.682851,s1.650699,s294.589367
176_58,s-2.807388,s1.535765,s66.143347
176_59,s-2.910519,s-0.481016,s52.863442
176_60,s0.539087,s-3.30634,s246.659103
176_61,s3.046104,s-1.26935,s346.454119
176_62,s-2.508949,s-1.986246,s126.411505
176_63,s-2.93107,s-1.622137,s82.261795
176_64,s1.985035,s-2.445841,s275.447764
176_65,s1.200553,s3.340834,s100.302035
176_66,s-2.291591,s2.711294,s338.119892
176_67,s3.187388,s1.183451,s278.967592
176_68,s-1.447782,s3.131521,s10.710101
176_69,s-2.845785,s2.204883,s111.039982
176_70,s-3.328107,s0.382364,s87.537311
176_71,s2.227809,s2.226963,s330.431299
176_72,s-3.373023,s-2.055533,s83.431494
176_73,s3.579258,s-0.937503,s329.234523
176_74,s0.442226,s3.47195,s10.190142
176_75,s1.722208,s-3.331141,s137.944124
176_76,s-3.621853,s-0.452413,s186.833749
176_77,s1.977097,s3.068157,s345.225682
176_78,s-1.829454,s-3.042302,s93.900732
176_79,s3.253774,s-1.962895,s273.354185
176_80,s-0.325149,s3.786064,s131.920094
176_81,s-2.642866,s3.068837,s62.521798
176_82,s1.630583,s3.597735,s69.101863
176_83,s2.725321,s3.129716,s330.762874
176_84,s2.95204,s2.146616,s7.081862
176_85,s2.410285,s-2.872808,s153.463555
176_86,s3.471528,s2.181397,s335.572071
176_87,s-0.231783,s-3.29185,s231.091314
176_88,s2.879316,s-2.323691,s230.103259
176_89,s4.142602,s-0.247685,s338.630898
176_90,s-3.731807,s1.440005,s254.30311
176_91,s1.18635,s4.133107,s345.164607
176_92,s2.81654,s-2.979447,s229.20729
176_93,s2.077396,s-3.764894,s240.696507
176_94,s3.798107,s1.672389,s289.594995
176_95,s4.266966,s1.073779,s316.595207
176_96,s-0.576484,s4.311632,s139.266225
176_97,s-4.016726,s-1.04327,s38.835671
176_98,s-2.12813,s3.62092,s51.486677
176_99,s-1.605121,s-3.609167,s192.198402
176_100,s-2.057409,s-3.604105,s97.529507
176_101,s3.761321,s-1.501655,s322.282092
176_102,s-3.11213,s2.669204,s69.175553
176_103,s3.612748,s-2.92755,s264.083497
176_104,s0.498426,s-3.968825,s293.549509
176_105,s-0.944496,s-3.938328,s323.950988
176_106,s-3.905641,s2.02632,s347.918465
176_107,s-0.556445,s-4.213415,s160.216844
176_108,s2.546828,s3.709942,s354.774885
176_109,s1.068345,s-4.319854,s314.737555
176_110,s-4.401897,s0.652538,s141.517355
176_111,s-4.280539,s-2.280238,s210.497366
176_112,s-4.138004,s1.495634,s82.519476
176_113,s-3.417892,s-2.927117,s312.781521
176_114,s-2.909704,s-3.627137,s117.572004
176_115,s-4.641877,s-1.221873,s234.093079
176_116,s-2.427069,s-4.02484,s138.071358
176_117,s2.081235,s-4.269773,s189.529959
176_118,s3.980854,s-2.304951,s265.834882
176_119,s-2.96033,s3.714693,s115.258664
176_120,s-1.779767,s4.241748,s234.524682
176_121,s-1.286726,s-4.62432,s76.009566
176_122,s3.264641,s3.311287,s288.730364
176_123,s4.114851,s2.471437,s325.179175
176_124,s4.720079,s0.872271,s221.002385
176_125,s4.384339,s-1.391967,s299.380666
176_126,s1.752158,s4.090531,s286.453023
176_127,s-4.462163,s-1.768926,s154.229839
176_128,s0.734017,s4.541059,s318.775932
176_129,s-4.583828,s1.868428,s34.632312
176_130,s-2.338573,s4.305935,s39.713206
176_131,s1.88746,s4.684015,s270.206685
176_132,s1.262205,s-4.682877,s227.232629
176_133,s-4.334511,s2.492391,s352.874167
176_134,s-3.559659,s3.790624,s78.929621
176_135,s-0.766759,s4.890254,s249.746215
176_136,s-0.294598,s-4.841045,s149.263863
176_137,s-1.969752,s-4.758422,s143.794882
176_138,s-4.381645,s3.487289,s46.265183
176_139,s3.6284,s-3.794366,s69.325057
176_140,s-1.430746,s4.686466,s315.101227
176_141,s4.960701,s1.383455,s233.607032
176_142,s2.603502,s-4.501309,s241.388774
176_143,s1.087243,s-5.187283,s153.455227
176_144,s-5.067011,s1.168504,s273.564415
176_145,s-4.027343,s-3.209829,s97.458321
176_146,s-4.671143,s-2.709322,s128.431303
176_147,s4.792428,s-1.744315,s270.057346
176_148,s-3.338887,s4.180231,s16.404482
176_149,s3.012327,s4.360721,s349.97996
176_150,s4.497803,s-2.803528,s260.32087
176_151,s0.648022,s5.159464,s80.6762
176_152,s5.33706,s-1.103761,s8.069186
176_153,s1.294107,s5.242641,s288.174642
176_154,s-5.188682,s0.342899,s160.028066
176_155,s4.078141,s-3.46284,s295.524053
176_156,s-4.706081,s-0.644441,s83.281673
176_157,s-3.741977,s-3.962336,s152.01871
176_158,s-1.838983,s4.917381,s7.800502
176_159,s-1.054295,s5.448941,s50.331858
176_160,s4.480629,s3.441869,s118.553002
176_161,s-4.968278,s-1.845593,s73.634258
176_162,s3.683805,s-4.283933,s285.667762
176_163,s5.428609,s0.482389,s252.648033
176_164,s-5.573549,s-0.926313,s67.282553
176_165,s3.913991,s3.934866,s81.906352
176_166,s-0.95946,s-5.110718,s107.450386
176_167,s-5.387857,s1.331726,s114.30071
176_168,s5.416485,s1.7753,s56.616553
176_169,s-0.475438,s5.278632,s15.139094
176_170,s-2.812482,s-4.784605,s137.338988
176_171,s2.759988,s-5.044301,s209.866209
176_172,s4.99289,s2.535951,s247.817093
176_173,s0.498591,s5.878895,s226.818233
176_174,s1.892342,s5.746437,s355.038788
176_175,s-1.67392,s-5.605398,s207.38103
177_0,s0.0,s0.0,s224.07799
177_1,s-0.148662,s0.371349,s324.138907
177_2,s-0.433521,s-0.120664,s43.560215
177_3,s0.190827,s-0.673487,s116.327727
177_4,s-0.913799,s-0.259751,s80.095038
177_5,s-0.447068,s0.663423,s97.607334
177_6,s-0.744268,s-0.590394,s194.56315
177_7,s-0.067394,s1.047835,s63.289603
177_8,s0.44541,s0.540009,s230.223708
177_9,s1.095233,s-0.350664,s121.948796
177_10,s0.734919,s-0.948627,s215.942255
177_11,s1.050575,s0.847816,s64.136372
177_12,s1.373843,s0.46374,s347.862517
177_13,s-1.245248,s-0.63981,s125.561183
177_14,s0.338793,s-1.306797,s194.028876
177_15,s-0.179821,s1.640172,s282.801172
177_16,s1.593643,s0.142487,s235.155091
177_17,s1.541295,s-0.929737,s310.83356
177_18,s-1.250661,s-1.151455,s199.265546
177_19,s0.914429,s1.373433,s12.198963
177_20,s-0.990518,s0.917264,s50.454835
177_21,s-1.575529,s0.490109,s161.451982
177_22,s-1.731787,s0.896333,s41.722179
177_23,s-0.4896,s-1.523251,s233.738856
177_24,s-0.59971,s1.855491,s332.670797
177_25,s2.195039,s0.14766,s276.378481
177_26,s-1.046984,s1.820391,s55.830495
177_27,s1.478226,s1.561201,s231.407036
177_28,s1.009852,s-1.784012,s287.529052
177_29,s-1.799898,s-1.265056,s121.541619
177_30,s-0.69012,s-2.088955,s218.237921
177_31,s0.424488,s-2.158659,s199.060667
177_32,s0.943868,s2.260888,s331.390383
177_33,s-1.284294,s-1.908033,s93.051652
177_34,s-2.436729,s1.041563,s178.101692
177_35,s1.524309,s-1.981535,s193.08367
177_36,s2.128314,s-1.213581,s173.42918
177_37,s2.21165,s1.36697,s351.856848
177_38,s-1.943709,s-0.471164,s76.317652
177_39,s-1.7889,s2.282507,s354.121861
177_40,s-1.783567,s1.605891,s35.245421
177_41,s2.363303,s0.957756,s214.713346
177_42,s-2.218369,s-0.915881,s115.824923
177_43,s-0.865964,s-2.715254,s242.256704
177_44,s-2.023115,s-2.215176,s153.40833
177_45,s1.539398,s2.157024,s334.41392
177_46,s-0.56078,s2.641122,s352.15862
177_47,s2.391934,s-0.883827,s342.58859
177_48,s0.539859,s2.798402,s102.03545
177_49,s3.14502,s0.590636,s36.746496
177_50,s2.864552,s-0.452045,s297.59072
177_51,s2.406737,s-1.790983,s273.36504
177_52,s1.057025,s-2.646733,s184.135559
177_53,s-2.394613,s1.635796,s356.642679
177_54,s-2.905277,s0.747906,s72.500196
177_55,s-1.029026,s-3.345311,s77.506439
177_56,s-1.077656,s2.311095,s6.634927
177_57,s2.682851,s1.650699,s294.589367
177_58,s-2.807388,s1.535765,s66.143347
177_59,s-2.910519,s-0.481016,s52.863442
177_60,s0.539087,s-3.30634,s246.659103
177_61,s3.046104,s-1.26935,s346.454119
177_62,s-2.508949,s-1.986246,s126.411505
177_63,s-2.93107,s-1.622137,s82.261795
177_64,s1.985035,s-2.445841,s275.447764
177_65,s1.200553,s3.340834,s100.302035
177_66,s-2.291591,s2.711294,s338.119892
177_67,s3.187388,s1.183451,s278.967592
177_68,s-1.447782,s3.131521,s10.710101
177_69,s-2.845785,s2.204883,s111.039982
177_70,s-3.328107,s0.382364,s87.537311
177_71,s2.227809,s2.226963,s330.431299
177_72,s-3.373023,s-2.055533,s83.431494
177_73,s3.579258,s-0.937503,s329.234523
177_74,s0.442226,s3.47195,s10.190142
177_75,s1.722208,s-3.331141,s137.944124
177_76,s-3.621853,s-0.452413,s186.833749
177_77,s1.977097,s3.068157,s345.225682
177_78,s-1.829454,s-3.042302,s93.900732
177_79,s3.253774,s-1.962895,s273.354185
177_80,s-0.325149,s3.786064,s131.920094
177_81,s-2.642866,s3.068837,s62.521798
177_82,s1.630583,s3.597735,s69.101863
177_83,s2.725321,s3.129716,s330.762874
177_84,s2.95204,s2.146616,s7.081862
177_85,s2.410285,s-2.872808,s153.463555
177_86,s3.471528,s2.181397,s335.572071
177_87,s-0.231783,s-3.29185,s231.091314
177_88,s2.879316,s-2.323691,s230.103259
177_89,s4.142602,s-0.247685,s338.630898
177_90,s-3.731807,s1.440005,s254.30311
177_91,s1.18635,s4.133107,s345.164607
177_92,s2.81654,s-2.979447,s229.20729
177_93,s2.077396,s-3.764894,s240.696507
177_94,s3.798107,s1.672389,s289.594995
177_95,s4.266966,s1.073779,s316.595207
177_96,s-0.576484,s4.311632,s139.266225
177_97,s-4.016726,s-1.04327,s38.835671
177_98,s-2.12813,s3.62092,s51.486677
177_99,s-1.605121,s-3.609167,s192.198402
177_100,s-2.057409,s-3.604105,s97.529507
177_101,s3.761321,s-1.501655,s322.282092
177_102,s-3.11213,s2.669204,s69.175553
177_103,s3.612748,s-2.92755,s264.083497
177_104,s0.498426,s-3.968825,s293.549509
177_105,s-0.944496,s-3.938328,s323.950988
177_106,s-3.905641,s2.02632,s347.918465
177_107,s-0.556445,s-4.213415,s160.216844
177_108,s2.546828,s3.709942,s354.774885
177_109,s1.068345,s-4.319854,s314.737555
177_110,s-4.401897,s0.652538,s141.517355
177_111,s-4.280539,s-2.280238,s210.497366
177_112,s-4.138004,s1.495634,s82.519476
177_113,s-3.417892,s-2.927117,s312.781521
177_114,s-2.909704,s-3.627137,s117.572004
177_115,s-4.641877,s-1.221873,s234.093079
177_116,s-2.427069,s-4.02484,s138.071358
177_117,s2.081235,s-4.269773,s189.529959
177_118,s3.980854,s-2.304951,s265.834882
177_119,s-2.96033,s3.714693,s115.258664
177_120,s-1.779767,s4.241748,s234.524682
177_121,s-1.286726,s-4.62432,s76.009566
177_122,s3.264641,s3.311287,s288.730364
177_123,s4.114851,s2.471437,s325.179175
177_124,s4.720079,s0.872271,s221.002385
177_125,s4.384339,s-1.391967,s299.380666
177_126,s1.752158,s4.090531,s286.453023
177_127,s-4.462163,s-1.768926,s154.229839
177_128,s0.734017,s4.541059,s318.775932
177_129,s-4.583828,s1.868428,s34.632312
177_130,s-2.338573,s4.305935,s39.713206
177_131,s1.88746,s4.684015,s270.206685
177_132,s1.262205,s-4.682877,s227.232629
177_133,s-4.334511,s2.492391,s352.874167
177_134,s-3.559659,s3.790624,s78.929621
177_135,s-0.766759,s4.890254,s249.746215
177_136,s-0.294598,s-4.841045,s149.263863
177_137,s-1.969752,s-4.758422,s143.794882
177_138,s-4.381645,s3.487289,s46.265183
177_139,s3.6284,s-3.794366,s69.325057
177_140,s-1.430746,s4.686466,s315.101227
177_141,s4.960701,s1.383455,s233.607032
177_142,s2.603502,s-4.501309,s241.388774
177_143,s1.087243,s-5.187283,s153.455227
177_144,s-5.067011,s1.168504,s273.564415
177_145,s-4.027343,s-3.209829,s97.458321
177_146,s-4.671143,s-2.709322,s128.431303
177_147,s4.792428,s-1.744315,s270.057346
177_148,s-3.338887,s4.180231,s16.404482
177_149,s3.012327,s4.360721,s349.97996
177_150,s4.497803,s-2.803528,s260.32087
177_151,s0.648022,s5.159464,s80.6762
177_152,s5.33706,s-1.103761,s8.069186
177_153,s1.294107,s5.242641,s288.174642
177_154,s-5.188682,s0.342899,s160.028066
177_155,s4.078141,s-3.46284,s295.524053
177_156,s-4.706081,s-0.644441,s83.281673
177_157,s-3.741977,s-3.962336,s152.01871
177_158,s-1.838983,s4.917381,s7.800502
177_159,s-1.054295,s5.448941,s50.331858
177_160,s4.480629,s3.441869,s118.553002
177_161,s-4.968278,s-1.845593,s73.634258
177_162,s3.683805,s-4.283933,s285.667762
177_163,s5.428609,s0.482389,s252.648033
177_164,s-5.573549,s-0.926313,s67.282553
177_165,s3.913991,s3.934866,s81.906352
177_166,s-0.95946,s-5.110718,s107.450386
177_167,s-5.387857,s1.331726,s114.30071
177_168,s5.416485,s1.7753,s56.616553
177_169,s-0.475438,s5.278632,s15.139094
177_170,s-2.812482,s-4.784605,s137.338988
177_171,s2.759988,s-5.044301,s209.866209
177_172,s4.99289,s2.535951,s247.817093
177_173,s0.498591,s5.878895,s226.818233
177_174,s1.892342,s5.746437,s355.038788
177_175,s-1.67392,s-5.605398,s207.38103
177_176,s3.823116,s4.62426,s229.297775
178_0,s0.0,s0.0,s224.07799
178_1,s-0.148662,s0.371349,s324.138907
178_2,s-0.433521,s-0.120664,s43.560215
178_3,s0.190827,s-0.673487,s116.327727
178_4,s-0.913799,s-0.259751,s80.095038
178_5,s-0.447068,s0.663423,s97.607334
178_6,s-0.744268,s-0.590394,s194.56315
178_7,s-0.067394,s1.047835,s63.289603
178_8,s0.44541,s0.540009,s230.223708
178_9,s1.095233,s-0.350664,s121.948796
178_10,s0.734919,s-0.948627,s215.942255
178_11,s1.050575,s0.847816,s64.136372
178_12,s1.373843,s0.46374,s347.862517
178_13,s-1.245248,s-0.63981,s125.561183
178_14,s0.338793,s-1.306797,s194.028876
178_15,s-0.179821,s1.640172,s282.801172
178_16,s1.593643,s0.142487,s235.155091
178_17,s1.541295,s-0.929737,s310.83356
178_18,s-1.250661,s-1.151455,s199.265546
178_19,s0.914429,s1.373433,s12.198963
178_20,s-0.990518,s0.917264,s50.454835
178_21,s-1.575529,s0.490109,s161.451982
178_22,s-1.731787,s0.896333,s41.722179
178_23,s-0.4896,s-1.523251,s233.738856
178_24,s-0.59971,s1.855491,s332.670797
178_25,s2.195039,s0.14766,s276.378481
178_26,s-1.046984,s1.820391,s55.830495
178_27,s1.478226,s1.561201,s231.407036
178_28,s1.009852,s-1.784012,s287.529052
178_29,s-1.799898,s-1.265056,s121.541619
178_30,s-0.69012,s-2.088955,s218.237921
178_31,s0.424488,s-2.158659,s199.060667
178_32,s0.943868,s2.260888,s331.390383
178_33,s-1.284294,s-1.908033,s93.051652
178_34,s-2.436729,s1.041563,s178.101692
178_35,s1.524309,s-1.981535,s193.08367
178_36,s2.128314,s-1.213581,s173.42918
178_37,s2.21165,s1.36697,s351.856848
178_38,s-1.943709,s-0.471164,s76.317652
178_39,s-1.7889,s2.282507,s354.121861
178_40,s-1.783567,s1.605891,s35.245421
178_41,s2.363303,s0.957756,s214.713346
178_42,s-2.218369,s-0.915881,s115.824923
178_43,s-0.865964,s-2.715254,s242.256704
178_44,s-2.023115,s-2.215176,s153.40833
178_45,s1.539398,s2.157024,s334.41392
178_46,s-0.56078,s2.641122,s352.15862
178_47,s2.391934,s-0.883827,s342.58859
178_48,s0.539859,s2.798402,s102.03545
178_49,s3.14502,s0.590636,s36.746496
178_50,s2.864552,s-0.452045,s297.59072
178_51,s2.406737,s-1.790983,s273.36504
178_52,s1.057025,s-2.646733,s184.135559
178_53,s-2.394613,s1.635796,s356.642679
178_54,s-2.905277,s0.747906,s72.500196
178_55,s-1.029026,s-3.345311,s77.506439
178_56,s-1.077656,s2.311095,s6.634927
178_57,s2.682851,s1.650699,s294.589367
178_58,s-2.807388,s1.535765,s66.143347
178_59,s-2.910519,s-0.481016,s52.863442
178_60,s0.539087,s-3.30634,s246.659103
178_61,s3.046104,s-1.26935,s346.454119
178_62,s-2.508949,s-1.986246,s126.411505
178_63,s-2.93107,s-1.622137,s82.261795
178_64,s1.985035,s-2.445841,s275.447764
178_65,s1.200553,s3.340834,s100.302035
178_66,s-2.291591,s2.711294,s338.119892
178_67,s3.187388,s1.183451,s278.967592
178_68,s-1.447782,s3.131521,s10.710101
178_69,s-2.845785,s2.204883,s111.039982
178_70,s-3.328107,s0.382364,s87.537311
178_71,s2.227809,s2.226963,s330.431299
178_72,s-3.373023,s-2.055533,s83.431494
178_73,s3.579258,s-0.937503,s329.234523
178_74,s0.442226,s3.47195,s10.190142
178_75,s1.722208,s-3.331141,s137.944124
178_76,s-3.621853,s-0.452413,s186.833749
178_77,s1.977097,s3.068157,s345.225682
178_78,s-1.829454,s-3.042302,s93.900732
178_79,s3.253774,s-1.962895,s273.354185
178_80,s-0.325149,s3.786064,s131.920094
178_81,s-2.642866,s3.068837,s62.521798
178_82,s1.630583,s3.597735,s69.101863
178_83,s2.725321,s3.129716,s330.762874
178_84,s2.95204,s2.146616,s7.081862
178_85,s2.410285,s-2.872808,s153.463555
178_86,s3.471528,s2.181397,s335.572071
178_87,s-0.231783,s-3.29185,s231.091314
178_88,s2.879316,s-2.323691,s230.103259
178_89,s4.142602,s-0.247685,s338.630898
178_90,s-3.731807,s1.440005,s254.30311
178_91,s1.18635,s4.133107,s345.164607
178_92,s2.81654,s-2.979447,s229.20729
178_93,s2.077396,s-3.764894,s240.696507
178_94,s3.798107,s1.672389,s289.594995
178_95,s4.266966,s1.073779,s316.595207
178_96,s-0.576484,s4.311632,s139.266225
178_97,s-4.016726,s-1.04327,s38.835671
178_98,s-2.12813,s3.62092,s51.486677
178_99,s-1.605121,s-3.609167,s192.198402
178_100,s-2.057409,s-3.604105,s97.529507
178_101,s3.761321,s-1.501655,s322.282092
178_102,s-3.11213,s2.669204,s69.175553
178_103,s3.612748,s-2.92755,s264.083497
178_104,s0.498426,s-3.968825,s293.549509
178_105,s-0.944496,s-3.938328,s323.950988
178_106,s-3.905641,s2.02632,s347.918465
178_107,s-0.556445,s-4.213415,s160.216844
178_108,s2.546828,s3.709942,s354.774885
178_109,s1.068345,s-4.319854,s314.737555
178_110,s-4.401897,s0.652538,s141.517355
178_111,s-4.280539,s-2.280238,s210.497366
178_112,s-4.138004,s1.495634,s82.519476
178_113,s-3.417892,s-2.927117,s312.781521
178_114,s-2.909704,s-3.627137,s117.572004
178_115,s-4.641877,s-1.221873,s234.093079
178_116,s-2.427069,s-4.02484,s138.071358
178_117,s2.081235,s-4.269773,s189.529959
178_118,s3.980854,s-2.304951,s265.834882
178_119,s-2.96033,s3.714693,s115.258664
178_120,s-1.779767,s4.241748,s234.524682
178_121,s-1.286726,s-4.62432,s76.009566
178_122,s3.264641,s3.311287,s288.730364
178_123,s4.114851,s2.471437,s325.179175
178_124,s4.720079,s0.872271,s221.002385
178_125,s4.384339,s-1.391967,s299.380666
178_126,s1.752158,s4.090531,s286.453023
178_127,s-4.462163,s-1.768926,s154.229839
178_128,s0.734017,s4.541059,s318.775932
178_129,s-4.583828,s1.868428,s34.632312
178_130,s-2.338573,s4.305935,s39.713206
178_131,s1.88746,s4.684015,s270.206685
178_132,s1.262205,s-4.682877,s227.232629
178_133,s-4.334511,s2.492391,s352.874167
178_134,s-3.559659,s3.790624,s78.929621
178_135,s-0.766759,s4.890254,s249.746215
178_136,s-0.294598,s-4.841045,s149.263863
178_137,s-1.969752,s-4.758422,s143.794882
178_138,s-4.381645,s3.487289,s46.265183
178_139,s3.6284,s-3.794366,s69.325057
178_140,s-1.430746,s4.686466,s315.101227
178_141,s4.960701,s1.383455,s233.607032
178_142,s2.603502,s-4.501309,s241.388774
178_143,s1.087243,s-5.187283,s153.455227
178_144,s-5.067011,s1.168504,s273.564415
178_145,s-4.027343,s-3.209829,s97.458321
178_146,s-4.671143,s-2.709322,s128.431303
178_147,s4.792428,s-1.744315,s270.057346
178_148,s-3.338887,s4.180231,s16.404482
178_149,s3.012327,s4.360721,s349.97996
178_150,s4.497803,s-2.803528,s260.32087
178_151,s0.648022,s5.159464,s80.6762
178_152,s5.33706,s-1.103761,s8.069186
178_153,s1.294107,s5.242641,s288.174642
178_154,s-5.188682,s0.342899,s160.028066
178_155,s4.078141,s-3.46284,s295.524053
178_156,s-4.706081,s-0.644441,s83.281673
178_157,s-3.741977,s-3.962336,s152.01871
178_158,s-1.838983,s4.917381,s7.800502
178_159,s-1.054295,s5.448941,s50.331858
178_160,s4.480629,s3.441869,s118.553002
178_161,s-4.968278,s-1.845593,s73.634258
178_162,s3.683805,s-4.283933,s285.667762
178_163,s5.428609,s0.482389,s252.648033
178_164,s-5.573549,s-0.926313,s67.282553
178_165,s3.913991,s3.934866,s81.906352
178_166,s-0.95946,s-5.110718,s107.450386
178_167,s-5.387857,s1.331726,s114.30071
178_168,s5.416485,s1.7753,s56.616553
178_169,s-0.475438,s5.278632,s15.139094
178_170,s-2.812482,s-4.784605,s137.338988
178_171,s2.759988,s-5.044301,s209.866209
178_172,s4.99289,s2.535951,s247.817093
178_173,s0.498591,s5.878895,s226.818233
178_174,s1.892342,s5.746437,s355.038788
178_175,s-1.67392,s-5.605398,s207.38103
178_176,s3.823116,s4.62426,s229.297775
178_177,s5.391681,s-2.269861,s328.283221
179_0,s0.0,s0.0,s224.07799
179_1,s-0.148662,s0.371349,s324.138907
179_2,s-0.433521,s-0.120664,s43.560215
179_3,s0.190827,s-0.673487,s116.327727
179_4,s-0.913799,s-0.259751,s80.095038
179_5,s-0.447068,s0.663423,s97.607334
179_6,s-0.744268,s-0.590394,s194.56315
179_7,s-0.067394,s1.047835,s63.289603
179_8,s0.44541,s0.540009,s230.223708
179_9,s1.095233,s-0.350664,s121.948796
179_10,s0.734919,s-0.948627,s215.942255
179_11,s1.050575,s0.847816,s64.136372
179_12,s1.373843,s0.46374,s347.862517
179_13,s-1.245248,s-0.63981,s125.561183
179_14,s0.338793,s-1.306797,s194.028876
179_15,s-0.179821,s1.640172,s282.801172
179_16,s1.593643,s0.142487,s235.155091
179_17,s1.541295,s-0.929737,s310.83356
179_18,s-1.250661,s-1.151455,s199.265546
179_19,s0.914429,s1.373433,s12.198963
179_20,s-0.990518,s0.917264,s50.454835
179_21,s-1.575529,s0.490109,s161.451982
179_22,s-1.731787,s0.896333,s41.722179
179_23,s-0.4896,s-1.523251,s233.738856
179_24,s-0.59971,s1.855491,s332.670797
179_25,s2.195039,s0.14766,s276.378481
179_26,s-1.046984,s1.820391,s55.830495
179_27,s1.478226,s1.561201,s231.407036
179_28,s1.009852,s-1.784012,s287.529052
179_29,s-1.799898,s-1.265056,s121.541619
179_30,s-0.69012,s-2.088955,s218.237921
179_31,s0.424488,s-2.158659,s199.060667
179_32,s0.943868,s2.260888,s331.390383
179_33,s-1.284294,s-1.908033,s93.051652
179_34,s-2.436729,s1.041563,s178.101692
179_35,s1.524309,s-1.981535,s193.08367
179_36,s2.128314,s-1.213581,s173.42918
179_37,s2.21165,s1.36697,s351.856848
179_38,s-1.943709,s-0.471164,s76.317652
179_39,s-1.7889,s2.282507,s354.121861
179_40,s-1.783567,s1.605891,s35.245421
179_41,s2.363303,s0.957756,s214.713346
179_42,s-2.218369,s-0.915881,s115.824923
179_43,s-0.865964,s-2.715254,s242.256704
179_44,s-2.023115,s-2.215176,s153.40833
179_45,s1.539398,s2.157024,s334.41392
179_46,s-0.56078,s2.641122,s352.15862
179_47,s2.391934,s-0.883827,s342.58859
179_48,s0.539859,s2.798402,s102.03545
179_49,s3.14502,s0.590636,s36.746496
179_50,s2.864552,s-0.452045,s297.59072
179_51,s2.406737,s-1.790983,s273.36504
179_52,s1.057025,s-2.646733,s184.135559
179_53,s-2.394613,s1.635796,s356.642679
179_54,s-2.905277,s0.747906,s72.500196
179_55,s-1.029026,s-3.345311,s77.506439
179_56,s-1.077656,s2.311095,s6.634927
179_57,s2.682851,s1.650699,s294.589367
179_58,s-2.807388,s1.535765,s66.143347
179_59,s-2.910519,s-0.481016,s52.863442
179_60,s0.539087,s-3.30634,s246.659103
179_61,s3.046104,s-1.26935,s346.454119
179_62,s-2.508949,s-1.986246,s126.411505
179_63,s-2.93107,s-1.622137,s82.261795
179_64,s1.985035,s-2.445841,s275.447764
179_65,s1.200553,s3.340834,s100.302035
179_66,s-2.291591,s2.711294,s338.119892
179_67,s3.187388,s1.183451,s278.967592
179_68,s-1.447782,s3.131521,s10.710101
179_69,s-2.845785,s2.204883,s111.039982
179_70,s-3.328107,s0.382364,s87.537311
179_71,s2.227809,s2.226963,s330.431299
179_72,s-3.373023,s-2.055533,s83.431494
179_73,s3.579258,s-0.937503,s329.234523
179_74,s0.442226,s3.47195,s10.190142
179_75,s1.722208,s-3.331141,s137.944124
179_76,s-3.621853,s-0.452413,s186.833749
179_77,s1.977097,s3.068157,s345.225682
179_78,s-1.829454,s-3.042302,s93.900732
179_79,s3.253774,s-1.962895,s273.354185
179_80,s-0.325149,s3.786064,s131.920094
179_81,s-2.642866,s3.068837,s62.521798
179_82,s1.630583,s3.597735,s69.101863
179_83,s2.725321,s3.129716,s330.762874
179_84,s2.95204,s2.146616,s7.081862
179_85,s2.410285,s-2.872808,s153.463555
179_86,s3.471528,s2.181397,s335.572071
179_87,s-0.231783,s-3.29185,s231.091314
179_88,s2.879316,s-2.323691,s230.103259
179_89,s4.142602,s-0.247685,s338.630898
179_90,s-3.731807,s1.440005,s254.30311
179_91,s1.18635,s4.133107,s345.164607
179_92,s2.81654,s-2.979447,s229.20729
179_93,s2.077396,s-3.764894,s240.696507
179_94,s3.798107,s1.672389,s289.594995
179_95,s4.266966,s1.073779,s316.595207
179_96,s-0.576484,s4.311632,s139.266225
179_97,s-4.016726,s-1.04327,s38.835671
179_98,s-2.12813,s3.62092,s51.486677
179_99,s-1.605121,s-3.609167,s192.198402
179_100,s-2.057409,s-3.604105,s97.529507
179_101,s3.761321,s-1.501655,s322.282092
179_102,s-3.11213,s2.669204,s69.175553
179_103,s3.612748,s-2.92755,s264.083497
179_104,s0.498426,s-3.968825,s293.549509
179_105,s-0.944496,s-3.938328,s323.950988
179_106,s-3.905641,s2.02632,s347.918465
179_107,s-0.556445,s-4.213415,s160.216844
179_108,s2.546828,s3.709942,s354.774885
179_109,s1.068345,s-4.319854,s314.737555
179_110,s-4.401897,s0.652538,s141.517355
179_111,s-4.280539,s-2.280238,s210.497366
179_112,s-4.138004,s1.495634,s82.519476
179_113,s-3.417892,s-2.927117,s312.781521
179_114,s-2.909704,s-3.627137,s117.572004
179_115,s-4.641877,s-1.221873,s234.093079
179_116,s-2.427069,s-4.02484,s138.071358
179_117,s2.081235,s-4.269773,s189.529959
179_118,s3.980854,s-2.304951,s265.834882
179_119,s-2.96033,s3.714693,s115.258664
179_120,s-1.779767,s4.241748,s234.524682
179_121,s-1.286726,s-4.62432,s76.009566
179_122,s3.264641,s3.311287,s288.730364
179_123,s4.114851,s2.471437,s325.179175
179_124,s4.720079,s0.872271,s221.002385
179_125,s4.384339,s-1.391967,s299.380666
179_126,s1.752158,s4.090531,s286.453023
179_127,s-4.462163,s-1.768926,s154.229839
179_128,s0.734017,s4.541059,s318.775932
179_129,s-4.583828,s1.868428,s34.632312
179_130,s-2.338573,s4.305935,s39.713206
179_131,s1.88746,s4.684015,s270.206685
179_132,s1.262205,s-4.682877,s227.232629
179_133,s-4.334511,s2.492391,s352.874167
179_134,s-3.559659,s3.790624,s78.929621
179_135,s-0.766759,s4.890254,s249.746215
179_136,s-0.294598,s-4.841045,s149.263863
179_137,s-1.969752,s-4.758422,s143.794882
179_138,s-4.381645,s3.487289,s46.265183
179_139,s3.6284,s-3.794366,s69.325057
179_140,s-1.430746,s4.686466,s315.101227
179_141,s4.960701,s1.383455,s233.607032
179_142,s2.603502,s-4.501309,s241.388774
179_143,s1.087243,s-5.187283,s153.455227
179_144,s-5.067011,s1.168504,s273.564415
179_145,s-4.027343,s-3.209829,s97.458321
179_146,s-4.671143,s-2.709322,s128.431303
179_147,s4.792428,s-1.744315,s270.057346
179_148,s-3.338887,s4.180231,s16.404482
179_149,s3.012327,s4.360721,s349.97996
179_150,s4.497803,s-2.803528,s260.32087
179_151,s0.648022,s5.159464,s80.6762
179_152,s5.33706,s-1.103761,s8.069186
179_153,s1.294107,s5.242641,s288.174642
179_154,s-5.188682,s0.342899,s160.028066
179_155,s4.078141,s-3.46284,s295.524053
179_156,s-4.706081,s-0.644441,s83.281673
179_157,s-3.741977,s-3.962336,s152.01871
179_158,s-1.838983,s4.917381,s7.800502
179_159,s-1.054295,s5.448941,s50.331858
179_160,s4.480629,s3.441869,s118.553002
179_161,s-4.968278,s-1.845593,s73.634258
179_162,s3.683805,s-4.283933,s285.667762
179_163,s5.428609,s0.482389,s252.648033
179_164,s-5.573549,s-0.926313,s67.282553
179_165,s3.913991,s3.934866,s81.906352
179_166,s-0.95946,s-5.110718,s107.450386
179_167,s-5.387857,s1.331726,s114.30071
179_168,s5.416485,s1.7753,s56.616553
179_169,s-0.475438,s5.278632,s15.139094
179_170,s-2.812482,s-4.784605,s137.338988
179_171,s2.759988,s-5.044301,s209.866209
179_172,s4.99289,s2.535951,s247.817093
179_173,s0.498591,s5.878895,s226.818233
179_174,s1.892342,s5.746437,s355.038788
179_175,s-1.67392,s-5.605398,s207.38103
179_176,s3.823116,s4.62426,s229.297775
179_177,s5.391681,s-2.269861,s328.283221
179_178,s2.235368,s5.188991,s229.653485
180_0,s0.0,s0.0,s224.07799
180_1,s-0.148662,s0.371349,s324.138907
180_2,s-0.433521,s-0.120664,s43.560215
180_3,s0.190827,s-0.673487,s116.327727
180_4,s-0.913799,s-0.259751,s80.095038
180_5,s-0.447068,s0.663423,s97.607334
180_6,s-0.744268,s-0.590394,s194.56315
180_7,s-0.067394,s1.047835,s63.289603
180_8,s0.44541,s0.540009,s230.223708
180_9,s1.095233,s-0.350664,s121.948796
180_10,s0.734919,s-0.948627,s215.942255
180_11,s1.050575,s0.847816,s64.136372
180_12,s1.373843,s0.46374,s347.862517
180_13,s-1.245248,s-0.63981,s125.561183
180_14,s0.338793,s-1.306797,s194.028876
180_15,s-0.179821,s1.640172,s282.801172
180_16,s1.593643,s0.142487,s235.155091
180_17,s1.541295,s-0.929737,s310.83356
180_18,s-1.250661,s-1.151455,s199.265546
180_19,s0.914429,s1.373433,s12.198963
180_20,s-0.990518,s0.917264,s50.454835
180_21,s-1.575529,s0.490109,s161.451982
180_22,s-1.731787,s0.896333,s41.722179
180_23,s-0.4896,s-1.523251,s233.738856
180_24,s-0.59971,s1.855491,s332.670797
180_25,s2.195039,s0.14766,s276.378481
180_26,s-1.046984,s1.820391,s55.830495
180_27,s1.478226,s1.561201,s231.407036
180_28,s1.009852,s-1.784012,s287.529052
180_29,s-1.799898,s-1.265056,s121.541619
180_30,s-0.69012,s-2.088955,s218.237921
180_31,s0.424488,s-2.158659,s199.060667
180_32,s0.943868,s2.260888,s331.390383
180_33,s-1.284294,s-1.908033,s93.051652
180_34,s-2.436729,s1.041563,s178.101692
180_35,s1.524309,s-1.981535,s193.08367
180_36,s2.128314,s-1.213581,s173.42918
180_37,s2.21165,s1.36697,s351.856848
180_38,s-1.943709,s-0.471164,s76.317652
180_39,s-1.7889,s2.282507,s354.121861
180_40,s-1.783567,s1.605891,s35.245421
180_41,s2.363303,s0.957756,s214.713346
180_42,s-2.218369,s-0.915881,s115.824923
180_43,s-0.865964,s-2.715254,s242.256704
180_44,s-2.023115,s-2.215176,s153.40833
180_45,s1.539398,s2.157024,s334.41392
180_46,s-0.56078,s2.641122,s352.15862
180_47,s2.391934,s-0.883827,s342.58859
180_48,s0.539859,s2.798402,s102.03545
180_49,s3.14502,s0.590636,s36.746496
180_50,s2.864552,s-0.452045,s297.59072
180_51,s2.406737,s-1.790983,s273.36504
180_52,s1.057025,s-2.646733,s184.135559
180_53,s-2.394613,s1.635796,s356.642679
180_54,s-2.905277,s0.747906,s72.500196
180_55,s-1.029026,s-3.345311,s77.506439
180_56,s-1.077656,s2.311095,s6.634927
180_57,s2.682851,s1.650699,s294.589367
180_58,s-2.807388,s1.535765,s66.143347
180_59,s-2.910519,s-0.481016,s52.863442
180_60,s0.539087,s-3.30634,s246.659103
180_61,s3.046104,s-1.26935,s346.454119
180_62,s-2.508949,s-1.986246,s126.411505
180_63,s-2.93107,s-1.622137,s82.261795
180_64,s1.985035,s-2.445841,s275.447764
180_65,s1.200553,s3.340834,s100.302035
180_66,s-2.291591,s2.711294,s338.119892
180_67,s3.187388,s1.183451,s278.967592
180_68,s-1.447782,s3.131521,s10.710101
180_69,s-2.845785,s2.204883,s111.039982
180_70,s-3.328107,s0.382364,s87.537311
180_71,s2.227809,s2.226963,s330.431299
180_72,s-3.373023,s-2.055533,s83.431494
180_73,s3.579258,s-0.937503,s329.234523
180_74,s0.442226,s3.47195,s10.190142
180_75,s1.722208,s-3.331141,s137.944124
180_76,s-3.621853,s-0.452413,s186.833749
180_77,s1.977097,s3.068157,s345.225682
180_78,s-1.829454,s-3.042302,s93.900732
180_79,s3.253774,s-1.962895,s273.354185
180_80,s-0.325149,s3.786064,s131.920094
180_81,s-2.642866,s3.068837,s62.521798
180_82,s1.630583,s3.597735,s69.101863
180_83,s2.725321,s3.129716,s330.762874
180_84,s2.95204,s2.146616,s7.081862
180_85,s2.410285,s-2.872808,s153.463555
180_86,s3.471528,s2.181397,s335.572071
180_87,s-0.231783,s-3.29185,s231.091314
180_88,s2.879316,s-2.323691,s230.103259
180_89,s4.142602,s-0.247685,s338.630898
180_90,s-3.731807,s1.440005,s254.30311
180_91,s1.18635,s4.133107,s345.164607
180_92,s2.81654,s-2.979447,s229.20729
180_93,s2.077396,s-3.764894,s240.696507
180_94,s3.798107,s1.672389,s289.594995
180_95,s4.266966,s1.073779,s316.595207
180_96,s-0.576484,s4.311632,s139.266225
180_97,s-4.016726,s-1.04327,s38.835671
180_98,s-2.12813,s3.62092,s51.486677
180_99,s-1.605121,s-3.609167,s192.198402
180_100,s-2.057409,s-3.604105,s97.529507
180_101,s3.761321,s-1.501655,s322.282092
180_102,s-3.11213,s2.669204,s69.175553
180_103,s3.612748,s-2.92755,s264.083497
180_104,s0.498426,s-3.968825,s293.549509
180_105,s-0.944496,s-3.938328,s323.950988
180_106,s-3.905641,s2.02632,s347.918465
180_107,s-0.556445,s-4.213415,s160.216844
180_108,s2.546828,s3.709942,s354.774885
180_109,s1.068345,s-4.319854,s314.737555
180_110,s-4.401897,s0.652538,s141.517355
180_111,s-4.280539,s-2.280238,s210.497366
180_112,s-4.138004,s1.495634,s82.519476
180_113,s-3.417892,s-2.927117,s312.781521
180_114,s-2.909704,s-3.627137,s117.572004
180_115,s-4.641877,s-1.221873,s234.093079
180_116,s-2.427069,s-4.02484,s138.071358
180_117,s2.081235,s-4.269773,s189.529959
180_118,s3.980854,s-2.304951,s265.834882
180_119,s-2.96033,s3.714693,s115.258664
180_120,s-1.779767,s4.241748,s234.524682
180_121,s-1.286726,s-4.62432,s76.009566
180_122,s3.264641,s3.311287,s288.730364
180_123,s4.114851,s2.471437,s325.179175
180_124,s4.720079,s0.872271,s221.002385
180_125,s4.384339,s-1.391967,s299.380666
180_126,s1.752158,s4.090531,s286.453023
180_127,s-4.462163,s-1.768926,s154.229839
180_128,s0.734017,s4.541059,s318.775932
180_129,s-4.583828,s1.868428,s34.632312
180_130,s-2.338573,s4.305935,s39.713206
180_131,s1.88746,s4.684015,s270.206685
180_132,s1.262205,s-4.682877,s227.232629
180_133,s-4.334511,s2.492391,s352.874167
180_134,s-3.559659,s3.790624,s78.929621
180_135,s-0.766759,s4.890254,s249.746215
180_136,s-0.294598,s-4.841045,s149.263863
180_137,s-1.969752,s-4.758422,s143.794882
180_138,s-4.381645,s3.487289,s46.265183
180_139,s3.6284,s-3.794366,s69.325057
180_140,s-1.430746,s4.686466,s315.101227
180_141,s4.960701,s1.383455,s233.607032
180_142,s2.603502,s-4.501309,s241.388774
180_143,s1.087243,s-5.187283,s153.455227
180_144,s-5.067011,s1.168504,s273.564415
180_145,s-4.027343,s-3.209829,s97.458321
180_146,s-4.671143,s-2.709322,s128.431303
180_147,s4.792428,s-1.744315,s270.057346
180_148,s-3.338887,s4.180231,s16.404482
180_149,s3.012327,s4.360721,s349.97996
180_150,s4.497803,s-2.803528,s260.32087
180_151,s0.648022,s5.159464,s80.6762
180_152,s5.33706,s-1.103761,s8.069186
180_153,s1.294107,s5.242641,s288.174642
180_154,s-5.188682,s0.342899,s160.028066
180_155,s4.078141,s-3.46284,s295.524053
180_156,s-4.706081,s-0.644441,s83.281673
180_157,s-3.741977,s-3.962336,s152.01871
180_158,s-1.838983,s4.917381,s7.800502
180_159,s-1.054295,s5.448941,s50.331858
180_160,s4.480629,s3.441869,s118.553002
180_161,s-4.968278,s-1.845593,s73.634258
180_162,s3.683805,s-4.283933,s285.667762
180_163,s5.428609,s0.482389,s252.648033
180_164,s-5.573549,s-0.926313,s67.282553
180_165,s3.913991,s3.934866,s81.906352
180_166,s-0.95946,s-5.110718,s107.450386
180_167,s-5.387857,s1.331726,s114.30071
180_168,s5.416485,s1.7753,s56.616553
180_169,s-0.475438,s5.278632,s15.139094
180_170,s-2.812482,s-4.784605,s137.338988
180_171,s2.759988,s-5.044301,s209.866209
180_172,s4.99289,s2.535951,s247.817093
180_173,s0.498591,s5.878895,s226.818233
180_174,s1.892342,s5.746437,s355.038788
180_175,s-1.67392,s-5.605398,s207.38103
180_176,s3.823116,s4.62426,s229.297775
180_177,s5.391681,s-2.269861,s328.283221
180_178,s2.235368,s5.188991,s229.653485
180_179,s1.631875,s-5.565697,s300.30407
181_0,s0.0,s0.0,s224.07799
181_1,s-0.148662,s0.371349,s324.138907
181_2,s-0.433521,s-0.120664,s43.560215
181_3,s0.190827,s-0.673487,s116.327727
181_4,s-0.913799,s-0.259751,s80.095038
181_5,s-0.447068,s0.663423,s97.607334
181_6,s-0.744268,s-0.590394,s194.56315
181_7,s-0.067394,s1.047835,s63.289603
181_8,s0.44541,s0.540009,s230.223708
181_9,s1.095233,s-0.350664,s121.948796
181_10,s0.734919,s-0.948627,s215.942255
181_11,s1.050575,s0.847816,s64.136372
181_12,s1.373843,s0.46374,s347.862517
181_13,s-1.245248,s-0.63981,s125.561183
181_14,s0.338793,s-1.306797,s194.028876
181_15,s-0.179821,s1.640172,s282.801172
181_16,s1.593643,s0.142487,s235.155091
181_17,s1.541295,s-0.929737,s310.83356
181_18,s-1.250661,s-1.151455,s199.265546
181_19,s0.914429,s1.373433,s12.198963
181_20,s-0.990518,s0.917264,s50.454835
181_21,s-1.575529,s0.490109,s161.451982
181_22,s-1.731787,s0.896333,s41.722179
181_23,s-0.4896,s-1.523251,s233.738856
181_24,s-0.59971,s1.855491,s332.670797
181_25,s2.195039,s0.14766,s276.378481
181_26,s-1.046984,s1.820391,s55.830495
181_27,s1.478226,s1.561201,s231.407036
181_28,s1.009852,s-1.784012,s287.529052
181_29,s-1.799898,s-1.265056,s121.541619
181_30,s-0.69012,s-2.088955,s218.237921
181_31,s0.424488,s-2.158659,s199.060667
181_32,s0.943868,s2.260888,s331.390383
181_33,s-1.284294,s-1.908033,s93.051652
181_34,s-2.436729,s1.041563,s178.101692
181_35,s1.524309,s-1.981535,s193.08367
181_36,s2.128314,s-1.213581,s173.42918
181_37,s2.21165,s1.36697,s351.856848
181_38,s-1.943709,s-0.471164,s76.317652
181_39,s-1.7889,s2.282507,s354.121861
181_40,s-1.783567,s1.605891,s35.245421
181_41,s2.363303,s0.957756,s214.713346
181_42,s-2.218369,s-0.915881,s115.824923
181_43,s-0.865964,s-2.715254,s242.256704
181_44,s-2.023115,s-2.215176,s153.40833
181_45,s1.539398,s2.157024,s334.41392
181_46,s-0.56078,s2.641122,s352.15862
181_47,s2.391934,s-0.883827,s342.58859
181_48,s0.539859,s2.798402,s102.03545
181_49,s3.14502,s0.590636,s36.746496
181_50,s2.864552,s-0.452045,s297.59072
181_51,s2.406737,s-1.790983,s273.36504
181_52,s1.057025,s-2.646733,s184.135559
181_53,s-2.394613,s1.635796,s356.642679
181_54,s-2.905277,s0.747906,s72.500196
181_55,s-1.029026,s-3.345311,s77.506439
181_56,s-1.077656,s2.311095,s6.634927
181_57,s2.682851,s1.650699,s294.589367
181_58,s-2.807388,s1.535765,s66.143347
181_59,s-2.910519,s-0.481016,s52.863442
181_60,s0.539087,s-3.30634,s246.659103
181_61,s3.046104,s-1.26935,s346.454119
181_62,s-2.508949,s-1.986246,s126.411505
181_63,s-2.93107,s-1.622137,s82.261795
181_64,s1.985035,s-2.445841,s275.447764
181_65,s1.200553,s3.340834,s100.302035
181_66,s-2.291591,s2.711294,s338.119892
181_67,s3.187388,s1.183451,s278.967592
181_68,s-1.447782,s3.131521,s10.710101
181_69,s-2.845785,s2.204883,s111.039982
181_70,s-3.328107,s0.382364,s87.537311
181_71,s2.227809,s2.226963,s330.431299
181_72,s-3.373023,s-2.055533,s83.431494
181_73,s3.579258,s-0.937503,s329.234523
181_74,s0.442226,s3.47195,s10.190142
181_75,s1.722208,s-3.331141,s137.944124
181_76,s-3.621853,s-0.452413,s186.833749
181_77,s1.977097,s3.068157,s345.225682
181_78,s-1.829454,s-3.042302,s93.900732
181_79,s3.253774,s-1.962895,s273.354185
181_80,s-0.325149,s3.786064,s131.920094
181_81,s-2.642866,s3.068837,s62.521798
181_82,s1.630583,s3.597735,s69.101863
181_83,s2.725321,s3.129716,s330.762874
181_84,s2.95204,s2.146616,s7.081862
181_85,s2.410285,s-2.872808,s153.463555
181_86,s3.471528,s2.181397,s335.572071
181_87,s-0.231783,s-3.29185,s231.091314
181_88,s2.879316,s-2.323691,s230.103259
181_89,s4.142602,s-0.247685,s338.630898
181_90,s-3.731807,s1.440005,s254.30311
181_91,s1.18635,s4.133107,s345.164607
181_92,s2.81654,s-2.979447,s229.20729
181_93,s2.077396,s-3.764894,s240.696507
181_94,s3.798107,s1.672389,s289.594995
181_95,s4.266966,s1.073779,s316.595207
181_96,s-0.576484,s4.311632,s139.266225
181_97,s-4.016726,s-1.04327,s38.835671
181_98,s-2.12813,s3.62092,s51.486677
181_99,s-1.605121,s-3.609167,s192.198402
181_100,s-2.057409,s-3.604105,s97.529507
181_101,s3.761321,s-1.501655,s322.282092
181_102,s-3.11213,s2.669204,s69.175553
181_103,s3.612748,s-2.92755,s264.083497
181_104,s0.498426,s-3.968825,s293.549509
181_105,s-0.944496,s-3.938328,s323.950988
181_106,s-3.905641,s2.02632,s347.918465
181_107,s-0.556445,s-4.213415,s160.216844
181_108,s2.546828,s3.709942,s354.774885
181_109,s1.068345,s-4.319854,s314.737555
181_110,s-4.401897,s0.652538,s141.517355
181_111,s-4.280539,s-2.280238,s210.497366
181_112,s-4.138004,s1.495634,s82.519476
181_113,s-3.417892,s-2.927117,s312.781521
181_114,s-2.909704,s-3.627137,s117.572004
181_115,s-4.641877,s-1.221873,s234.093079
181_116,s-2.427069,s-4.02484,s138.071358
181_117,s2.081235,s-4.269773,s189.529959
181_118,s3.980854,s-2.304951,s265.834882
181_119,s-2.96033,s3.714693,s115.258664
181_120,s-1.779767,s4.241748,s234.524682
181_121,s-1.286726,s-4.62432,s76.009566
181_122,s3.264641,s3.311287,s288.730364
181_123,s4.114851,s2.471437,s325.179175
181_124,s4.720079,s0.872271,s221.002385
181_125,s4.384339,s-1.391967,s299.380666
181_126,s1.752158,s4.090531,s286.453023
181_127,s-4.462163,s-1.768926,s154.229839
181_128,s0.734017,s4.541059,s318.775932
181_129,s-4.583828,s1.868428,s34.632312
181_130,s-2.338573,s4.305935,s39.713206
181_131,s1.88746,s4.684015,s270.206685
181_132,s1.262205,s-4.682877,s227.232629
181_133,s-4.334511,s2.492391,s352.874167
181_134,s-3.559659,s3.790624,s78.929621
181_135,s-0.766759,s4.890254,s249.746215
181_136,s-0.294598,s-4.841045,s149.263863
181_137,s-1.969752,s-4.758422,s143.794882
181_138,s-4.381645,s3.487289,s46.265183
181_139,s3.6284,s-3.794366,s69.325057
181_140,s-1.430746,s4.686466,s315.101227
181_141,s4.960701,s1.383455,s233.607032
181_142,s2.603502,s-4.501309,s241.388774
181_143,s1.087243,s-5.187283,s153.455227
181_144,s-5.067011,s1.168504,s273.564415
181_145,s-4.027343,s-3.209829,s97.458321
181_146,s-4.671143,s-2.709322,s128.431303
181_147,s4.792428,s-1.744315,s270.057346
181_148,s-3.338887,s4.180231,s16.404482
181_149,s3.012327,s4.360721,s349.97996
181_150,s4.497803,s-2.803528,s260.32087
181_151,s0.648022,s5.159464,s80.6762
181_152,s5.33706,s-1.103761,s8.069186
181_153,s1.294107,s5.242641,s288.174642
181_154,s-5.188682,s0.342899,s160.028066
181_155,s4.078141,s-3.46284,s295.524053
181_156,s-4.706081,s-0.644441,s83.281673
181_157,s-3.741977,s-3.962336,s152.01871
181_158,s-1.838983,s4.917381,s7.800502
181_159,s-1.054295,s5.448941,s50.331858
181_160,s4.480629,s3.441869,s118.553002
181_161,s-4.968278,s-1.845593,s73.634258
181_162,s3.683805,s-4.283933,s285.667762
181_163,s5.428609,s0.482389,s252.648033
181_164,s-5.573549,s-0.926313,s67.282553
181_165,s3.913991,s3.934866,s81.906352
181_166,s-0.95946,s-5.110718,s107.450386
181_167,s-5.387857,s1.331726,s114.30071
181_168,s5.416485,s1.7753,s56.616553
181_169,s-0.475438,s5.278632,s15.139094
181_170,s-2.812482,s-4.784605,s137.338988
181_171,s2.759988,s-5.044301,s209.866209
181_172,s4.99289,s2.535951,s247.817093
181_173,s0.498591,s5.878895,s226.818233
181_174,s1.892342,s5.746437,s355.038788
181_175,s-1.67392,s-5.605398,s207.38103
181_176,s3.823116,s4.62426,s229.297775
181_177,s5.391681,s-2.269861,s328.283221
181_178,s2.235368,s5.188991,s229.653485
181_179,s1.631875,s-5.565697,s300.30407
181_180,s4.968661,s2.992057,s330.852549
182_0,s0.0,s0.0,s224.07799
182_1,s-0.148662,s0.371349,s324.138907
182_2,s-0.433521,s-0.120664,s43.560215
182_3,s0.190827,s-0.673487,s116.327727
182_4,s-0.913799,s-0.259751,s80.095038
182_5,s-0.447068,s0.663423,s97.607334
182_6,s-0.744268,s-0.590394,s194.56315
182_7,s-0.067394,s1.047835,s63.289603
182_8,s0.44541,s0.540009,s230.223708
182_9,s1.095233,s-0.350664,s121.948796
182_10,s0.734919,s-0.948627,s215.942255
182_11,s1.050575,s0.847816,s64.136372
182_12,s1.373843,s0.46374,s347.862517
182_13,s-1.245248,s-0.63981,s125.561183
182_14,s0.338793,s-1.306797,s194.028876
182_15,s-0.179821,s1.640172,s282.801172
182_16,s1.593643,s0.142487,s235.155091
182_17,s1.541295,s-0.929737,s310.83356
182_18,s-1.250661,s-1.151455,s199.265546
182_19,s0.914429,s1.373433,s12.198963
182_20,s-0.990518,s0.917264,s50.454835
182_21,s-1.575529,s0.490109,s161.451982
182_22,s-1.731787,s0.896333,s41.722179
182_23,s-0.4896,s-1.523251,s233.738856
182_24,s-0.59971,s1.855491,s332.670797
182_25,s2.195039,s0.14766,s276.378481
182_26,s-1.046984,s1.820391,s55.830495
182_27,s1.478226,s1.561201,s231.407036
182_28,s1.009852,s-1.784012,s287.529052
182_29,s-1.799898,s-1.265056,s121.541619
182_30,s-0.69012,s-2.088955,s218.237921
182_31,s0.424488,s-2.158659,s199.060667
182_32,s0.943868,s2.260888,s331.390383
182_33,s-1.284294,s-1.908033,s93.051652
182_34,s-2.436729,s1.041563,s178.101692
182_35,s1.524309,s-1.981535,s193.08367
182_36,s2.128314,s-1.213581,s173.42918
182_37,s2.21165,s1.36697,s351.856848
182_38,s-1.943709,s-0.471164,s76.317652
182_39,s-1.7889,s2.282507,s354.121861
182_40,s-1.783567,s1.605891,s35.245421
182_41,s2.363303,s0.957756,s214.713346
182_42,s-2.218369,s-0.915881,s115.824923
182_43,s-0.865964,s-2.715254,s242.256704
182_44,s-2.023115,s-2.215176,s153.40833
182_45,s1.539398,s2.157024,s334.41392
182_46,s-0.56078,s2.641122,s352.15862
182_47,s2.391934,s-0.883827,s342.58859
182_48,s0.539859,s2.798402,s102.03545
182_49,s3.14502,s0.590636,s36.746496
182_50,s2.864552,s-0.452045,s297.59072
182_51,s2.406737,s-1.790983,s273.36504
182_52,s1.057025,s-2.646733,s184.135559
182_53,s-2.394613,s1.635796,s356.642679
182_54,s-2.905277,s0.747906,s72.500196
182_55,s-1.029026,s-3.345311,s77.506439
182_56,s-1.077656,s2.311095,s6.634927
182_57,s2.682851,s1.650699,s294.589367
182_58,s-2.807388,s1.535765,s66.143347
182_59,s-2.910519,s-0.481016,s52.863442
182_60,s0.539087,s-3.30634,s246.659103
182_61,s3.046104,s-1.26935,s346.454119
182_62,s-2.508949,s-1.986246,s126.411505
182_63,s-2.93107,s-1.622137,s82.261795
182_64,s1.985035,s-2.445841,s275.447764
182_65,s1.200553,s3.340834,s100.302035
182_66,s-2.291591,s2.711294,s338.119892
182_67,s3.187388,s1.183451,s278.967592
182_68,s-1.447782,s3.131521,s10.710101
182_69,s-2.845785,s2.204883,s111.039982
182_70,s-3.328107,s0.382364,s87.537311
182_71,s2.227809,s2.226963,s330.431299
182_72,s-3.373023,s-2.055533,s83.431494
182_73,s3.579258,s-0.937503,s329.234523
182_74,s0.442226,s3.47195,s10.190142
182_75,s1.722208,s-3.331141,s137.944124
182_76,s-3.621853,s-0.452413,s186.833749
182_77,s1.977097,s3.068157,s345.225682
182_78,s-1.829454,s-3.042302,s93.900732
182_79,s3.253774,s-1.962895,s273.354185
182_80,s-0.325149,s3.786064,s131.920094
182_81,s-2.642866,s3.068837,s62.521798
182_82,s1.630583,s3.597735,s69.101863
182_83,s2.725321,s3.129716,s330.762874
182_84,s2.95204,s2.146616,s7.081862
182_85,s2.410285,s-2.872808,s153.463555
182_86,s3.471528,s2.181397,s335.572071
182_87,s-0.231783,s-3.29185,s231.091314
182_88,s2.879316,s-2.323691,s230.103259
182_89,s4.142602,s-0.247685,s338.630898
182_90,s-3.731807,s1.440005,s254.30311
182_91,s1.18635,s4.133107,s345.164607
182_92,s2.81654,s-2.979447,s229.20729
182_93,s2.077396,s-3.764894,s240.696507
182_94,s3.798107,s1.672389,s289.594995
182_95,s4.266966,s1.073779,s316.595207
182_96,s-0.576484,s4.311632,s139.266225
182_97,s-4.016726,s-1.04327,s38.835671
182_98,s-2.12813,s3.62092,s51.486677
182_99,s-1.605121,s-3.609167,s192.198402
182_100,s-2.057409,s-3.604105,s97.529507
182_101,s3.761321,s-1.501655,s322.282092
182_102,s-3.11213,s2.669204,s69.175553
182_103,s3.612748,s-2.92755,s264.083497
182_104,s0.498426,s-3.968825,s293.549509
182_105,s-0.944496,s-3.938328,s323.950988
182_106,s-3.905641,s2.02632,s347.918465
182_107,s-0.556445,s-4.213415,s160.216844
182_108,s2.546828,s3.709942,s354.774885
182_109,s1.068345,s-4.319854,s314.737555
182_110,s-4.401897,s0.652538,s141.517355
182_111,s-4.280539,s-2.280238,s210.497366
182_112,s-4.138004,s1.495634,s82.519476
182_113,s-3.417892,s-2.927117,s312.781521
182_114,s-2.909704,s-3.627137,s117.572004
182_115,s-4.641877,s-1.221873,s234.093079
182_116,s-2.427069,s-4.02484,s138.071358
182_117,s2.081235,s-4.269773,s189.529959
182_118,s3.980854,s-2.304951,s265.834882
182_119,s-2.96033,s3.714693,s115.258664
182_120,s-1.779767,s4.241748,s234.524682
182_121,s-1.286726,s-4.62432,s76.009566
182_122,s3.264641,s3.311287,s288.730364
182_123,s4.114851,s2.471437,s325.179175
182_124,s4.720079,s0.872271,s221.002385
182_125,s4.384339,s-1.391967,s299.380666
182_126,s1.752158,s4.090531,s286.453023
182_127,s-4.462163,s-1.768926,s154.229839
182_128,s0.734017,s4.541059,s318.775932
182_129,s-4.583828,s1.868428,s34.632312
182_130,s-2.338573,s4.305935,s39.713206
182_131,s1.88746,s4.684015,s270.206685
182_132,s1.262205,s-4.682877,s227.232629
182_133,s-4.334511,s2.492391,s352.874167
182_134,s-3.559659,s3.790624,s78.929621
182_135,s-0.766759,s4.890254,s249.746215
182_136,s-0.294598,s-4.841045,s149.263863
182_137,s-1.969752,s-4.758422,s143.794882
182_138,s-4.381645,s3.487289,s46.265183
182_139,s3.6284,s-3.794366,s69.325057
182_140,s-1.430746,s4.686466,s315.101227
182_141,s4.960701,s1.383455,s233.607032
182_142,s2.603502,s-4.501309,s241.388774
182_143,s1.087243,s-5.187283,s153.455227
182_144,s-5.067011,s1.168504,s273.564415
182_145,s-4.027343,s-3.209829,s97.458321
182_146,s-4.671143,s-2.709322,s128.431303
182_147,s4.792428,s-1.744315,s270.057346
182_148,s-3.338887,s4.180231,s16.404482
182_149,s3.012327,s4.360721,s349.97996
182_150,s4.497803,s-2.803528,s260.32087
182_151,s0.648022,s5.159464,s80.6762
182_152,s5.33706,s-1.103761,s8.069186
182_153,s1.294107,s5.242641,s288.174642
182_154,s-5.188682,s0.342899,s160.028066
182_155,s4.078141,s-3.46284,s295.524053
182_156,s-4.706081,s-0.644441,s83.281673
182_157,s-3.741977,s-3.962336,s152.01871
182_158,s-1.838983,s4.917381,s7.800502
182_159,s-1.054295,s5.448941,s50.331858
182_160,s4.480629,s3.441869,s118.553002
182_161,s-4.968278,s-1.845593,s73.634258
182_162,s3.683805,s-4.283933,s285.667762
182_163,s5.428609,s0.482389,s252.648033
182_164,s-5.573549,s-0.926313,s67.282553
182_165,s3.913991,s3.934866,s81.906352
182_166,s-0.95946,s-5.110718,s107.450386
182_167,s-5.387857,s1.331726,s114.30071
182_168,s5.416485,s1.7753,s56.616553
182_169,s-0.475438,s5.278632,s15.139094
182_170,s-2.812482,s-4.784605,s137.338988
182_171,s2.759988,s-5.044301,s209.866209
182_172,s4.99289,s2.535951,s247.817093
182_173,s0.498591,s5.878895,s226.818233
182_174,s1.892342,s5.746437,s355.038788
182_175,s-1.67392,s-5.605398,s207.38103
182_176,s3.823116,s4.62426,s229.297775
182_177,s5.391681,s-2.269861,s328.283221
182_178,s2.235368,s5.188991,s229.653485
182_179,s1.631875,s-5.565697,s300.30407
182_180,s4.968661,s2.992057,s330.852549
182_181,s-3.226921,s-4.453873,s116.028088
183_0,s0.0,s0.0,s224.07799
183_1,s-0.148662,s0.371349,s324.138907
183_2,s-0.433521,s-0.120664,s43.560215
183_3,s0.190827,s-0.673487,s116.327727
183_4,s-0.913799,s-0.259751,s80.095038
183_5,s-0.447068,s0.663423,s97.607334
183_6,s-0.744268,s-0.590394,s194.56315
183_7,s-0.067394,s1.047835,s63.289603
183_8,s0.44541,s0.540009,s230.223708
183_9,s1.095233,s-0.350664,s121.948796
183_10,s0.734919,s-0.948627,s215.942255
183_11,s1.050575,s0.847816,s64.136372
183_12,s1.373843,s0.46374,s347.862517
183_13,s-1.245248,s-0.63981,s125.561183
183_14,s0.338793,s-1.306797,s194.028876
183_15,s-0.179821,s1.640172,s282.801172
183_16,s1.593643,s0.142487,s235.155091
183_17,s1.541295,s-0.929737,s310.83356
183_18,s-1.250661,s-1.151455,s199.265546
183_19,s0.914429,s1.373433,s12.198963
183_20,s-0.990518,s0.917264,s50.454835
183_21,s-1.575529,s0.490109,s161.451982
183_22,s-1.731787,s0.896333,s41.722179
183_23,s-0.4896,s-1.523251,s233.738856
183_24,s-0.59971,s1.855491,s332.670797
183_25,s2.195039,s0.14766,s276.378481
183_26,s-1.046984,s1.820391,s55.830495
183_27,s1.478226,s1.561201,s231.407036
183_28,s1.009852,s-1.784012,s287.529052
183_29,s-1.799898,s-1.265056,s121.541619
183_30,s-0.69012,s-2.088955,s218.237921
183_31,s0.424488,s-2.158659,s199.060667
183_32,s0.943868,s2.260888,s331.390383
183_33,s-1.284294,s-1.908033,s93.051652
183_34,s-2.436729,s1.041563,s178.101692
183_35,s1.524309,s-1.981535,s193.08367
183_36,s2.128314,s-1.213581,s173.42918
183_37,s2.21165,s1.36697,s351.856848
183_38,s-1.943709,s-0.471164,s76.317652
183_39,s-1.7889,s2.282507,s354.121861
183_40,s-1.783567,s1.605891,s35.245421
183_41,s2.363303,s0.957756,s214.713346
183_42,s-2.218369,s-0.915881,s115.824923
183_43,s-0.865964,s-2.715254,s242.256704
183_44,s-2.023115,s-2.215176,s153.40833
183_45,s1.539398,s2.157024,s334.41392
183_46,s-0.56078,s2.641122,s352.15862
183_47,s2.391934,s-0.883827,s342.58859
183_48,s0.539859,s2.798402,s102.03545
183_49,s3.14502,s0.590636,s36.746496
183_50,s2.864552,s-0.452045,s297.59072
183_51,s2.406737,s-1.790983,s273.36504
183_52,s1.057025,s-2.646733,s184.135559
183_53,s-2.394613,s1.635796,s356.642679
183_54,s-2.905277,s0.747906,s72.500196
183_55,s-1.029026,s-3.345311,s77.506439
183_56,s-1.077656,s2.311095,s6.634927
183_57,s2.682851,s1.650699,s294.589367
183_58,s-2.807388,s1.535765,s66.143347
183_59,s-2.910519,s-0.481016,s52.863442
183_60,s0.539087,s-3.30634,s246.659103
183_61,s3.046104,s-1.26935,s346.454119
183_62,s-2.508949,s-1.986246,s126.411505
183_63,s-2.93107,s-1.622137,s82.261795
183_64,s1.985035,s-2.445841,s275.447764
183_65,s1.200553,s3.340834,s100.302035
183_66,s-2.291591,s2.711294,s338.119892
183_67,s3.187388,s1.183451,s278.967592
183_68,s-1.447782,s3.131521,s10.710101
183_69,s-2.845785,s2.204883,s111.039982
183_70,s-3.328107,s0.382364,s87.537311
183_71,s2.227809,s2.226963,s330.431299
183_72,s-3.373023,s-2.055533,s83.431494
183_73,s3.579258,s-0.937503,s329.234523
183_74,s0.442226,s3.47195,s10.190142
183_75,s1.722208,s-3.331141,s137.944124
183_76,s-3.621853,s-0.452413,s186.833749
183_77,s1.977097,s3.068157,s345.225682
183_78,s-1.829454,s-3.042302,s93.900732
183_79,s3.253774,s-1.962895,s273.354185
183_80,s-0.325149,s3.786064,s131.920094
183_81,s-2.642866,s3.068837,s62.521798
183_82,s1.630583,s3.597735,s69.101863
183_83,s2.725321,s3.129716,s330.762874
183_84,s2.95204,s2.146616,s7.081862
183_85,s2.410285,s-2.872808,s153.463555
183_86,s3.471528,s2.181397,s335.572071
183_87,s-0.231783,s-3.29185,s231.091314
183_88,s2.879316,s-2.323691,s230.103259
183_89,s4.142602,s-0.247685,s338.630898
183_90,s-3.731807,s1.440005,s254.30311
183_91,s1.18635,s4.133107,s345.164607
183_92,s2.81654,s-2.979447,s229.20729
183_93,s2.077396,s-3.764894,s240.696507
183_94,s3.798107,s1.672389,s289.594995
183_95,s4.266966,s1.073779,s316.595207
183_96,s-0.576484,s4.311632,s139.266225
183_97,s-4.016726,s-1.04327,s38.835671
183_98,s-2.12813,s3.62092,s51.486677
183_99,s-1.605121,s-3.609167,s192.198402
183_100,s-2.057409,s-3.604105,s97.529507
183_101,s3.761321,s-1.501655,s322.282092
183_102,s-3.11213,s2.669204,s69.175553
183_103,s3.612748,s-2.92755,s264.083497
183_104,s0.498426,s-3.968825,s293.549509
183_105,s-0.944496,s-3.938328,s323.950988
183_106,s-3.905641,s2.02632,s347.918465
183_107,s-0.556445,s-4.213415,s160.216844
183_108,s2.546828,s3.709942,s354.774885
183_109,s1.068345,s-4.319854,s314.737555
183_110,s-4.401897,s0.652538,s141.517355
183_111,s-4.280539,s-2.280238,s210.497366
183_112,s-4.138004,s1.495634,s82.519476
183_113,s-3.417892,s-2.927117,s312.781521
183_114,s-2.909704,s-3.627137,s117.572004
183_115,s-4.641877,s-1.221873,s234.093079
183_116,s-2.427069,s-4.02484,s138.071358
183_117,s2.081235,s-4.269773,s189.529959
183_118,s3.980854,s-2.304951,s265.834882
183_119,s-2.96033,s3.714693,s115.258664
183_120,s-1.779767,s4.241748,s234.524682
183_121,s-1.286726,s-4.62432,s76.009566
183_122,s3.264641,s3.311287,s288.730364
183_123,s4.114851,s2.471437,s325.179175
183_124,s4.720079,s0.872271,s221.002385
183_125,s4.384339,s-1.391967,s299.380666
183_126,s1.752158,s4.090531,s286.453023
183_127,s-4.462163,s-1.768926,s154.229839
183_128,s0.734017,s4.541059,s318.775932
183_129,s-4.583828,s1.868428,s34.632312
183_130,s-2.338573,s4.305935,s39.713206
183_131,s1.88746,s4.684015,s270.206685
183_132,s1.262205,s-4.682877,s227.232629
183_133,s-4.334511,s2.492391,s352.874167
183_134,s-3.559659,s3.790624,s78.929621
183_135,s-0.766759,s4.890254,s249.746215
183_136,s-0.294598,s-4.841045,s149.263863
183_137,s-1.969752,s-4.758422,s143.794882
183_138,s-4.381645,s3.487289,s46.265183
183_139,s3.6284,s-3.794366,s69.325057
183_140,s-1.430746,s4.686466,s315.101227
183_141,s4.960701,s1.383455,s233.607032
183_142,s2.603502,s-4.501309,s241.388774
183_143,s1.087243,s-5.187283,s153.455227
183_144,s-5.067011,s1.168504,s273.564415
183_145,s-4.027343,s-3.209829,s97.458321
183_146,s-4.671143,s-2.709322,s128.431303
183_147,s4.792428,s-1.744315,s270.057346
183_148,s-3.338887,s4.180231,s16.404482
183_149,s3.012327,s4.360721,s349.97996
183_150,s4.497803,s-2.803528,s260.32087
183_151,s0.648022,s5.159464,s80.6762
183_152,s5.33706,s-1.103761,s8.069186
183_153,s1.294107,s5.242641,s288.174642
183_154,s-5.188682,s0.342899,s160.028066
183_155,s4.078141,s-3.46284,s295.524053
183_156,s-4.706081,s-0.644441,s83.281673
183_157,s-3.741977,s-3.962336,s152.01871
183_158,s-1.838983,s4.917381,s7.800502
183_159,s-1.054295,s5.448941,s50.331858
183_160,s4.480629,s3.441869,s118.553002
183_161,s-4.968278,s-1.845593,s73.634258
183_162,s3.683805,s-4.283933,s285.667762
183_163,s5.428609,s0.482389,s252.648033
183_164,s-5.573549,s-0.926313,s67.282553
183_165,s3.913991,s3.934866,s81.906352
183_166,s-0.95946,s-5.110718,s107.450386
183_167,s-5.387857,s1.331726,s114.30071
183_168,s5.416485,s1.7753,s56.616553
183_169,s-0.475438,s5.278632,s15.139094
183_170,s-2.812482,s-4.784605,s137.338988
183_171,s2.759988,s-5.044301,s209.866209
183_172,s4.99289,s2.535951,s247.817093
183_173,s0.498591,s5.878895,s226.818233
183_174,s1.892342,s5.746437,s355.038788
183_175,s-1.67392,s-5.605398,s207.38103
183_176,s3.823116,s4.62426,s229.297775
183_177,s5.391681,s-2.269861,s328.283221
183_178,s2.235368,s5.188991,s229.653485
183_179,s1.631875,s-5.565697,s300.30407
183_180,s4.968661,s2.992057,s330.852549
183_181,s-3.226921,s-4.453873,s116.028088
183_182,s-5.164734,s-2.290856,s100.771856
184_0,s0.0,s0.0,s224.07799
184_1,s-0.148662,s0.371349,s324.138907
184_2,s-0.433521,s-0.120664,s43.560215
184_3,s0.190827,s-0.673487,s116.327727
184_4,s-0.913799,s-0.259751,s80.095038
184_5,s-0.447068,s0.663423,s97.607334
184_6,s-0.744268,s-0.590394,s194.56315
184_7,s-0.067394,s1.047835,s63.289603
184_8,s0.44541,s0.540009,s230.223708
184_9,s1.095233,s-0.350664,s121.948796
184_10,s0.734919,s-0.948627,s215.942255
184_11,s1.050575,s0.847816,s64.136372
184_12,s1.373843,s0.46374,s347.862517
184_13,s-1.245248,s-0.63981,s125.561183
184_14,s0.338793,s-1.306797,s194.028876
184_15,s-0.179821,s1.640172,s282.801172
184_16,s1.593643,s0.142487,s235.155091
184_17,s1.541295,s-0.929737,s310.83356
184_18,s-1.250661,s-1.151455,s199.265546
184_19,s0.914429,s1.373433,s12.198963
184_20,s-0.990518,s0.917264,s50.454835
184_21,s-1.575529,s0.490109,s161.451982
184_22,s-1.731787,s0.896333,s41.722179
184_23,s-0.4896,s-1.523251,s233.738856
184_24,s-0.59971,s1.855491,s332.670797
184_25,s2.195039,s0.14766,s276.378481
184_26,s-1.046984,s1.820391,s55.830495
184_27,s1.478226,s1.561201,s231.407036
184_28,s1.009852,s-1.784012,s287.529052
184_29,s-1.799898,s-1.265056,s121.541619
184_30,s-0.69012,s-2.088955,s218.237921
184_31,s0.424488,s-2.158659,s199.060667
184_32,s0.943868,s2.260888,s331.390383
184_33,s-1.284294,s-1.908033,s93.051652
184_34,s-2.436729,s1.041563,s178.101692
184_35,s1.524309,s-1.981535,s193.08367
184_36,s2.128314,s-1.213581,s173.42918
184_37,s2.21165,s1.36697,s351.856848
184_38,s-1.943709,s-0.471164,s76.317652
184_39,s-1.7889,s2.282507,s354.121861
184_40,s-1.783567,s1.605891,s35.245421
184_41,s2.363303,s0.957756,s214.713346
184_42,s-2.218369,s-0.915881,s115.824923
184_43,s-0.865964,s-2.715254,s242.256704
184_44,s-2.023115,s-2.215176,s153.40833
184_45,s1.539398,s2.157024,s334.41392
184_46,s-0.56078,s2.641122,s352.15862
184_47,s2.391934,s-0.883827,s342.58859
184_48,s0.539859,s2.798402,s102.03545
184_49,s3.14502,s0.590636,s36.746496
184_50,s2.864552,s-0.452045,s297.59072
184_51,s2.406737,s-1.790983,s273.36504
184_52,s1.057025,s-2.646733,s184.135559
184_53,s-2.394613,s1.635796,s356.642679
184_54,s-2.905277,s0.747906,s72.500196
184_55,s-1.029026,s-3.345311,s77.506439
184_56,s-1.077656,s2.311095,s6.634927
184_57,s2.682851,s1.650699,s294.589367
184_58,s-2.807388,s1.535765,s66.143347
184_59,s-2.910519,s-0.481016,s52.863442
184_60,s0.539087,s-3.30634,s246.659103
184_61,s3.046104,s-1.26935,s346.454119
184_62,s-2.508949,s-1.986246,s126.411505
184_63,s-2.93107,s-1.622137,s82.261795
184_64,s1.985035,s-2.445841,s275.447764
184_65,s1.200553,s3.340834,s100.302035
184_66,s-2.291591,s2.711294,s338.119892
184_67,s3.187388,s1.183451,s278.967592
184_68,s-1.447782,s3.131521,s10.710101
184_69,s-2.845785,s2.204883,s111.039982
184_70,s-3.328107,s0.382364,s87.537311
184_71,s2.227809,s2.226963,s330.431299
184_72,s-3.373023,s-2.055533,s83.431494
184_73,s3.579258,s-0.937503,s329.234523
184_74,s0.442226,s3.47195,s10.190142
184_75,s1.722208,s-3.331141,s137.944124
184_76,s-3.621853,s-0.452413,s186.833749
184_77,s1.977097,s3.068157,s345.225682
184_78,s-1.829454,s-3.042302,s93.900732
184_79,s3.253774,s-1.962895,s273.354185
184_80,s-0.325149,s3.786064,s131.920094
184_81,s-2.642866,s3.068837,s62.521798
184_82,s1.630583,s3.597735,s69.101863
184_83,s2.725321,s3.129716,s330.762874
184_84,s2.95204,s2.146616,s7.081862
184_85,s2.410285,s-2.872808,s153.463555
184_86,s3.471528,s2.181397,s335.572071
184_87,s-0.231783,s-3.29185,s231.091314
184_88,s2.879316,s-2.323691,s230.103259
184_89,s4.142602,s-0.247685,s338.630898
184_90,s-3.731807,s1.440005,s254.30311
184_91,s1.18635,s4.133107,s345.164607
184_92,s2.81654,s-2.979447,s229.20729
184_93,s2.077396,s-3.764894,s240.696507
184_94,s3.798107,s1.672389,s289.594995
184_95,s4.266966,s1.073779,s316.595207
184_96,s-0.576484,s4.311632,s139.266225
184_97,s-4.016726,s-1.04327,s38.835671
184_98,s-2.12813,s3.62092,s51.486677
184_99,s-1.605121,s-3.609167,s192.198402
184_100,s-2.057409,s-3.604105,s97.529507
184_101,s3.761321,s-1.501655,s322.282092
184_102,s-3.11213,s2.669204,s69.175553
184_103,s3.612748,s-2.92755,s264.083497
184_104,s0.498426,s-3.968825,s293.549509
184_105,s-0.944496,s-3.938328,s323.950988
184_106,s-3.905641,s2.02632,s347.918465
184_107,s-0.556445,s-4.213415,s160.216844
184_108,s2.546828,s3.709942,s354.774885
184_109,s1.068345,s-4.319854,s314.737555
184_110,s-4.401897,s0.652538,s141.517355
184_111,s-4.280539,s-2.280238,s210.497366
184_112,s-4.138004,s1.495634,s82.519476
184_113,s-3.417892,s-2.927117,s312.781521
184_114,s-2.909704,s-3.627137,s117.572004
184_115,s-4.641877,s-1.221873,s234.093079
184_116,s-2.427069,s-4.02484,s138.071358
184_117,s2.081235,s-4.269773,s189.529959
184_118,s3.980854,s-2.304951,s265.834882
184_119,s-2.96033,s3.714693,s115.258664
184_120,s-1.779767,s4.241748,s234.524682
184_121,s-1.286726,s-4.62432,s76.009566
184_122,s3.264641,s3.311287,s288.730364
184_123,s4.114851,s2.471437,s325.179175
184_124,s4.720079,s0.872271,s221.002385
184_125,s4.384339,s-1.391967,s299.380666
184_126,s1.752158,s4.090531,s286.453023
184_127,s-4.462163,s-1.768926,s154.229839
184_128,s0.734017,s4.541059,s318.775932
184_129,s-4.583828,s1.868428,s34.632312
184_130,s-2.338573,s4.305935,s39.713206
184_131,s1.88746,s4.684015,s270.206685
184_132,s1.262205,s-4.682877,s227.232629
184_133,s-4.334511,s2.492391,s352.874167
184_134,s-3.559659,s3.790624,s78.929621
184_135,s-0.766759,s4.890254,s249.746215
184_136,s-0.294598,s-4.841045,s149.263863
184_137,s-1.969752,s-4.758422,s143.794882
184_138,s-4.381645,s3.487289,s46.265183
184_139,s3.6284,s-3.794366,s69.325057
184_140,s-1.430746,s4.686466,s315.101227
184_141,s4.960701,s1.383455,s233.607032
184_142,s2.603502,s-4.501309,s241.388774
184_143,s1.087243,s-5.187283,s153.455227
184_144,s-5.067011,s1.168504,s273.564415
184_145,s-4.027343,s-3.209829,s97.458321
184_146,s-4.671143,s-2.709322,s128.431303
184_147,s4.792428,s-1.744315,s270.057346
184_148,s-3.338887,s4.180231,s16.404482
184_149,s3.012327,s4.360721,s349.97996
184_150,s4.497803,s-2.803528,s260.32087
184_151,s0.648022,s5.159464,s80.6762
184_152,s5.33706,s-1.103761,s8.069186
184_153,s1.294107,s5.242641,s288.174642
184_154,s-5.188682,s0.342899,s160.028066
184_155,s4.078141,s-3.46284,s295.524053
184_156,s-4.706081,s-0.644441,s83.281673
184_157,s-3.741977,s-3.962336,s152.01871
184_158,s-1.838983,s4.917381,s7.800502
184_159,s-1.054295,s5.448941,s50.331858
184_160,s4.480629,s3.441869,s118.553002
184_161,s-4.968278,s-1.845593,s73.634258
184_162,s3.683805,s-4.283933,s285.667762
184_163,s5.428609,s0.482389,s252.648033
184_164,s-5.573549,s-0.926313,s67.282553
184_165,s3.913991,s3.934866,s81.906352
184_166,s-0.95946,s-5.110718,s107.450386
184_167,s-5.387857,s1.331726,s114.30071
184_168,s5.416485,s1.7753,s56.616553
184_169,s-0.475438,s5.278632,s15.139094
184_170,s-2.812482,s-4.784605,s137.338988
184_171,s2.759988,s-5.044301,s209.866209
184_172,s4.99289,s2.535951,s247.817093
184_173,s0.498591,s5.878895,s226.818233
184_174,s1.892342,s5.746437,s355.038788
184_175,s-1.67392,s-5.605398,s207.38103
184_176,s3.823116,s4.62426,s229.297775
184_177,s5.391681,s-2.269861,s328.283221
184_178,s2.235368,s5.188991,s229.653485
184_179,s1.631875,s-5.565697,s300.30407
184_180,s4.968661,s2.992057,s330.852549
184_181,s-3.226921,s-4.453873,s116.028088
184_182,s-5.164734,s-2.290856,s100.771856
184_183,s-3.934338,s4.329375,s65.38668
185_0,s0.0,s0.0,s224.07799
185_1,s-0.148662,s0.371349,s324.138907
185_2,s-0.433521,s-0.120664,s43.560215
185_3,s0.190827,s-0.673487,s116.327727
185_4,s-0.913799,s-0.259751,s80.095038
185_5,s-0.447068,s0.663423,s97.607334
185_6,s-0.744268,s-0.590394,s194.56315
185_7,s-0.067394,s1.047835,s63.289603
185_8,s0.44541,s0.540009,s230.223708
185_9,s1.095233,s-0.350664,s121.948796
185_10,s0.734919,s-0.948627,s215.942255
185_11,s1.050575,s0.847816,s64.136372
185_12,s1.373843,s0.46374,s347.862517
185_13,s-1.245248,s-0.63981,s125.561183
185_14,s0.338793,s-1.306797,s194.028876
185_15,s-0.179821,s1.640172,s282.801172
185_16,s1.593643,s0.142487,s235.155091
185_17,s1.541295,s-0.929737,s310.83356
185_18,s-1.250661,s-1.151455,s199.265546
185_19,s0.914429,s1.373433,s12.198963
185_20,s-0.990518,s0.917264,s50.454835
185_21,s-1.575529,s0.490109,s161.451982
185_22,s-1.731787,s0.896333,s41.722179
185_23,s-0.4896,s-1.523251,s233.738856
185_24,s-0.59971,s1.855491,s332.670797
185_25,s2.195039,s0.14766,s276.378481
185_26,s-1.046984,s1.820391,s55.830495
185_27,s1.478226,s1.561201,s231.407036
185_28,s1.009852,s-1.784012,s287.529052
185_29,s-1.799898,s-1.265056,s121.541619
185_30,s-0.69012,s-2.088955,s218.237921
185_31,s0.424488,s-2.158659,s199.060667
185_32,s0.943868,s2.260888,s331.390383
185_33,s-1.284294,s-1.908033,s93.051652
185_34,s-2.436729,s1.041563,s178.101692
185_35,s1.524309,s-1.981535,s193.08367
185_36,s2.128314,s-1.213581,s173.42918
185_37,s2.21165,s1.36697,s351.856848
185_38,s-1.943709,s-0.471164,s76.317652
185_39,s-1.7889,s2.282507,s354.121861
185_40,s-1.783567,s1.605891,s35.245421
185_41,s2.363303,s0.957756,s214.713346
185_42,s-2.218369,s-0.915881,s115.824923
185_43,s-0.865964,s-2.715254,s242.256704
185_44,s-2.023115,s-2.215176,s153.40833
185_45,s1.539398,s2.157024,s334.41392
185_46,s-0.56078,s2.641122,s352.15862
185_47,s2.391934,s-0.883827,s342.58859
185_48,s0.539859,s2.798402,s102.03545
185_49,s3.14502,s0.590636,s36.746496
185_50,s2.864552,s-0.452045,s297.59072
185_51,s2.406737,s-1.790983,s273.36504
185_52,s1.057025,s-2.646733,s184.135559
185_53,s-2.394613,s1.635796,s356.642679
185_54,s-2.905277,s0.747906,s72.500196
185_55,s-1.029026,s-3.345311,s77.506439
185_56,s-1.077656,s2.311095,s6.634927
185_57,s2.682851,s1.650699,s294.589367
185_58,s-2.807388,s1.535765,s66.143347
185_59,s-2.910519,s-0.481016,s52.863442
185_60,s0.539087,s-3.30634,s246.659103
185_61,s3.046104,s-1.26935,s346.454119
185_62,s-2.508949,s-1.986246,s126.411505
185_63,s-2.93107,s-1.622137,s82.261795
185_64,s1.985035,s-2.445841,s275.447764
185_65,s1.200553,s3.340834,s100.302035
185_66,s-2.291591,s2.711294,s338.119892
185_67,s3.187388,s1.183451,s278.967592
185_68,s-1.447782,s3.131521,s10.710101
185_69,s-2.845785,s2.204883,s111.039982
185_70,s-3.328107,s0.382364,s87.537311
185_71,s2.227809,s2.226963,s330.431299
185_72,s-3.373023,s-2.055533,s83.431494
185_73,s3.579258,s-0.937503,s329.234523
185_74,s0.442226,s3.47195,s10.190142
185_75,s1.722208,s-3.331141,s137.944124
185_76,s-3.621853,s-0.452413,s186.833749
185_77,s1.977097,s3.068157,s345.225682
185_78,s-1.829454,s-3.042302,s93.900732
185_79,s3.253774,s-1.962895,s273.354185
185_80,s-0.325149,s3.786064,s131.920094
185_81,s-2.642866,s3.068837,s62.521798
185_82,s1.630583,s3.597735,s69.101863
185_83,s2.725321,s3.129716,s330.762874
185_84,s2.95204,s2.146616,s7.081862
185_85,s2.410285,s-2.872808,s153.463555
185_86,s3.471528,s2.181397,s335.572071
185_87,s-0.231783,s-3.29185,s231.091314
185_88,s2.879316,s-2.323691,s230.103259
185_89,s4.142602,s-0.247685,s338.630898
185_90,s-3.731807,s1.440005,s254.30311
185_91,s1.18635,s4.133107,s345.164607
185_92,s2.81654,s-2.979447,s229.20729
185_93,s2.077396,s-3.764894,s240.696507
185_94,s3.798107,s1.672389,s289.594995
185_95,s4.266966,s1.073779,s316.595207
185_96,s-0.576484,s4.311632,s139.266225
185_97,s-4.016726,s-1.04327,s38.835671
185_98,s-2.12813,s3.62092,s51.486677
185_99,s-1.605121,s-3.609167,s192.198402
185_100,s-2.057409,s-3.604105,s97.529507
185_101,s3.761321,s-1.501655,s322.282092
185_102,s-3.11213,s2.669204,s69.175553
185_103,s3.612748,s-2.92755,s264.083497
185_104,s0.498426,s-3.968825,s293.549509
185_105,s-0.944496,s-3.938328,s323.950988
185_106,s-3.905641,s2.02632,s347.918465
185_107,s-0.556445,s-4.213415,s160.216844
185_108,s2.546828,s3.709942,s354.774885
185_109,s1.068345,s-4.319854,s314.737555
185_110,s-4.401897,s0.652538,s141.517355
185_111,s-4.280539,s-2.280238,s210.497366
185_112,s-4.138004,s1.495634,s82.519476
185_113,s-3.417892,s-2.927117,s312.781521
185_114,s-2.909704,s-3.627137,s117.572004
185_115,s-4.641877,s-1.221873,s234.093079
185_116,s-2.427069,s-4.02484,s138.071358
185_117,s2.081235,s-4.269773,s189.529959
185_118,s3.980854,s-2.304951,s265.834882
185_119,s-2.96033,s3.714693,s115.258664
185_120,s-1.779767,s4.241748,s234.524682
185_121,s-1.286726,s-4.62432,s76.009566
185_122,s3.264641,s3.311287,s288.730364
185_123,s4.114851,s2.471437,s325.179175
185_124,s4.720079,s0.872271,s221.002385
185_125,s4.384339,s-1.391967,s299.380666
185_126,s1.752158,s4.090531,s286.453023
185_127,s-4.462163,s-1.768926,s154.229839
185_128,s0.734017,s4.541059,s318.775932
185_129,s-4.583828,s1.868428,s34.632312
185_130,s-2.338573,s4.305935,s39.713206
185_131,s1.88746,s4.684015,s270.206685
185_132,s1.262205,s-4.682877,s227.232629
185_133,s-4.334511,s2.492391,s352.874167
185_134,s-3.559659,s3.790624,s78.929621
185_135,s-0.766759,s4.890254,s249.746215
185_136,s-0.294598,s-4.841045,s149.263863
185_137,s-1.969752,s-4.758422,s143.794882
185_138,s-4.381645,s3.487289,s46.265183
185_139,s3.6284,s-3.794366,s69.325057
185_140,s-1.430746,s4.686466,s315.101227
185_141,s4.960701,s1.383455,s233.607032
185_142,s2.603502,s-4.501309,s241.388774
185_143,s1.087243,s-5.187283,s153.455227
185_144,s-5.067011,s1.168504,s273.564415
185_145,s-4.027343,s-3.209829,s97.458321
185_146,s-4.671143,s-2.709322,s128.431303
185_147,s4.792428,s-1.744315,s270.057346
185_148,s-3.338887,s4.180231,s16.404482
185_149,s3.012327,s4.360721,s349.97996
185_150,s4.497803,s-2.803528,s260.32087
185_151,s0.648022,s5.159464,s80.6762
185_152,s5.33706,s-1.103761,s8.069186
185_153,s1.294107,s5.242641,s288.174642
185_154,s-5.188682,s0.342899,s160.028066
185_155,s4.078141,s-3.46284,s295.524053
185_156,s-4.706081,s-0.644441,s83.281673
185_157,s-3.741977,s-3.962336,s152.01871
185_158,s-1.838983,s4.917381,s7.800502
185_159,s-1.054295,s5.448941,s50.331858
185_160,s4.480629,s3.441869,s118.553002
185_161,s-4.968278,s-1.845593,s73.634258
185_162,s3.683805,s-4.283933,s285.667762
185_163,s5.428609,s0.482389,s252.648033
185_164,s-5.573549,s-0.926313,s67.282553
185_165,s3.913991,s3.934866,s81.906352
185_166,s-0.95946,s-5.110718,s107.450386
185_167,s-5.387857,s1.331726,s114.30071
185_168,s5.416485,s1.7753,s56.616553
185_169,s-0.475438,s5.278632,s15.139094
185_170,s-2.812482,s-4.784605,s137.338988
185_171,s2.759988,s-5.044301,s209.866209
185_172,s4.99289,s2.535951,s247.817093
185_173,s0.498591,s5.878895,s226.818233
185_174,s1.892342,s5.746437,s355.038788
185_175,s-1.67392,s-5.605398,s207.38103
185_176,s3.823116,s4.62426,s229.297775
185_177,s5.391681,s-2.269861,s328.283221
185_178,s2.235368,s5.188991,s229.653485
185_179,s1.631875,s-5.565697,s300.30407
185_180,s4.968661,s2.992057,s330.852549
185_181,s-3.226921,s-4.453873,s116.028088
185_182,s-5.164734,s-2.290856,s100.771856
185_183,s-3.934338,s4.329375,s65.38668
185_184,s5.714412,s1.829071,s247.045419
186_0,s0.0,s0.0,s224.07799
186_1,s-0.148662,s0.371349,s324.138907
186_2,s-0.433521,s-0.120664,s43.560215
186_3,s0.190827,s-0.673487,s116.327727
186_4,s-0.913799,s-0.259751,s80.095038
186_5,s-0.447068,s0.663423,s97.607334
186_6,s-0.744268,s-0.590394,s194.56315
186_7,s-0.067394,s1.047835,s63.289603
186_8,s0.44541,s0.540009,s230.223708
186_9,s1.095233,s-0.350664,s121.948796
186_10,s0.734919,s-0.948627,s215.942255
186_11,s1.050575,s0.847816,s64.136372
186_12,s1.373843,s0.46374,s347.862517
186_13,s-1.245248,s-0.63981,s125.561183
186_14,s0.338793,s-1.306797,s194.028876
186_15,s-0.179821,s1.640172,s282.801172
186_16,s1.593643,s0.142487,s235.155091
186_17,s1.541295,s-0.929737,s310.83356
186_18,s-1.250661,s-1.151455,s199.265546
186_19,s0.914429,s1.373433,s12.198963
186_20,s-0.990518,s0.917264,s50.454835
186_21,s-1.575529,s0.490109,s161.451982
186_22,s-1.731787,s0.896333,s41.722179
186_23,s-0.4896,s-1.523251,s233.738856
186_24,s-0.59971,s1.855491,s332.670797
186_25,s2.195039,s0.14766,s276.378481
186_26,s-1.046984,s1.820391,s55.830495
186_27,s1.478226,s1.561201,s231.407036
186_28,s1.009852,s-1.784012,s287.529052
186_29,s-1.799898,s-1.265056,s121.541619
186_30,s-0.69012,s-2.088955,s218.237921
186_31,s0.424488,s-2.158659,s199.060667
186_32,s0.943868,s2.260888,s331.390383
186_33,s-1.284294,s-1.908033,s93.051652
186_34,s-2.436729,s1.041563,s178.101692
186_35,s1.524309,s-1.981535,s193.08367
186_36,s2.128314,s-1.213581,s173.42918
186_37,s2.21165,s1.36697,s351.856848
186_38,s-1.943709,s-0.471164,s76.317652
186_39,s-1.7889,s2.282507,s354.121861
186_40,s-1.783567,s1.605891,s35.245421
186_41,s2.363303,s0.957756,s214.713346
186_42,s-2.218369,s-0.915881,s115.824923
186_43,s-0.865964,s-2.715254,s242.256704
186_44,s-2.023115,s-2.215176,s153.40833
186_45,s1.539398,s2.157024,s334.41392
186_46,s-0.56078,s2.641122,s352.15862
186_47,s2.391934,s-0.883827,s342.58859
186_48,s0.539859,s2.798402,s102.03545
186_49,s3.14502,s0.590636,s36.746496
186_50,s2.864552,s-0.452045,s297.59072
186_51,s2.406737,s-1.790983,s273.36504
186_52,s1.057025,s-2.646733,s184.135559
186_53,s-2.394613,s1.635796,s356.642679
186_54,s-2.905277,s0.747906,s72.500196
186_55,s-1.029026,s-3.345311,s77.506439
186_56,s-1.077656,s2.311095,s6.634927
186_57,s2.682851,s1.650699,s294.589367
186_58,s-2.807388,s1.535765,s66.143347
186_59,s-2.910519,s-0.481016,s52.863442
186_60,s0.539087,s-3.30634,s246.659103
186_61,s3.046104,s-1.26935,s346.454119
186_62,s-2.508949,s-1.986246,s126.411505
186_63,s-2.93107,s-1.622137,s82.261795
186_64,s1.985035,s-2.445841,s275.447764
186_65,s1.200553,s3.340834,s100.302035
186_66,s-2.291591,s2.711294,s338.119892
186_67,s3.187388,s1.183451,s278.967592
186_68,s-1.447782,s3.131521,s10.710101
186_69,s-2.845785,s2.204883,s111.039982
186_70,s-3.328107,s0.382364,s87.537311
186_71,s2.227809,s2.226963,s330.431299
186_72,s-3.373023,s-2.055533,s83.431494
186_73,s3.579258,s-0.937503,s329.234523
186_74,s0.442226,s3.47195,s10.190142
186_75,s1.722208,s-3.331141,s137.944124
186_76,s-3.621853,s-0.452413,s186.833749
186_77,s1.977097,s3.068157,s345.225682
186_78,s-1.829454,s-3.042302,s93.900732
186_79,s3.253774,s-1.962895,s273.354185
186_80,s-0.325149,s3.786064,s131.920094
186_81,s-2.642866,s3.068837,s62.521798
186_82,s1.630583,s3.597735,s69.101863
186_83,s2.725321,s3.129716,s330.762874
186_84,s2.95204,s2.146616,s7.081862
186_85,s2.410285,s-2.872808,s153.463555
186_86,s3.471528,s2.181397,s335.572071
186_87,s-0.231783,s-3.29185,s231.091314
186_88,s2.879316,s-2.323691,s230.103259
186_89,s4.142602,s-0.247685,s338.630898
186_90,s-3.731807,s1.440005,s254.30311
186_91,s1.18635,s4.133107,s345.164607
186_92,s2.81654,s-2.979447,s229.20729
186_93,s2.077396,s-3.764894,s240.696507
186_94,s3.798107,s1.672389,s289.594995
186_95,s4.266966,s1.073779,s316.595207
186_96,s-0.576484,s4.311632,s139.266225
186_97,s-4.016726,s-1.04327,s38.835671
186_98,s-2.12813,s3.62092,s51.486677
186_99,s-1.605121,s-3.609167,s192.198402
186_100,s-2.057409,s-3.604105,s97.529507
186_101,s3.761321,s-1.501655,s322.282092
186_102,s-3.11213,s2.669204,s69.175553
186_103,s3.612748,s-2.92755,s264.083497
186_104,s0.498426,s-3.968825,s293.549509
186_105,s-0.944496,s-3.938328,s323.950988
186_106,s-3.905641,s2.02632,s347.918465
186_107,s-0.556445,s-4.213415,s160.216844
186_108,s2.546828,s3.709942,s354.774885
186_109,s1.068345,s-4.319854,s314.737555
186_110,s-4.401897,s0.652538,s141.517355
186_111,s-4.280539,s-2.280238,s210.497366
186_112,s-4.138004,s1.495634,s82.519476
186_113,s-3.417892,s-2.927117,s312.781521
186_114,s-2.909704,s-3.627137,s117.572004
186_115,s-4.641877,s-1.221873,s234.093079
186_116,s-2.427069,s-4.02484,s138.071358
186_117,s2.081235,s-4.269773,s189.529959
186_118,s3.980854,s-2.304951,s265.834882
186_119,s-2.96033,s3.714693,s115.258664
186_120,s-1.779767,s4.241748,s234.524682
186_121,s-1.286726,s-4.62432,s76.009566
186_122,s3.264641,s3.311287,s288.730364
186_123,s4.114851,s2.471437,s325.179175
186_124,s4.720079,s0.872271,s221.002385
186_125,s4.384339,s-1.391967,s299.380666
186_126,s1.752158,s4.090531,s286.453023
186_127,s-4.462163,s-1.768926,s154.229839
186_128,s0.734017,s4.541059,s318.775932
186_129,s-4.583828,s1.868428,s34.632312
186_130,s-2.338573,s4.305935,s39.713206
186_131,s1.88746,s4.684015,s270.206685
186_132,s1.262205,s-4.682877,s227.232629
186_133,s-4.334511,s2.492391,s352.874167
186_134,s-3.559659,s3.790624,s78.929621
186_135,s-0.766759,s4.890254,s249.746215
186_136,s-0.294598,s-4.841045,s149.263863
186_137,s-1.969752,s-4.758422,s143.794882
186_138,s-4.381645,s3.487289,s46.265183
186_139,s3.6284,s-3.794366,s69.325057
186_140,s-1.430746,s4.686466,s315.101227
186_141,s4.960701,s1.383455,s233.607032
186_142,s2.603502,s-4.501309,s241.388774
186_143,s1.087243,s-5.187283,s153.455227
186_144,s-5.067011,s1.168504,s273.564415
186_145,s-4.027343,s-3.209829,s97.458321
186_146,s-4.671143,s-2.709322,s128.431303
186_147,s4.792428,s-1.744315,s270.057346
186_148,s-3.338887,s4.180231,s16.404482
186_149,s3.012327,s4.360721,s349.97996
186_150,s4.497803,s-2.803528,s260.32087
186_151,s0.648022,s5.159464,s80.6762
186_152,s5.33706,s-1.103761,s8.069186
186_153,s1.294107,s5.242641,s288.174642
186_154,s-5.188682,s0.342899,s160.028066
186_155,s4.078141,s-3.46284,s295.524053
186_156,s-4.706081,s-0.644441,s83.281673
186_157,s-3.741977,s-3.962336,s152.01871
186_158,s-1.838983,s4.917381,s7.800502
186_159,s-1.054295,s5.448941,s50.331858
186_160,s4.480629,s3.441869,s118.553002
186_161,s-4.968278,s-1.845593,s73.634258
186_162,s3.683805,s-4.283933,s285.667762
186_163,s5.428609,s0.482389,s252.648033
186_164,s-5.573549,s-0.926313,s67.282553
186_165,s3.913991,s3.934866,s81.906352
186_166,s-0.95946,s-5.110718,s107.450386
186_167,s-5.387857,s1.331726,s114.30071
186_168,s5.416485,s1.7753,s56.616553
186_169,s-0.475438,s5.278632,s15.139094
186_170,s-2.812482,s-4.784605,s137.338988
186_171,s2.759988,s-5.044301,s209.866209
186_172,s4.99289,s2.535951,s247.817093
186_173,s0.498591,s5.878895,s226.818233
186_174,s1.892342,s5.746437,s355.038788
186_175,s-1.67392,s-5.605398,s207.38103
186_176,s3.823116,s4.62426,s229.297775
186_177,s5.391681,s-2.269861,s328.283221
186_178,s2.235368,s5.188991,s229.653485
186_179,s1.631875,s-5.565697,s300.30407
186_180,s4.968661,s2.992057,s330.852549
186_181,s-3.226921,s-4.453873,s116.028088
186_182,s-5.164734,s-2.290856,s100.771856
186_183,s-3.934338,s4.329375,s65.38668
186_184,s5.714412,s1.829071,s247.045419
186_185,s-1.042076,s6.010331,s356.831301
187_0,s0.0,s0.0,s224.07799
187_1,s-0.148662,s0.371349,s324.138907
187_2,s-0.433521,s-0.120664,s43.560215
187_3,s0.190827,s-0.673487,s116.327727
187_4,s-0.913799,s-0.259751,s80.095038
187_5,s-0.447068,s0.663423,s97.607334
187_6,s-0.744268,s-0.590394,s194.56315
187_7,s-0.067394,s1.047835,s63.289603
187_8,s0.44541,s0.540009,s230.223708
187_9,s1.095233,s-0.350664,s121.948796
187_10,s0.734919,s-0.948627,s215.942255
187_11,s1.050575,s0.847816,s64.136372
187_12,s1.373843,s0.46374,s347.862517
187_13,s-1.245248,s-0.63981,s125.561183
187_14,s0.338793,s-1.306797,s194.028876
187_15,s-0.179821,s1.640172,s282.801172
187_16,s1.593643,s0.142487,s235.155091
187_17,s1.541295,s-0.929737,s310.83356
187_18,s-1.250661,s-1.151455,s199.265546
187_19,s0.914429,s1.373433,s12.198963
187_20,s-0.990518,s0.917264,s50.454835
187_21,s-1.575529,s0.490109,s161.451982
187_22,s-1.731787,s0.896333,s41.722179
187_23,s-0.4896,s-1.523251,s233.738856
187_24,s-0.59971,s1.855491,s332.670797
187_25,s2.195039,s0.14766,s276.378481
187_26,s-1.046984,s1.820391,s55.830495
187_27,s1.478226,s1.561201,s231.407036
187_28,s1.009852,s-1.784012,s287.529052
187_29,s-1.799898,s-1.265056,s121.541619
187_30,s-0.69012,s-2.088955,s218.237921
187_31,s0.424488,s-2.158659,s199.060667
187_32,s0.943868,s2.260888,s331.390383
187_33,s-1.284294,s-1.908033,s93.051652
187_34,s-2.436729,s1.041563,s178.101692
187_35,s1.524309,s-1.981535,s193.08367
187_36,s2.128314,s-1.213581,s173.42918
187_37,s2.21165,s1.36697,s351.856848
187_38,s-1.943709,s-0.471164,s76.317652
187_39,s-1.7889,s2.282507,s354.121861
187_40,s-1.783567,s1.605891,s35.245421
187_41,s2.363303,s0.957756,s214.713346
187_42,s-2.218369,s-0.915881,s115.824923
187_43,s-0.865964,s-2.715254,s242.256704
187_44,s-2.023115,s-2.215176,s153.40833
187_45,s1.539398,s2.157024,s334.41392
187_46,s-0.56078,s2.641122,s352.15862
187_47,s2.391934,s-0.883827,s342.58859
187_48,s0.539859,s2.798402,s102.03545
187_49,s3.14502,s0.590636,s36.746496
187_50,s2.864552,s-0.452045,s297.59072
187_51,s2.406737,s-1.790983,s273.36504
187_52,s1.057025,s-2.646733,s184.135559
187_53,s-2.394613,s1.635796,s356.642679
187_54,s-2.905277,s0.747906,s72.500196
187_55,s-1.029026,s-3.345311,s77.506439
187_56,s-1.077656,s2.311095,s6.634927
187_57,s2.682851,s1.650699,s294.589367
187_58,s-2.807388,s1.535765,s66.143347
187_59,s-2.910519,s-0.481016,s52.863442
187_60,s0.539087,s-3.30634,s246.659103
187_61,s3.046104,s-1.26935,s346.454119
187_62,s-2.508949,s-1.986246,s126.411505
187_63,s-2.93107,s-1.622137,s82.261795
187_64,s1.985035,s-2.445841,s275.447764
187_65,s1.200553,s3.340834,s100.302035
187_66,s-2.291591,s2.711294,s338.119892
187_67,s3.187388,s1.183451,s278.967592
187_68,s-1.447782,s3.131521,s10.710101
187_69,s-2.845785,s2.204883,s111.039982
187_70,s-3.328107,s0.382364,s87.537311
187_71,s2.227809,s2.226963,s330.431299
187_72,s-3.373023,s-2.055533,s83.431494
187_73,s3.579258,s-0.937503,s329.234523
187_74,s0.442226,s3.47195,s10.190142
187_75,s1.722208,s-3.331141,s137.944124
187_76,s-3.621853,s-0.452413,s186.833749
187_77,s1.977097,s3.068157,s345.225682
187_78,s-1.829454,s-3.042302,s93.900732
187_79,s3.253774,s-1.962895,s273.354185
187_80,s-0.325149,s3.786064,s131.920094
187_81,s-2.642866,s3.068837,s62.521798
187_82,s1.630583,s3.597735,s69.101863
187_83,s2.725321,s3.129716,s330.762874
187_84,s2.95204,s2.146616,s7.081862
187_85,s2.410285,s-2.872808,s153.463555
187_86,s3.471528,s2.181397,s335.572071
187_87,s-0.231783,s-3.29185,s231.091314
187_88,s2.879316,s-2.323691,s230.103259
187_89,s4.142602,s-0.247685,s338.630898
187_90,s-3.731807,s1.440005,s254.30311
187_91,s1.18635,s4.133107,s345.164607
187_92,s2.81654,s-2.979447,s229.20729
187_93,s2.077396,s-3.764894,s240.696507
187_94,s3.798107,s1.672389,s289.594995
187_95,s4.266966,s1.073779,s316.595207
187_96,s-0.576484,s4.311632,s139.266225
187_97,s-4.016726,s-1.04327,s38.835671
187_98,s-2.12813,s3.62092,s51.486677
187_99,s-1.605121,s-3.609167,s192.198402
187_100,s-2.057409,s-3.604105,s97.529507
187_101,s3.761321,s-1.501655,s322.282092
187_102,s-3.11213,s2.669204,s69.175553
187_103,s3.612748,s-2.92755,s264.083497
187_104,s0.498426,s-3.968825,s293.549509
187_105,s-0.944496,s-3.938328,s323.950988
187_106,s-3.905641,s2.02632,s347.918465
187_107,s-0.556445,s-4.213415,s160.216844
187_108,s2.546828,s3.709942,s354.774885
187_109,s1.068345,s-4.319854,s314.737555
187_110,s-4.401897,s0.652538,s141.517355
187_111,s-4.280539,s-2.280238,s210.497366
187_112,s-4.138004,s1.495634,s82.519476
187_113,s-3.417892,s-2.927117,s312.781521
187_114,s-2.909704,s-3.627137,s117.572004
187_115,s-4.641877,s-1.221873,s234.093079
187_116,s-2.427069,s-4.02484,s138.071358
187_117,s2.081235,s-4.269773,s189.529959
187_118,s3.980854,s-2.304951,s265.834882
187_119,s-2.96033,s3.714693,s115.258664
187_120,s-1.779767,s4.241748,s234.524682
187_121,s-1.286726,s-4.62432,s76.009566
187_122,s3.264641,s3.311287,s288.730364
187_123,s4.114851,s2.471437,s325.179175
187_124,s4.720079,s0.872271,s221.002385
187_125,s4.384339,s-1.391967,s299.380666
187_126,s1.752158,s4.090531,s286.453023
187_127,s-4.462163,s-1.768926,s154.229839
187_128,s0.734017,s4.541059,s318.775932
187_129,s-4.583828,s1.868428,s34.632312
187_130,s-2.338573,s4.305935,s39.713206
187_131,s1.88746,s4.684015,s270.206685
187_132,s1.262205,s-4.682877,s227.232629
187_133,s-4.334511,s2.492391,s352.874167
187_134,s-3.559659,s3.790624,s78.929621
187_135,s-0.766759,s4.890254,s249.746215
187_136,s-0.294598,s-4.841045,s149.263863
187_137,s-1.969752,s-4.758422,s143.794882
187_138,s-4.381645,s3.487289,s46.265183
187_139,s3.6284,s-3.794366,s69.325057
187_140,s-1.430746,s4.686466,s315.101227
187_141,s4.960701,s1.383455,s233.607032
187_142,s2.603502,s-4.501309,s241.388774
187_143,s1.087243,s-5.187283,s153.455227
187_144,s-5.067011,s1.168504,s273.564415
187_145,s-4.027343,s-3.209829,s97.458321
187_146,s-4.671143,s-2.709322,s128.431303
187_147,s4.792428,s-1.744315,s270.057346
187_148,s-3.338887,s4.180231,s16.404482
187_149,s3.012327,s4.360721,s349.97996
187_150,s4.497803,s-2.803528,s260.32087
187_151,s0.648022,s5.159464,s80.6762
187_152,s5.33706,s-1.103761,s8.069186
187_153,s1.294107,s5.242641,s288.174642
187_154,s-5.188682,s0.342899,s160.028066
187_155,s4.078141,s-3.46284,s295.524053
187_156,s-4.706081,s-0.644441,s83.281673
187_157,s-3.741977,s-3.962336,s152.01871
187_158,s-1.838983,s4.917381,s7.800502
187_159,s-1.054295,s5.448941,s50.331858
187_160,s4.480629,s3.441869,s118.553002
187_161,s-4.968278,s-1.845593,s73.634258
187_162,s3.683805,s-4.283933,s285.667762
187_163,s5.428609,s0.482389,s252.648033
187_164,s-5.573549,s-0.926313,s67.282553
187_165,s3.913991,s3.934866,s81.906352
187_166,s-0.95946,s-5.110718,s107.450386
187_167,s-5.387857,s1.331726,s114.30071
187_168,s5.416485,s1.7753,s56.616553
187_169,s-0.475438,s5.278632,s15.139094
187_170,s-2.812482,s-4.784605,s137.338988
187_171,s2.759988,s-5.044301,s209.866209
187_172,s4.99289,s2.535951,s247.817093
187_173,s0.498591,s5.878895,s226.818233
187_174,s1.892342,s5.746437,s355.038788
187_175,s-1.67392,s-5.605398,s207.38103
187_176,s3.823116,s4.62426,s229.297775
187_177,s5.391681,s-2.269861,s328.283221
187_178,s2.235368,s5.188991,s229.653485
187_179,s1.631875,s-5.565697,s300.30407
187_180,s4.968661,s2.992057,s330.852549
187_181,s-3.226921,s-4.453873,s116.028088
187_182,s-5.164734,s-2.290856,s100.771856
187_183,s-3.934338,s4.329375,s65.38668
187_184,s5.714412,s1.829071,s247.045419
187_185,s-1.042076,s6.010331,s356.831301
187_186,s-4.874886,s2.75599,s111.599446
188_0,s0.0,s0.0,s224.07799
188_1,s-0.148662,s0.371349,s324.138907
188_2,s-0.433521,s-0.120664,s43.560215
188_3,s0.190827,s-0.673487,s116.327727
188_4,s-0.913799,s-0.259751,s80.095038
188_5,s-0.447068,s0.663423,s97.607334
188_6,s-0.744268,s-0.590394,s194.56315
188_7,s-0.067394,s1.047835,s63.289603
188_8,s0.44541,s0.540009,s230.223708
188_9,s1.095233,s-0.350664,s121.948796
188_10,s0.734919,s-0.948627,s215.942255
188_11,s1.050575,s0.847816,s64.136372
188_12,s1.373843,s0.46374,s347.862517
188_13,s-1.245248,s-0.63981,s125.561183
188_14,s0.338793,s-1.306797,s194.028876
188_15,s-0.179821,s1.640172,s282.801172
188_16,s1.593643,s0.142487,s235.155091
188_17,s1.541295,s-0.929737,s310.83356
188_18,s-1.250661,s-1.151455,s199.265546
188_19,s0.914429,s1.373433,s12.198963
188_20,s-0.990518,s0.917264,s50.454835
188_21,s-1.575529,s0.490109,s161.451982
188_22,s-1.731787,s0.896333,s41.722179
188_23,s-0.4896,s-1.523251,s233.738856
188_24,s-0.59971,s1.855491,s332.670797
188_25,s2.195039,s0.14766,s276.378481
188_26,s-1.046984,s1.820391,s55.830495
188_27,s1.478226,s1.561201,s231.407036
188_28,s1.009852,s-1.784012,s287.529052
188_29,s-1.799898,s-1.265056,s121.541619
188_30,s-0.69012,s-2.088955,s218.237921
188_31,s0.424488,s-2.158659,s199.060667
188_32,s0.943868,s2.260888,s331.390383
188_33,s-1.284294,s-1.908033,s93.051652
188_34,s-2.436729,s1.041563,s178.101692
188_35,s1.524309,s-1.981535,s193.08367
188_36,s2.128314,s-1.213581,s173.42918
188_37,s2.21165,s1.36697,s351.856848
188_38,s-1.943709,s-0.471164,s76.317652
188_39,s-1.7889,s2.282507,s354.121861
188_40,s-1.783567,s1.605891,s35.245421
188_41,s2.363303,s0.957756,s214.713346
188_42,s-2.218369,s-0.915881,s115.824923
188_43,s-0.865964,s-2.715254,s242.256704
188_44,s-2.023115,s-2.215176,s153.40833
188_45,s1.539398,s2.157024,s334.41392
188_46,s-0.56078,s2.641122,s352.15862
188_47,s2.391934,s-0.883827,s342.58859
188_48,s0.539859,s2.798402,s102.03545
188_49,s3.14502,s0.590636,s36.746496
188_50,s2.864552,s-0.452045,s297.59072
188_51,s2.406737,s-1.790983,s273.36504
188_52,s1.057025,s-2.646733,s184.135559
188_53,s-2.394613,s1.635796,s356.642679
188_54,s-2.905277,s0.747906,s72.500196
188_55,s-1.029026,s-3.345311,s77.506439
188_56,s-1.077656,s2.311095,s6.634927
188_57,s2.682851,s1.650699,s294.589367
188_58,s-2.807388,s1.535765,s66.143347
188_59,s-2.910519,s-0.481016,s52.863442
188_60,s0.539087,s-3.30634,s246.659103
188_61,s3.046104,s-1.26935,s346.454119
188_62,s-2.508949,s-1.986246,s126.411505
188_63,s-2.93107,s-1.622137,s82.261795
188_64,s1.985035,s-2.445841,s275.447764
188_65,s1.200553,s3.340834,s100.302035
188_66,s-2.291591,s2.711294,s338.119892
188_67,s3.187388,s1.183451,s278.967592
188_68,s-1.447782,s3.131521,s10.710101
188_69,s-2.845785,s2.204883,s111.039982
188_70,s-3.328107,s0.382364,s87.537311
188_71,s2.227809,s2.226963,s330.431299
188_72,s-3.373023,s-2.055533,s83.431494
188_73,s3.579258,s-0.937503,s329.234523
188_74,s0.442226,s3.47195,s10.190142
188_75,s1.722208,s-3.331141,s137.944124
188_76,s-3.621853,s-0.452413,s186.833749
188_77,s1.977097,s3.068157,s345.225682
188_78,s-1.829454,s-3.042302,s93.900732
188_79,s3.253774,s-1.962895,s273.354185
188_80,s-0.325149,s3.786064,s131.920094
188_81,s-2.642866,s3.068837,s62.521798
188_82,s1.630583,s3.597735,s69.101863
188_83,s2.725321,s3.129716,s330.762874
188_84,s2.95204,s2.146616,s7.081862
188_85,s2.410285,s-2.872808,s153.463555
188_86,s3.471528,s2.181397,s335.572071
188_87,s-0.231783,s-3.29185,s231.091314
188_88,s2.879316,s-2.323691,s230.103259
188_89,s4.142602,s-0.247685,s338.630898
188_90,s-3.731807,s1.440005,s254.30311
188_91,s1.18635,s4.133107,s345.164607
188_92,s2.81654,s-2.979447,s229.20729
188_93,s2.077396,s-3.764894,s240.696507
188_94,s3.798107,s1.672389,s289.594995
188_95,s4.266966,s1.073779,s316.595207
188_96,s-0.576484,s4.311632,s139.266225
188_97,s-4.016726,s-1.04327,s38.835671
188_98,s-2.12813,s3.62092,s51.486677
188_99,s-1.605121,s-3.609167,s192.198402
188_100,s-2.057409,s-3.604105,s97.529507
188_101,s3.761321,s-1.501655,s322.282092
188_102,s-3.11213,s2.669204,s69.175553
188_103,s3.612748,s-2.92755,s264.083497
188_104,s0.498426,s-3.968825,s293.549509
188_105,s-0.944496,s-3.938328,s323.950988
188_106,s-3.905641,s2.02632,s347.918465
188_107,s-0.556445,s-4.213415,s160.216844
188_108,s2.546828,s3.709942,s354.774885
188_109,s1.068345,s-4.319854,s314.737555
188_110,s-4.401897,s0.652538,s141.517355
188_111,s-4.280539,s-2.280238,s210.497366
188_112,s-4.138004,s1.495634,s82.519476
188_113,s-3.417892,s-2.927117,s312.781521
188_114,s-2.909704,s-3.627137,s117.572004
188_115,s-4.641877,s-1.221873,s234.093079
188_116,s-2.427069,s-4.02484,s138.071358
188_117,s2.081235,s-4.269773,s189.529959
188_118,s3.980854,s-2.304951,s265.834882
188_119,s-2.96033,s3.714693,s115.258664
188_120,s-1.779767,s4.241748,s234.524682
188_121,s-1.286726,s-4.62432,s76.009566
188_122,s3.264641,s3.311287,s288.730364
188_123,s4.114851,s2.471437,s325.179175
188_124,s4.720079,s0.872271,s221.002385
188_125,s4.384339,s-1.391967,s299.380666
188_126,s1.752158,s4.090531,s286.453023
188_127,s-4.462163,s-1.768926,s154.229839
188_128,s0.734017,s4.541059,s318.775932
188_129,s-4.583828,s1.868428,s34.632312
188_130,s-2.338573,s4.305935,s39.713206
188_131,s1.88746,s4.684015,s270.206685
188_132,s1.262205,s-4.682877,s227.232629
188_133,s-4.334511,s2.492391,s352.874167
188_134,s-3.559659,s3.790624,s78.929621
188_135,s-0.766759,s4.890254,s249.746215
188_136,s-0.294598,s-4.841045,s149.263863
188_137,s-1.969752,s-4.758422,s143.794882
188_138,s-4.381645,s3.487289,s46.265183
188_139,s3.6284,s-3.794366,s69.325057
188_140,s-1.430746,s4.686466,s315.101227
188_141,s4.960701,s1.383455,s233.607032
188_142,s2.603502,s-4.501309,s241.388774
188_143,s1.087243,s-5.187283,s153.455227
188_144,s-5.067011,s1.168504,s273.564415
188_145,s-4.027343,s-3.209829,s97.458321
188_146,s-4.671143,s-2.709322,s128.431303
188_147,s4.792428,s-1.744315,s270.057346
188_148,s-3.338887,s4.180231,s16.404482
188_149,s3.012327,s4.360721,s349.97996
188_150,s4.497803,s-2.803528,s260.32087
188_151,s0.648022,s5.159464,s80.6762
188_152,s5.33706,s-1.103761,s8.069186
188_153,s1.294107,s5.242641,s288.174642
188_154,s-5.188682,s0.342899,s160.028066
188_155,s4.078141,s-3.46284,s295.524053
188_156,s-4.706081,s-0.644441,s83.281673
188_157,s-3.741977,s-3.962336,s152.01871
188_158,s-1.838983,s4.917381,s7.800502
188_159,s-1.054295,s5.448941,s50.331858
188_160,s4.480629,s3.441869,s118.553002
188_161,s-4.968278,s-1.845593,s73.634258
188_162,s3.683805,s-4.283933,s285.667762
188_163,s5.428609,s0.482389,s252.648033
188_164,s-5.573549,s-0.926313,s67.282553
188_165,s3.913991,s3.934866,s81.906352
188_166,s-0.95946,s-5.110718,s107.450386
188_167,s-5.387857,s1.331726,s114.30071
188_168,s5.416485,s1.7753,s56.616553
188_169,s-0.475438,s5.278632,s15.139094
188_170,s-2.812482,s-4.784605,s137.338988
188_171,s2.759988,s-5.044301,s209.866209
188_172,s4.99289,s2.535951,s247.817093
188_173,s0.498591,s5.878895,s226.818233
188_174,s1.892342,s5.746437,s355.038788
188_175,s-1.67392,s-5.605398,s207.38103
188_176,s3.823116,s4.62426,s229.297775
188_177,s5.391681,s-2.269861,s328.283221
188_178,s2.235368,s5.188991,s229.653485
188_179,s1.631875,s-5.565697,s300.30407
188_180,s4.968661,s2.992057,s330.852549
188_181,s-3.226921,s-4.453873,s116.028088
188_182,s-5.164734,s-2.290856,s100.771856
188_183,s-3.934338,s4.329375,s65.38668
188_184,s5.714412,s1.829071,s247.045419
188_185,s-1.042076,s6.010331,s356.831301
188_186,s-4.874886,s2.75599,s111.599446
188_187,s-3.128984,s5.060826,s201.536115
189_0,s0.0,s0.0,s224.07799
189_1,s-0.148662,s0.371349,s324.138907
189_2,s-0.433521,s-0.120664,s43.560215
189_3,s0.190827,s-0.673487,s116.327727
189_4,s-0.913799,s-0.259751,s80.095038
189_5,s-0.447068,s0.663423,s97.607334
189_6,s-0.744268,s-0.590394,s194.56315
189_7,s-0.067394,s1.047835,s63.289603
189_8,s0.44541,s0.540009,s230.223708
189_9,s1.095233,s-0.350664,s121.948796
189_10,s0.734919,s-0.948627,s215.942255
189_11,s1.050575,s0.847816,s64.136372
189_12,s1.373843,s0.46374,s347.862517
189_13,s-1.245248,s-0.63981,s125.561183
189_14,s0.338793,s-1.306797,s194.028876
189_15,s-0.179821,s1.640172,s282.801172
189_16,s1.593643,s0.142487,s235.155091
189_17,s1.541295,s-0.929737,s310.83356
189_18,s-1.250661,s-1.151455,s199.265546
189_19,s0.914429,s1.373433,s12.198963
189_20,s-0.990518,s0.917264,s50.454835
189_21,s-1.575529,s0.490109,s161.451982
189_22,s-1.731787,s0.896333,s41.722179
189_23,s-0.4896,s-1.523251,s233.738856
189_24,s-0.59971,s1.855491,s332.670797
189_25,s2.195039,s0.14766,s276.378481
189_26,s-1.046984,s1.820391,s55.830495
189_27,s1.478226,s1.561201,s231.407036
189_28,s1.009852,s-1.784012,s287.529052
189_29,s-1.799898,s-1.265056,s121.541619
189_30,s-0.69012,s-2.088955,s218.237921
189_31,s0.424488,s-2.158659,s199.060667
189_32,s0.943868,s2.260888,s331.390383
189_33,s-1.284294,s-1.908033,s93.051652
189_34,s-2.436729,s1.041563,s178.101692
189_35,s1.524309,s-1.981535,s193.08367
189_36,s2.128314,s-1.213581,s173.42918
189_37,s2.21165,s1.36697,s351.856848
189_38,s-1.943709,s-0.471164,s76.317652
189_39,s-1.7889,s2.282507,s354.121861
189_40,s-1.783567,s1.605891,s35.245421
189_41,s2.363303,s0.957756,s214.713346
189_42,s-2.218369,s-0.915881,s115.824923
189_43,s-0.865964,s-2.715254,s242.256704
189_44,s-2.023115,s-2.215176,s153.40833
189_45,s1.539398,s2.157024,s334.41392
189_46,s-0.56078,s2.641122,s352.15862
189_47,s2.391934,s-0.883827,s342.58859
189_48,s0.539859,s2.798402,s102.03545
189_49,s3.14502,s0.590636,s36.746496
189_50,s2.864552,s-0.452045,s297.59072
189_51,s2.406737,s-1.790983,s273.36504
189_52,s1.057025,s-2.646733,s184.135559
189_53,s-2.394613,s1.635796,s356.642679
189_54,s-2.905277,s0.747906,s72.500196
189_55,s-1.029026,s-3.345311,s77.506439
189_56,s-1.077656,s2.311095,s6.634927
189_57,s2.682851,s1.650699,s294.589367
189_58,s-2.807388,s1.535765,s66.143347
189_59,s-2.910519,s-0.481016,s52.863442
189_60,s0.539087,s-3.30634,s246.659103
189_61,s3.046104,s-1.26935,s346.454119
189_62,s-2.508949,s-1.986246,s126.411505
189_63,s-2.93107,s-1.622137,s82.261795
189_64,s1.985035,s-2.445841,s275.447764
189_65,s1.200553,s3.340834,s100.302035
189_66,s-2.291591,s2.711294,s338.119892
189_67,s3.187388,s1.183451,s278.967592
189_68,s-1.447782,s3.131521,s10.710101
189_69,s-2.845785,s2.204883,s111.039982
189_70,s-3.328107,s0.382364,s87.537311
189_71,s2.227809,s2.226963,s330.431299
189_72,s-3.373023,s-2.055533,s83.431494
189_73,s3.579258,s-0.937503,s329.234523
189_74,s0.442226,s3.47195,s10.190142
189_75,s1.722208,s-3.331141,s137.944124
189_76,s-3.621853,s-0.452413,s186.833749
189_77,s1.977097,s3.068157,s345.225682
189_78,s-1.829454,s-3.042302,s93.900732
189_79,s3.253774,s-1.962895,s273.354185
189_80,s-0.325149,s3.786064,s131.920094
189_81,s-2.642866,s3.068837,s62.521798
189_82,s1.630583,s3.597735,s69.101863
189_83,s2.725321,s3.129716,s330.762874
189_84,s2.95204,s2.146616,s7.081862
189_85,s2.410285,s-2.872808,s153.463555
189_86,s3.471528,s2.181397,s335.572071
189_87,s-0.231783,s-3.29185,s231.091314
189_88,s2.879316,s-2.323691,s230.103259
189_89,s4.142602,s-0.247685,s338.630898
189_90,s-3.731807,s1.440005,s254.30311
189_91,s1.18635,s4.133107,s345.164607
189_92,s2.81654,s-2.979447,s229.20729
189_93,s2.077396,s-3.764894,s240.696507
189_94,s3.798107,s1.672389,s289.594995
189_95,s4.266966,s1.073779,s316.595207
189_96,s-0.576484,s4.311632,s139.266225
189_97,s-4.016726,s-1.04327,s38.835671
189_98,s-2.12813,s3.62092,s51.486677
189_99,s-1.605121,s-3.609167,s192.198402
189_100,s-2.057409,s-3.604105,s97.529507
189_101,s3.761321,s-1.501655,s322.282092
189_102,s-3.11213,s2.669204,s69.175553
189_103,s3.612748,s-2.92755,s264.083497
189_104,s0.498426,s-3.968825,s293.549509
189_105,s-0.944496,s-3.938328,s323.950988
189_106,s-3.905641,s2.02632,s347.918465
189_107,s-0.556445,s-4.213415,s160.216844
189_108,s2.546828,s3.709942,s354.774885
189_109,s1.068345,s-4.319854,s314.737555
189_110,s-4.401897,s0.652538,s141.517355
189_111,s-4.280539,s-2.280238,s210.497366
189_112,s-4.138004,s1.495634,s82.519476
189_113,s-3.417892,s-2.927117,s312.781521
189_114,s-2.909704,s-3.627137,s117.572004
189_115,s-4.641877,s-1.221873,s234.093079
189_116,s-2.427069,s-4.02484,s138.071358
189_117,s2.081235,s-4.269773,s189.529959
189_118,s3.980854,s-2.304951,s265.834882
189_119,s-2.96033,s3.714693,s115.258664
189_120,s-1.779767,s4.241748,s234.524682
189_121,s-1.286726,s-4.62432,s76.009566
189_122,s3.264641,s3.311287,s288.730364
189_123,s4.114851,s2.471437,s325.179175
189_124,s4.720079,s0.872271,s221.002385
189_125,s4.384339,s-1.391967,s299.380666
189_126,s1.752158,s4.090531,s286.453023
189_127,s-4.462163,s-1.768926,s154.229839
189_128,s0.734017,s4.541059,s318.775932
189_129,s-4.583828,s1.868428,s34.632312
189_130,s-2.338573,s4.305935,s39.713206
189_131,s1.88746,s4.684015,s270.206685
189_132,s1.262205,s-4.682877,s227.232629
189_133,s-4.334511,s2.492391,s352.874167
189_134,s-3.559659,s3.790624,s78.929621
189_135,s-0.766759,s4.890254,s249.746215
189_136,s-0.294598,s-4.841045,s149.263863
189_137,s-1.969752,s-4.758422,s143.794882
189_138,s-4.381645,s3.487289,s46.265183
189_139,s3.6284,s-3.794366,s69.325057
189_140,s-1.430746,s4.686466,s315.101227
189_141,s4.960701,s1.383455,s233.607032
189_142,s2.603502,s-4.501309,s241.388774
189_143,s1.087243,s-5.187283,s153.455227
189_144,s-5.067011,s1.168504,s273.564415
189_145,s-4.027343,s-3.209829,s97.458321
189_146,s-4.671143,s-2.709322,s128.431303
189_147,s4.792428,s-1.744315,s270.057346
189_148,s-3.338887,s4.180231,s16.404482
189_149,s3.012327,s4.360721,s349.97996
189_150,s4.497803,s-2.803528,s260.32087
189_151,s0.648022,s5.159464,s80.6762
189_152,s5.33706,s-1.103761,s8.069186
189_153,s1.294107,s5.242641,s288.174642
189_154,s-5.188682,s0.342899,s160.028066
189_155,s4.078141,s-3.46284,s295.524053
189_156,s-4.706081,s-0.644441,s83.281673
189_157,s-3.741977,s-3.962336,s152.01871
189_158,s-1.838983,s4.917381,s7.800502
189_159,s-1.054295,s5.448941,s50.331858
189_160,s4.480629,s3.441869,s118.553002
189_161,s-4.968278,s-1.845593,s73.634258
189_162,s3.683805,s-4.283933,s285.667762
189_163,s5.428609,s0.482389,s252.648033
189_164,s-5.573549,s-0.926313,s67.282553
189_165,s3.913991,s3.934866,s81.906352
189_166,s-0.95946,s-5.110718,s107.450386
189_167,s-5.387857,s1.331726,s114.30071
189_168,s5.416485,s1.7753,s56.616553
189_169,s-0.475438,s5.278632,s15.139094
189_170,s-2.812482,s-4.784605,s137.338988
189_171,s2.759988,s-5.044301,s209.866209
189_172,s4.99289,s2.535951,s247.817093
189_173,s0.498591,s5.878895,s226.818233
189_174,s1.892342,s5.746437,s355.038788
189_175,s-1.67392,s-5.605398,s207.38103
189_176,s3.823116,s4.62426,s229.297775
189_177,s5.391681,s-2.269861,s328.283221
189_178,s2.235368,s5.188991,s229.653485
189_179,s1.631875,s-5.565697,s300.30407
189_180,s4.968661,s2.992057,s330.852549
189_181,s-3.226921,s-4.453873,s116.028088
189_182,s-5.164734,s-2.290856,s100.771856
189_183,s-3.934338,s4.329375,s65.38668
189_184,s5.714412,s1.829071,s247.045419
189_185,s-1.042076,s6.010331,s356.831301
189_186,s-4.874886,s2.75599,s111.599446
189_187,s-3.128984,s5.060826,s201.536115
189_188,s-5.511682,s2.839253,s77.156119
190_0,s0.0,s0.0,s224.07799
190_1,s-0.148662,s0.371349,s324.138907
190_2,s-0.433521,s-0.120664,s43.560215
190_3,s0.190827,s-0.673487,s116.327727
190_4,s-0.913799,s-0.259751,s80.095038
190_5,s-0.447068,s0.663423,s97.607334
190_6,s-0.744268,s-0.590394,s194.56315
190_7,s-0.067394,s1.047835,s63.289603
190_8,s0.44541,s0.540009,s230.223708
190_9,s1.095233,s-0.350664,s121.948796
190_10,s0.734919,s-0.948627,s215.942255
190_11,s1.050575,s0.847816,s64.136372
190_12,s1.373843,s0.46374,s347.862517
190_13,s-1.245248,s-0.63981,s125.561183
190_14,s0.338793,s-1.306797,s194.028876
190_15,s-0.179821,s1.640172,s282.801172
190_16,s1.593643,s0.142487,s235.155091
190_17,s1.541295,s-0.929737,s310.83356
190_18,s-1.250661,s-1.151455,s199.265546
190_19,s0.914429,s1.373433,s12.198963
190_20,s-0.990518,s0.917264,s50.454835
190_21,s-1.575529,s0.490109,s161.451982
190_22,s-1.731787,s0.896333,s41.722179
190_23,s-0.4896,s-1.523251,s233.738856
190_24,s-0.59971,s1.855491,s332.670797
190_25,s2.195039,s0.14766,s276.378481
190_26,s-1.046984,s1.820391,s55.830495
190_27,s1.478226,s1.561201,s231.407036
190_28,s1.009852,s-1.784012,s287.529052
190_29,s-1.799898,s-1.265056,s121.541619
190_30,s-0.69012,s-2.088955,s218.237921
190_31,s0.424488,s-2.158659,s199.060667
190_32,s0.943868,s2.260888,s331.390383
190_33,s-1.284294,s-1.908033,s93.051652
190_34,s-2.436729,s1.041563,s178.101692
190_35,s1.524309,s-1.981535,s193.08367
190_36,s2.128314,s-1.213581,s173.42918
190_37,s2.21165,s1.36697,s351.856848
190_38,s-1.943709,s-0.471164,s76.317652
190_39,s-1.7889,s2.282507,s354.121861
190_40,s-1.783567,s1.605891,s35.245421
190_41,s2.363303,s0.957756,s214.713346
190_42,s-2.218369,s-0.915881,s115.824923
190_43,s-0.865964,s-2.715254,s242.256704
190_44,s-2.023115,s-2.215176,s153.40833
190_45,s1.539398,s2.157024,s334.41392
190_46,s-0.56078,s2.641122,s352.15862
190_47,s2.391934,s-0.883827,s342.58859
190_48,s0.539859,s2.798402,s102.03545
190_49,s3.14502,s0.590636,s36.746496
190_50,s2.864552,s-0.452045,s297.59072
190_51,s2.406737,s-1.790983,s273.36504
190_52,s1.057025,s-2.646733,s184.135559
190_53,s-2.394613,s1.635796,s356.642679
190_54,s-2.905277,s0.747906,s72.500196
190_55,s-1.029026,s-3.345311,s77.506439
190_56,s-1.077656,s2.311095,s6.634927
190_57,s2.682851,s1.650699,s294.589367
190_58,s-2.807388,s1.535765,s66.143347
190_59,s-2.910519,s-0.481016,s52.863442
190_60,s0.539087,s-3.30634,s246.659103
190_61,s3.046104,s-1.26935,s346.454119
190_62,s-2.508949,s-1.986246,s126.411505
190_63,s-2.93107,s-1.622137,s82.261795
190_64,s1.985035,s-2.445841,s275.447764
190_65,s1.200553,s3.340834,s100.302035
190_66,s-2.291591,s2.711294,s338.119892
190_67,s3.187388,s1.183451,s278.967592
190_68,s-1.447782,s3.131521,s10.710101
190_69,s-2.845785,s2.204883,s111.039982
190_70,s-3.328107,s0.382364,s87.537311
190_71,s2.227809,s2.226963,s330.431299
190_72,s-3.373023,s-2.055533,s83.431494
190_73,s3.579258,s-0.937503,s329.234523
190_74,s0.442226,s3.47195,s10.190142
190_75,s1.722208,s-3.331141,s137.944124
190_76,s-3.621853,s-0.452413,s186.833749
190_77,s1.977097,s3.068157,s345.225682
190_78,s-1.829454,s-3.042302,s93.900732
190_79,s3.253774,s-1.962895,s273.354185
190_80,s-0.325149,s3.786064,s131.920094
190_81,s-2.642866,s3.068837,s62.521798
190_82,s1.630583,s3.597735,s69.101863
190_83,s2.725321,s3.129716,s330.762874
190_84,s2.95204,s2.146616,s7.081862
190_85,s2.410285,s-2.872808,s153.463555
190_86,s3.471528,s2.181397,s335.572071
190_87,s-0.231783,s-3.29185,s231.091314
190_88,s2.879316,s-2.323691,s230.103259
190_89,s4.142602,s-0.247685,s338.630898
190_90,s-3.731807,s1.440005,s254.30311
190_91,s1.18635,s4.133107,s345.164607
190_92,s2.81654,s-2.979447,s229.20729
190_93,s2.077396,s-3.764894,s240.696507
190_94,s3.798107,s1.672389,s289.594995
190_95,s4.266966,s1.073779,s316.595207
190_96,s-0.576484,s4.311632,s139.266225
190_97,s-4.016726,s-1.04327,s38.835671
190_98,s-2.12813,s3.62092,s51.486677
190_99,s-1.605121,s-3.609167,s192.198402
190_100,s-2.057409,s-3.604105,s97.529507
190_101,s3.761321,s-1.501655,s322.282092
190_102,s-3.11213,s2.669204,s69.175553
190_103,s3.612748,s-2.92755,s264.083497
190_104,s0.498426,s-3.968825,s293.549509
190_105,s-0.944496,s-3.938328,s323.950988
190_106,s-3.905641,s2.02632,s347.918465
190_107,s-0.556445,s-4.213415,s160.216844
190_108,s2.546828,s3.709942,s354.774885
190_109,s1.068345,s-4.319854,s314.737555
190_110,s-4.401897,s0.652538,s141.517355
190_111,s-4.280539,s-2.280238,s210.497366
190_112,s-4.138004,s1.495634,s82.519476
190_113,s-3.417892,s-2.927117,s312.781521
190_114,s-2.909704,s-3.627137,s117.572004
190_115,s-4.641877,s-1.221873,s234.093079
190_116,s-2.427069,s-4.02484,s138.071358
190_117,s2.081235,s-4.269773,s189.529959
190_118,s3.980854,s-2.304951,s265.834882
190_119,s-2.96033,s3.714693,s115.258664
190_120,s-1.779767,s4.241748,s234.524682
190_121,s-1.286726,s-4.62432,s76.009566
190_122,s3.264641,s3.311287,s288.730364
190_123,s4.114851,s2.471437,s325.179175
190_124,s4.720079,s0.872271,s221.002385
190_125,s4.384339,s-1.391967,s299.380666
190_126,s1.752158,s4.090531,s286.453023
190_127,s-4.462163,s-1.768926,s154.229839
190_128,s0.734017,s4.541059,s318.775932
190_129,s-4.583828,s1.868428,s34.632312
190_130,s-2.338573,s4.305935,s39.713206
190_131,s1.88746,s4.684015,s270.206685
190_132,s1.262205,s-4.682877,s227.232629
190_133,s-4.334511,s2.492391,s352.874167
190_134,s-3.559659,s3.790624,s78.929621
190_135,s-0.766759,s4.890254,s249.746215
190_136,s-0.294598,s-4.841045,s149.263863
190_137,s-1.969752,s-4.758422,s143.794882
190_138,s-4.381645,s3.487289,s46.265183
190_139,s3.6284,s-3.794366,s69.325057
190_140,s-1.430746,s4.686466,s315.101227
190_141,s4.960701,s1.383455,s233.607032
190_142,s2.603502,s-4.501309,s241.388774
190_143,s1.087243,s-5.187283,s153.455227
190_144,s-5.067011,s1.168504,s273.564415
190_145,s-4.027343,s-3.209829,s97.458321
190_146,s-4.671143,s-2.709322,s128.431303
190_147,s4.792428,s-1.744315,s270.057346
190_148,s-3.338887,s4.180231,s16.404482
190_149,s3.012327,s4.360721,s349.97996
190_150,s4.497803,s-2.803528,s260.32087
190_151,s0.648022,s5.159464,s80.6762
190_152,s5.33706,s-1.103761,s8.069186
190_153,s1.294107,s5.242641,s288.174642
190_154,s-5.188682,s0.342899,s160.028066
190_155,s4.078141,s-3.46284,s295.524053
190_156,s-4.706081,s-0.644441,s83.281673
190_157,s-3.741977,s-3.962336,s152.01871
190_158,s-1.838983,s4.917381,s7.800502
190_159,s-1.054295,s5.448941,s50.331858
190_160,s4.480629,s3.441869,s118.553002
190_161,s-4.968278,s-1.845593,s73.634258
190_162,s3.683805,s-4.283933,s285.667762
190_163,s5.428609,s0.482389,s252.648033
190_164,s-5.573549,s-0.926313,s67.282553
190_165,s3.913991,s3.934866,s81.906352
190_166,s-0.95946,s-5.110718,s107.450386
190_167,s-5.387857,s1.331726,s114.30071
190_168,s5.416485,s1.7753,s56.616553
190_169,s-0.475438,s5.278632,s15.139094
190_170,s-2.812482,s-4.784605,s137.338988
190_171,s2.759988,s-5.044301,s209.866209
190_172,s4.99289,s2.535951,s247.817093
190_173,s0.498591,s5.878895,s226.818233
190_174,s1.892342,s5.746437,s355.038788
190_175,s-1.67392,s-5.605398,s207.38103
190_176,s3.823116,s4.62426,s229.297775
190_177,s5.391681,s-2.269861,s328.283221
190_178,s2.235368,s5.188991,s229.653485
190_179,s1.631875,s-5.565697,s300.30407
190_180,s4.968661,s2.992057,s330.852549
190_181,s-3.226921,s-4.453873,s116.028088
190_182,s-5.164734,s-2.290856,s100.771856
190_183,s-3.934338,s4.329375,s65.38668
190_184,s5.714412,s1.829071,s247.045419
190_185,s-1.042076,s6.010331,s356.831301
190_186,s-4.874886,s2.75599,s111.599446
190_187,s-3.128984,s5.060826,s201.536115
190_188,s-5.511682,s2.839253,s77.156119
190_189,s-2.232041,s5.515478,s82.514438
191_0,s0.0,s0.0,s224.07799
191_1,s-0.148662,s0.371349,s324.138907
191_2,s-0.433521,s-0.120664,s43.560215
191_3,s0.190827,s-0.673487,s116.327727
191_4,s-0.913799,s-0.259751,s80.095038
191_5,s-0.447068,s0.663423,s97.607334
191_6,s-0.744268,s-0.590394,s194.56315
191_7,s-0.067394,s1.047835,s63.289603
191_8,s0.44541,s0.540009,s230.223708
191_9,s1.095233,s-0.350664,s121.948796
191_10,s0.734919,s-0.948627,s215.942255
191_11,s1.050575,s0.847816,s64.136372
191_12,s1.373843,s0.46374,s347.862517
191_13,s-1.245248,s-0.63981,s125.561183
191_14,s0.338793,s-1.306797,s194.028876
191_15,s-0.179821,s1.640172,s282.801172
191_16,s1.593643,s0.142487,s235.155091
191_17,s1.541295,s-0.929737,s310.83356
191_18,s-1.250661,s-1.151455,s199.265546
191_19,s0.914429,s1.373433,s12.198963
191_20,s-0.990518,s0.917264,s50.454835
191_21,s-1.575529,s0.490109,s161.451982
191_22,s-1.731787,s0.896333,s41.722179
191_23,s-0.4896,s-1.523251,s233.738856
191_24,s-0.59971,s1.855491,s332.670797
191_25,s2.195039,s0.14766,s276.378481
191_26,s-1.046984,s1.820391,s55.830495
191_27,s1.478226,s1.561201,s231.407036
191_28,s1.009852,s-1.784012,s287.529052
191_29,s-1.799898,s-1.265056,s121.541619
191_30,s-0.69012,s-2.088955,s218.237921
191_31,s0.424488,s-2.158659,s199.060667
191_32,s0.943868,s2.260888,s331.390383
191_33,s-1.284294,s-1.908033,s93.051652
191_34,s-2.436729,s1.041563,s178.101692
191_35,s1.524309,s-1.981535,s193.08367
191_36,s2.128314,s-1.213581,s173.42918
191_37,s2.21165,s1.36697,s351.856848
191_38,s-1.943709,s-0.471164,s76.317652
191_39,s-1.7889,s2.282507,s354.121861
191_40,s-1.783567,s1.605891,s35.245421
191_41,s2.363303,s0.957756,s214.713346
191_42,s-2.218369,s-0.915881,s115.824923
191_43,s-0.865964,s-2.715254,s242.256704
191_44,s-2.023115,s-2.215176,s153.40833
191_45,s1.539398,s2.157024,s334.41392
191_46,s-0.56078,s2.641122,s352.15862
191_47,s2.391934,s-0.883827,s342.58859
191_48,s0.539859,s2.798402,s102.03545
191_49,s3.14502,s0.590636,s36.746496
191_50,s2.864552,s-0.452045,s297.59072
191_51,s2.406737,s-1.790983,s273.36504
191_52,s1.057025,s-2.646733,s184.135559
191_53,s-2.394613,s1.635796,s356.642679
191_54,s-2.905277,s0.747906,s72.500196
191_55,s-1.029026,s-3.345311,s77.506439
191_56,s-1.077656,s2.311095,s6.634927
191_57,s2.682851,s1.650699,s294.589367
191_58,s-2.807388,s1.535765,s66.143347
191_59,s-2.910519,s-0.481016,s52.863442
191_60,s0.539087,s-3.30634,s246.659103
191_61,s3.046104,s-1.26935,s346.454119
191_62,s-2.508949,s-1.986246,s126.411505
191_63,s-2.93107,s-1.622137,s82.261795
191_64,s1.985035,s-2.445841,s275.447764
191_65,s1.200553,s3.340834,s100.302035
191_66,s-2.291591,s2.711294,s338.119892
191_67,s3.187388,s1.183451,s278.967592
191_68,s-1.447782,s3.131521,s10.710101
191_69,s-2.845785,s2.204883,s111.039982
191_70,s-3.328107,s0.382364,s87.537311
191_71,s2.227809,s2.226963,s330.431299
191_72,s-3.373023,s-2.055533,s83.431494
191_73,s3.579258,s-0.937503,s329.234523
191_74,s0.442226,s3.47195,s10.190142
191_75,s1.722208,s-3.331141,s137.944124
191_76,s-3.621853,s-0.452413,s186.833749
191_77,s1.977097,s3.068157,s345.225682
191_78,s-1.829454,s-3.042302,s93.900732
191_79,s3.253774,s-1.962895,s273.354185
191_80,s-0.325149,s3.786064,s131.920094
191_81,s-2.642866,s3.068837,s62.521798
191_82,s1.630583,s3.597735,s69.101863
191_83,s2.725321,s3.129716,s330.762874
191_84,s2.95204,s2.146616,s7.081862
191_85,s2.410285,s-2.872808,s153.463555
191_86,s3.471528,s2.181397,s335.572071
191_87,s-0.231783,s-3.29185,s231.091314
191_88,s2.879316,s-2.323691,s230.103259
191_89,s4.142602,s-0.247685,s338.630898
191_90,s-3.731807,s1.440005,s254.30311
191_91,s1.18635,s4.133107,s345.164607
191_92,s2.81654,s-2.979447,s229.20729
191_93,s2.077396,s-3.764894,s240.696507
191_94,s3.798107,s1.672389,s289.594995
191_95,s4.266966,s1.073779,s316.595207
191_96,s-0.576484,s4.311632,s139.266225
191_97,s-4.016726,s-1.04327,s38.835671
191_98,s-2.12813,s3.62092,s51.486677
191_99,s-1.605121,s-3.609167,s192.198402
191_100,s-2.057409,s-3.604105,s97.529507
191_101,s3.761321,s-1.501655,s322.282092
191_102,s-3.11213,s2.669204,s69.175553
191_103,s3.612748,s-2.92755,s264.083497
191_104,s0.498426,s-3.968825,s293.549509
191_105,s-0.944496,s-3.938328,s323.950988
191_106,s-3.905641,s2.02632,s347.918465
191_107,s-0.556445,s-4.213415,s160.216844
191_108,s2.546828,s3.709942,s354.774885
191_109,s1.068345,s-4.319854,s314.737555
191_110,s-4.401897,s0.652538,s141.517355
191_111,s-4.280539,s-2.280238,s210.497366
191_112,s-4.138004,s1.495634,s82.519476
191_113,s-3.417892,s-2.927117,s312.781521
191_114,s-2.909704,s-3.627137,s117.572004
191_115,s-4.641877,s-1.221873,s234.093079
191_116,s-2.427069,s-4.02484,s138.071358
191_117,s2.081235,s-4.269773,s189.529959
191_118,s3.980854,s-2.304951,s265.834882
191_119,s-2.96033,s3.714693,s115.258664
191_120,s-1.779767,s4.241748,s234.524682
191_121,s-1.286726,s-4.62432,s76.009566
191_122,s3.264641,s3.311287,s288.730364
191_123,s4.114851,s2.471437,s325.179175
191_124,s4.720079,s0.872271,s221.002385
191_125,s4.384339,s-1.391967,s299.380666
191_126,s1.752158,s4.090531,s286.453023
191_127,s-4.462163,s-1.768926,s154.229839
191_128,s0.734017,s4.541059,s318.775932
191_129,s-4.583828,s1.868428,s34.632312
191_130,s-2.338573,s4.305935,s39.713206
191_131,s1.88746,s4.684015,s270.206685
191_132,s1.262205,s-4.682877,s227.232629
191_133,s-4.334511,s2.492391,s352.874167
191_134,s-3.559659,s3.790624,s78.929621
191_135,s-0.766759,s4.890254,s249.746215
191_136,s-0.294598,s-4.841045,s149.263863
191_137,s-1.969752,s-4.758422,s143.794882
191_138,s-4.381645,s3.487289,s46.265183
191_139,s3.6284,s-3.794366,s69.325057
191_140,s-1.430746,s4.686466,s315.101227
191_141,s4.960701,s1.383455,s233.607032
191_142,s2.603502,s-4.501309,s241.388774
191_143,s1.087243,s-5.187283,s153.455227
191_144,s-5.067011,s1.168504,s273.564415
191_145,s-4.027343,s-3.209829,s97.458321
191_146,s-4.671143,s-2.709322,s128.431303
191_147,s4.792428,s-1.744315,s270.057346
191_148,s-3.338887,s4.180231,s16.404482
191_149,s3.012327,s4.360721,s349.97996
191_150,s4.497803,s-2.803528,s260.32087
191_151,s0.648022,s5.159464,s80.6762
191_152,s5.33706,s-1.103761,s8.069186
191_153,s1.294107,s5.242641,s288.174642
191_154,s-5.188682,s0.342899,s160.028066
191_155,s4.078141,s-3.46284,s295.524053
191_156,s-4.706081,s-0.644441,s83.281673
191_157,s-3.741977,s-3.962336,s152.01871
191_158,s-1.838983,s4.917381,s7.800502
191_159,s-1.054295,s5.448941,s50.331858
191_160,s4.480629,s3.441869,s118.553002
191_161,s-4.968278,s-1.845593,s73.634258
191_162,s3.683805,s-4.283933,s285.667762
191_163,s5.428609,s0.482389,s252.648033
191_164,s-5.573549,s-0.926313,s67.282553
191_165,s3.913991,s3.934866,s81.906352
191_166,s-0.95946,s-5.110718,s107.450386
191_167,s-5.387857,s1.331726,s114.30071
191_168,s5.416485,s1.7753,s56.616553
191_169,s-0.475438,s5.278632,s15.139094
191_170,s-2.812482,s-4.784605,s137.338988
191_171,s2.759988,s-5.044301,s209.866209
191_172,s4.99289,s2.535951,s247.817093
191_173,s0.498591,s5.878895,s226.818233
191_174,s1.892342,s5.746437,s355.038788
191_175,s-1.67392,s-5.605398,s207.38103
191_176,s3.823116,s4.62426,s229.297775
191_177,s5.391681,s-2.269861,s328.283221
191_178,s2.235368,s5.188991,s229.653485
191_179,s1.631875,s-5.565697,s300.30407
191_180,s4.968661,s2.992057,s330.852549
191_181,s-3.226921,s-4.453873,s116.028088
191_182,s-5.164734,s-2.290856,s100.771856
191_183,s-3.934338,s4.329375,s65.38668
191_184,s5.714412,s1.829071,s247.045419
191_185,s-1.042076,s6.010331,s356.831301
191_186,s-4.874886,s2.75599,s111.599446
191_187,s-3.128984,s5.060826,s201.536115
191_188,s-5.511682,s2.839253,s77.156119
191_189,s-2.232041,s5.515478,s82.514438
191_190,s-4.657127,s-4.168173,s346.458414
192_0,s0.0,s0.0,s224.07799
192_1,s-0.148662,s0.371349,s324.138907
192_2,s-0.433521,s-0.120664,s43.560215
192_3,s0.190827,s-0.673487,s116.327727
192_4,s-0.913799,s-0.259751,s80.095038
192_5,s-0.447068,s0.663423,s97.607334
192_6,s-0.744268,s-0.590394,s194.56315
192_7,s-0.067394,s1.047835,s63.289603
192_8,s0.44541,s0.540009,s230.223708
192_9,s1.095233,s-0.350664,s121.948796
192_10,s0.734919,s-0.948627,s215.942255
192_11,s1.050575,s0.847816,s64.136372
192_12,s1.373843,s0.46374,s347.862517
192_13,s-1.245248,s-0.63981,s125.561183
192_14,s0.338793,s-1.306797,s194.028876
192_15,s-0.179821,s1.640172,s282.801172
192_16,s1.593643,s0.142487,s235.155091
192_17,s1.541295,s-0.929737,s310.83356
192_18,s-1.250661,s-1.151455,s199.265546
192_19,s0.914429,s1.373433,s12.198963
192_20,s-0.990518,s0.917264,s50.454835
192_21,s-1.575529,s0.490109,s161.451982
192_22,s-1.731787,s0.896333,s41.722179
192_23,s-0.4896,s-1.523251,s233.738856
192_24,s-0.59971,s1.855491,s332.670797
192_25,s2.195039,s0.14766,s276.378481
192_26,s-1.046984,s1.820391,s55.830495
192_27,s1.478226,s1.561201,s231.407036
192_28,s1.009852,s-1.784012,s287.529052
192_29,s-1.799898,s-1.265056,s121.541619
192_30,s-0.69012,s-2.088955,s218.237921
192_31,s0.424488,s-2.158659,s199.060667
192_32,s0.943868,s2.260888,s331.390383
192_33,s-1.284294,s-1.908033,s93.051652
192_34,s-2.436729,s1.041563,s178.101692
192_35,s1.524309,s-1.981535,s193.08367
192_36,s2.128314,s-1.213581,s173.42918
192_37,s2.21165,s1.36697,s351.856848
192_38,s-1.943709,s-0.471164,s76.317652
192_39,s-1.7889,s2.282507,s354.121861
192_40,s-1.783567,s1.605891,s35.245421
192_41,s2.363303,s0.957756,s214.713346
192_42,s-2.218369,s-0.915881,s115.824923
192_43,s-0.865964,s-2.715254,s242.256704
192_44,s-2.023115,s-2.215176,s153.40833
192_45,s1.539398,s2.157024,s334.41392
192_46,s-0.56078,s2.641122,s352.15862
192_47,s2.391934,s-0.883827,s342.58859
192_48,s0.539859,s2.798402,s102.03545
192_49,s3.14502,s0.590636,s36.746496
192_50,s2.864552,s-0.452045,s297.59072
192_51,s2.406737,s-1.790983,s273.36504
192_52,s1.057025,s-2.646733,s184.135559
192_53,s-2.394613,s1.635796,s356.642679
192_54,s-2.905277,s0.747906,s72.500196
192_55,s-1.029026,s-3.345311,s77.506439
192_56,s-1.077656,s2.311095,s6.634927
192_57,s2.682851,s1.650699,s294.589367
192_58,s-2.807388,s1.535765,s66.143347
192_59,s-2.910519,s-0.481016,s52.863442
192_60,s0.539087,s-3.30634,s246.659103
192_61,s3.046104,s-1.26935,s346.454119
192_62,s-2.508949,s-1.986246,s126.411505
192_63,s-2.93107,s-1.622137,s82.261795
192_64,s1.985035,s-2.445841,s275.447764
192_65,s1.200553,s3.340834,s100.302035
192_66,s-2.291591,s2.711294,s338.119892
192_67,s3.187388,s1.183451,s278.967592
192_68,s-1.447782,s3.131521,s10.710101
192_69,s-2.845785,s2.204883,s111.039982
192_70,s-3.328107,s0.382364,s87.537311
192_71,s2.227809,s2.226963,s330.431299
192_72,s-3.373023,s-2.055533,s83.431494
192_73,s3.579258,s-0.937503,s329.234523
192_74,s0.442226,s3.47195,s10.190142
192_75,s1.722208,s-3.331141,s137.944124
192_76,s-3.621853,s-0.452413,s186.833749
192_77,s1.977097,s3.068157,s345.225682
192_78,s-1.829454,s-3.042302,s93.900732
192_79,s3.253774,s-1.962895,s273.354185
192_80,s-0.325149,s3.786064,s131.920094
192_81,s-2.642866,s3.068837,s62.521798
192_82,s1.630583,s3.597735,s69.101863
192_83,s2.725321,s3.129716,s330.762874
192_84,s2.95204,s2.146616,s7.081862
192_85,s2.410285,s-2.872808,s153.463555
192_86,s3.471528,s2.181397,s335.572071
192_87,s-0.231783,s-3.29185,s231.091314
192_88,s2.879316,s-2.323691,s230.103259
192_89,s4.142602,s-0.247685,s338.630898
192_90,s-3.731807,s1.440005,s254.30311
192_91,s1.18635,s4.133107,s345.164607
192_92,s2.81654,s-2.979447,s229.20729
192_93,s2.077396,s-3.764894,s240.696507
192_94,s3.798107,s1.672389,s289.594995
192_95,s4.266966,s1.073779,s316.595207
192_96,s-0.576484,s4.311632,s139.266225
192_97,s-4.016726,s-1.04327,s38.835671
192_98,s-2.12813,s3.62092,s51.486677
192_99,s-1.605121,s-3.609167,s192.198402
192_100,s-2.057409,s-3.604105,s97.529507
192_101,s3.761321,s-1.501655,s322.282092
192_102,s-3.11213,s2.669204,s69.175553
192_103,s3.612748,s-2.92755,s264.083497
192_104,s0.498426,s-3.968825,s293.549509
192_105,s-0.944496,s-3.938328,s323.950988
192_106,s-3.905641,s2.02632,s347.918465
192_107,s-0.556445,s-4.213415,s160.216844
192_108,s2.546828,s3.709942,s354.774885
192_109,s1.068345,s-4.319854,s314.737555
192_110,s-4.401897,s0.652538,s141.517355
192_111,s-4.280539,s-2.280238,s210.497366
192_112,s-4.138004,s1.495634,s82.519476
192_113,s-3.417892,s-2.927117,s312.781521
192_114,s-2.909704,s-3.627137,s117.572004
192_115,s-4.641877,s-1.221873,s234.093079
192_116,s-2.427069,s-4.02484,s138.071358
192_117,s2.081235,s-4.269773,s189.529959
192_118,s3.980854,s-2.304951,s265.834882
192_119,s-2.96033,s3.714693,s115.258664
192_120,s-1.779767,s4.241748,s234.524682
192_121,s-1.286726,s-4.62432,s76.009566
192_122,s3.264641,s3.311287,s288.730364
192_123,s4.114851,s2.471437,s325.179175
192_124,s4.720079,s0.872271,s221.002385
192_125,s4.384339,s-1.391967,s299.380666
192_126,s1.752158,s4.090531,s286.453023
192_127,s-4.462163,s-1.768926,s154.229839
192_128,s0.734017,s4.541059,s318.775932
192_129,s-4.583828,s1.868428,s34.632312
192_130,s-2.338573,s4.305935,s39.713206
192_131,s1.88746,s4.684015,s270.206685
192_132,s1.262205,s-4.682877,s227.232629
192_133,s-4.334511,s2.492391,s352.874167
192_134,s-3.559659,s3.790624,s78.929621
192_135,s-0.766759,s4.890254,s249.746215
192_136,s-0.294598,s-4.841045,s149.263863
192_137,s-1.969752,s-4.758422,s143.794882
192_138,s-4.381645,s3.487289,s46.265183
192_139,s3.6284,s-3.794366,s69.325057
192_140,s-1.430746,s4.686466,s315.101227
192_141,s4.960701,s1.383455,s233.607032
192_142,s2.603502,s-4.501309,s241.388774
192_143,s1.087243,s-5.187283,s153.455227
192_144,s-5.067011,s1.168504,s273.564415
192_145,s-4.027343,s-3.209829,s97.458321
192_146,s-4.671143,s-2.709322,s128.431303
192_147,s4.792428,s-1.744315,s270.057346
192_148,s-3.338887,s4.180231,s16.404482
192_149,s3.012327,s4.360721,s349.97996
192_150,s4.497803,s-2.803528,s260.32087
192_151,s0.648022,s5.159464,s80.6762
192_152,s5.33706,s-1.103761,s8.069186
192_153,s1.294107,s5.242641,s288.174642
192_154,s-5.188682,s0.342899,s160.028066
192_155,s4.078141,s-3.46284,s295.524053
192_156,s-4.706081,s-0.644441,s83.281673
192_157,s-3.741977,s-3.962336,s152.01871
192_158,s-1.838983,s4.917381,s7.800502
192_159,s-1.054295,s5.448941,s50.331858
192_160,s4.480629,s3.441869,s118.553002
192_161,s-4.968278,s-1.845593,s73.634258
192_162,s3.683805,s-4.283933,s285.667762
192_163,s5.428609,s0.482389,s252.648033
192_164,s-5.573549,s-0.926313,s67.282553
192_165,s3.913991,s3.934866,s81.906352
192_166,s-0.95946,s-5.110718,s107.450386
192_167,s-5.387857,s1.331726,s114.30071
192_168,s5.416485,s1.7753,s56.616553
192_169,s-0.475438,s5.278632,s15.139094
192_170,s-2.812482,s-4.784605,s137.338988
192_171,s2.759988,s-5.044301,s209.866209
192_172,s4.99289,s2.535951,s247.817093
192_173,s0.498591,s5.878895,s226.818233
192_174,s1.892342,s5.746437,s355.038788
192_175,s-1.67392,s-5.605398,s207.38103
192_176,s3.823116,s4.62426,s229.297775
192_177,s5.391681,s-2.269861,s328.283221
192_178,s2.235368,s5.188991,s229.653485
192_179,s1.631875,s-5.565697,s300.30407
192_180,s4.968661,s2.992057,s330.852549
192_181,s-3.226921,s-4.453873,s116.028088
192_182,s-5.164734,s-2.290856,s100.771856
192_183,s-3.934338,s4.329375,s65.38668
192_184,s5.714412,s1.829071,s247.045419
192_185,s-1.042076,s6.010331,s356.831301
192_186,s-4.874886,s2.75599,s111.599446
192_187,s-3.128984,s5.060826,s201.536115
192_188,s-5.511682,s2.839253,s77.156119
192_189,s-2.232041,s5.515478,s82.514438
192_190,s-4.657127,s-4.168173,s346.458414
192_191,s-0.97322,s-5.616301,s188.398432
193_0,s0.0,s0.0,s224.07799
193_1,s-0.148662,s0.371349,s324.138907
193_2,s-0.433521,s-0.120664,s43.560215
193_3,s0.190827,s-0.673487,s116.327727
193_4,s-0.913799,s-0.259751,s80.095038
193_5,s-0.447068,s0.663423,s97.607334
193_6,s-0.744268,s-0.590394,s194.56315
193_7,s-0.067394,s1.047835,s63.289603
193_8,s0.44541,s0.540009,s230.223708
193_9,s1.095233,s-0.350664,s121.948796
193_10,s0.734919,s-0.948627,s215.942255
193_11,s1.050575,s0.847816,s64.136372
193_12,s1.373843,s0.46374,s347.862517
193_13,s-1.245248,s-0.63981,s125.561183
193_14,s0.338793,s-1.306797,s194.028876
193_15,s-0.179821,s1.640172,s282.801172
193_16,s1.593643,s0.142487,s235.155091
193_17,s1.541295,s-0.929737,s310.83356
193_18,s-1.250661,s-1.151455,s199.265546
193_19,s0.914429,s1.373433,s12.198963
193_20,s-0.990518,s0.917264,s50.454835
193_21,s-1.575529,s0.490109,s161.451982
193_22,s-1.731787,s0.896333,s41.722179
193_23,s-0.4896,s-1.523251,s233.738856
193_24,s-0.59971,s1.855491,s332.670797
193_25,s2.195039,s0.14766,s276.378481
193_26,s-1.046984,s1.820391,s55.830495
193_27,s1.478226,s1.561201,s231.407036
193_28,s1.009852,s-1.784012,s287.529052
193_29,s-1.799898,s-1.265056,s121.541619
193_30,s-0.69012,s-2.088955,s218.237921
193_31,s0.424488,s-2.158659,s199.060667
193_32,s0.943868,s2.260888,s331.390383
193_33,s-1.284294,s-1.908033,s93.051652
193_34,s-2.436729,s1.041563,s178.101692
193_35,s1.524309,s-1.981535,s193.08367
193_36,s2.128314,s-1.213581,s173.42918
193_37,s2.21165,s1.36697,s351.856848
193_38,s-1.943709,s-0.471164,s76.317652
193_39,s-1.7889,s2.282507,s354.121861
193_40,s-1.783567,s1.605891,s35.245421
193_41,s2.363303,s0.957756,s214.713346
193_42,s-2.218369,s-0.915881,s115.824923
193_43,s-0.865964,s-2.715254,s242.256704
193_44,s-2.023115,s-2.215176,s153.40833
193_45,s1.539398,s2.157024,s334.41392
193_46,s-0.56078,s2.641122,s352.15862
193_47,s2.391934,s-0.883827,s342.58859
193_48,s0.539859,s2.798402,s102.03545
193_49,s3.14502,s0.590636,s36.746496
193_50,s2.864552,s-0.452045,s297.59072
193_51,s2.406737,s-1.790983,s273.36504
193_52,s1.057025,s-2.646733,s184.135559
193_53,s-2.394613,s1.635796,s356.642679
193_54,s-2.905277,s0.747906,s72.500196
193_55,s-1.029026,s-3.345311,s77.506439
193_56,s-1.077656,s2.311095,s6.634927
193_57,s2.682851,s1.650699,s294.589367
193_58,s-2.807388,s1.535765,s66.143347
193_59,s-2.910519,s-0.481016,s52.863442
193_60,s0.539087,s-3.30634,s246.659103
193_61,s3.046104,s-1.26935,s346.454119
193_62,s-2.508949,s-1.986246,s126.411505
193_63,s-2.93107,s-1.622137,s82.261795
193_64,s1.985035,s-2.445841,s275.447764
193_65,s1.200553,s3.340834,s100.302035
193_66,s-2.291591,s2.711294,s338.119892
193_67,s3.187388,s1.183451,s278.967592
193_68,s-1.447782,s3.131521,s10.710101
193_69,s-2.845785,s2.204883,s111.039982
193_70,s-3.328107,s0.382364,s87.537311
193_71,s2.227809,s2.226963,s330.431299
193_72,s-3.373023,s-2.055533,s83.431494
193_73,s3.579258,s-0.937503,s329.234523
193_74,s0.442226,s3.47195,s10.190142
193_75,s1.722208,s-3.331141,s137.944124
193_76,s-3.621853,s-0.452413,s186.833749
193_77,s1.977097,s3.068157,s345.225682
193_78,s-1.829454,s-3.042302,s93.900732
193_79,s3.253774,s-1.962895,s273.354185
193_80,s-0.325149,s3.786064,s131.920094
193_81,s-2.642866,s3.068837,s62.521798
193_82,s1.630583,s3.597735,s69.101863
193_83,s2.725321,s3.129716,s330.762874
193_84,s2.95204,s2.146616,s7.081862
193_85,s2.410285,s-2.872808,s153.463555
193_86,s3.471528,s2.181397,s335.572071
193_87,s-0.231783,s-3.29185,s231.091314
193_88,s2.879316,s-2.323691,s230.103259
193_89,s4.142602,s-0.247685,s338.630898
193_90,s-3.731807,s1.440005,s254.30311
193_91,s1.18635,s4.133107,s345.164607
193_92,s2.81654,s-2.979447,s229.20729
193_93,s2.077396,s-3.764894,s240.696507
193_94,s3.798107,s1.672389,s289.594995
193_95,s4.266966,s1.073779,s316.595207
193_96,s-0.576484,s4.311632,s139.266225
193_97,s-4.016726,s-1.04327,s38.835671
193_98,s-2.12813,s3.62092,s51.486677
193_99,s-1.605121,s-3.609167,s192.198402
193_100,s-2.057409,s-3.604105,s97.529507
193_101,s3.761321,s-1.501655,s322.282092
193_102,s-3.11213,s2.669204,s69.175553
193_103,s3.612748,s-2.92755,s264.083497
193_104,s0.498426,s-3.968825,s293.549509
193_105,s-0.944496,s-3.938328,s323.950988
193_106,s-3.905641,s2.02632,s347.918465
193_107,s-0.556445,s-4.213415,s160.216844
193_108,s2.546828,s3.709942,s354.774885
193_109,s1.068345,s-4.319854,s314.737555
193_110,s-4.401897,s0.652538,s141.517355
193_111,s-4.280539,s-2.280238,s210.497366
193_112,s-4.138004,s1.495634,s82.519476
193_113,s-3.417892,s-2.927117,s312.781521
193_114,s-2.909704,s-3.627137,s117.572004
193_115,s-4.641877,s-1.221873,s234.093079
193_116,s-2.427069,s-4.02484,s138.071358
193_117,s2.081235,s-4.269773,s189.529959
193_118,s3.980854,s-2.304951,s265.834882
193_119,s-2.96033,s3.714693,s115.258664
193_120,s-1.779767,s4.241748,s234.524682
193_121,s-1.286726,s-4.62432,s76.009566
193_122,s3.264641,s3.311287,s288.730364
193_123,s4.114851,s2.471437,s325.179175
193_124,s4.720079,s0.872271,s221.002385
193_125,s4.384339,s-1.391967,s299.380666
193_126,s1.752158,s4.090531,s286.453023
193_127,s-4.462163,s-1.768926,s154.229839
193_128,s0.734017,s4.541059,s318.775932
193_129,s-4.583828,s1.868428,s34.632312
193_130,s-2.338573,s4.305935,s39.713206
193_131,s1.88746,s4.684015,s270.206685
193_132,s1.262205,s-4.682877,s227.232629
193_133,s-4.334511,s2.492391,s352.874167
193_134,s-3.559659,s3.790624,s78.929621
193_135,s-0.766759,s4.890254,s249.746215
193_136,s-0.294598,s-4.841045,s149.263863
193_137,s-1.969752,s-4.758422,s143.794882
193_138,s-4.381645,s3.487289,s46.265183
193_139,s3.6284,s-3.794366,s69.325057
193_140,s-1.430746,s4.686466,s315.101227
193_141,s4.960701,s1.383455,s233.607032
193_142,s2.603502,s-4.501309,s241.388774
193_143,s1.087243,s-5.187283,s153.455227
193_144,s-5.067011,s1.168504,s273.564415
193_145,s-4.027343,s-3.209829,s97.458321
193_146,s-4.671143,s-2.709322,s128.431303
193_147,s4.792428,s-1.744315,s270.057346
193_148,s-3.338887,s4.180231,s16.404482
193_149,s3.012327,s4.360721,s349.97996
193_150,s4.497803,s-2.803528,s260.32087
193_151,s0.648022,s5.159464,s80.6762
193_152,s5.33706,s-1.103761,s8.069186
193_153,s1.294107,s5.242641,s288.174642
193_154,s-5.188682,s0.342899,s160.028066
193_155,s4.078141,s-3.46284,s295.524053
193_156,s-4.706081,s-0.644441,s83.281673
193_157,s-3.741977,s-3.962336,s152.01871
193_158,s-1.838983,s4.917381,s7.800502
193_159,s-1.054295,s5.448941,s50.331858
193_160,s4.480629,s3.441869,s118.553002
193_161,s-4.968278,s-1.845593,s73.634258
193_162,s3.683805,s-4.283933,s285.667762
193_163,s5.428609,s0.482389,s252.648033
193_164,s-5.573549,s-0.926313,s67.282553
193_165,s3.913991,s3.934866,s81.906352
193_166,s-0.95946,s-5.110718,s107.450386
193_167,s-5.387857,s1.331726,s114.30071
193_168,s5.416485,s1.7753,s56.616553
193_169,s-0.475438,s5.278632,s15.139094
193_170,s-2.812482,s-4.784605,s137.338988
193_171,s2.759988,s-5.044301,s209.866209
193_172,s4.99289,s2.535951,s247.817093
193_173,s0.498591,s5.878895,s226.818233
193_174,s1.892342,s5.746437,s355.038788
193_175,s-1.67392,s-5.605398,s207.38103
193_176,s3.823116,s4.62426,s229.297775
193_177,s5.391681,s-2.269861,s328.283221
193_178,s2.235368,s5.188991,s229.653485
193_179,s1.631875,s-5.565697,s300.30407
193_180,s4.968661,s2.992057,s330.852549
193_181,s-3.226921,s-4.453873,s116.028088
193_182,s-5.164734,s-2.290856,s100.771856
193_183,s-3.934338,s4.329375,s65.38668
193_184,s5.714412,s1.829071,s247.045419
193_185,s-1.042076,s6.010331,s356.831301
193_186,s-4.874886,s2.75599,s111.599446
193_187,s-3.128984,s5.060826,s201.536115
193_188,s-5.511682,s2.839253,s77.156119
193_189,s-2.232041,s5.515478,s82.514438
193_190,s-4.657127,s-4.168173,s346.458414
193_191,s-0.97322,s-5.616301,s188.398432
193_192,s3.374211,s-5.201413,s212.256981
194_0,s0.0,s0.0,s224.07799
194_1,s-0.148662,s0.371349,s324.138907
194_2,s-0.433521,s-0.120664,s43.560215
194_3,s0.190827,s-0.673487,s116.327727
194_4,s-0.913799,s-0.259751,s80.095038
194_5,s-0.447068,s0.663423,s97.607334
194_6,s-0.744268,s-0.590394,s194.56315
194_7,s-0.067394,s1.047835,s63.289603
194_8,s0.44541,s0.540009,s230.223708
194_9,s1.095233,s-0.350664,s121.948796
194_10,s0.734919,s-0.948627,s215.942255
194_11,s1.050575,s0.847816,s64.136372
194_12,s1.373843,s0.46374,s347.862517
194_13,s-1.245248,s-0.63981,s125.561183
194_14,s0.338793,s-1.306797,s194.028876
194_15,s-0.179821,s1.640172,s282.801172
194_16,s1.593643,s0.142487,s235.155091
194_17,s1.541295,s-0.929737,s310.83356
194_18,s-1.250661,s-1.151455,s199.265546
194_19,s0.914429,s1.373433,s12.198963
194_20,s-0.990518,s0.917264,s50.454835
194_21,s-1.575529,s0.490109,s161.451982
194_22,s-1.731787,s0.896333,s41.722179
194_23,s-0.4896,s-1.523251,s233.738856
194_24,s-0.59971,s1.855491,s332.670797
194_25,s2.195039,s0.14766,s276.378481
194_26,s-1.046984,s1.820391,s55.830495
194_27,s1.478226,s1.561201,s231.407036
194_28,s1.009852,s-1.784012,s287.529052
194_29,s-1.799898,s-1.265056,s121.541619
194_30,s-0.69012,s-2.088955,s218.237921
194_31,s0.424488,s-2.158659,s199.060667
194_32,s0.943868,s2.260888,s331.390383
194_33,s-1.284294,s-1.908033,s93.051652
194_34,s-2.436729,s1.041563,s178.101692
194_35,s1.524309,s-1.981535,s193.08367
194_36,s2.128314,s-1.213581,s173.42918
194_37,s2.21165,s1.36697,s351.856848
194_38,s-1.943709,s-0.471164,s76.317652
194_39,s-1.7889,s2.282507,s354.121861
194_40,s-1.783567,s1.605891,s35.245421
194_41,s2.363303,s0.957756,s214.713346
194_42,s-2.218369,s-0.915881,s115.824923
194_43,s-0.865964,s-2.715254,s242.256704
194_44,s-2.023115,s-2.215176,s153.40833
194_45,s1.539398,s2.157024,s334.41392
194_46,s-0.56078,s2.641122,s352.15862
194_47,s2.391934,s-0.883827,s342.58859
194_48,s0.539859,s2.798402,s102.03545
194_49,s3.14502,s0.590636,s36.746496
194_50,s2.864552,s-0.452045,s297.59072
194_51,s2.406737,s-1.790983,s273.36504
194_52,s1.057025,s-2.646733,s184.135559
194_53,s-2.394613,s1.635796,s356.642679
194_54,s-2.905277,s0.747906,s72.500196
194_55,s-1.029026,s-3.345311,s77.506439
194_56,s-1.077656,s2.311095,s6.634927
194_57,s2.682851,s1.650699,s294.589367
194_58,s-2.807388,s1.535765,s66.143347
194_59,s-2.910519,s-0.481016,s52.863442
194_60,s0.539087,s-3.30634,s246.659103
194_61,s3.046104,s-1.26935,s346.454119
194_62,s-2.508949,s-1.986246,s126.411505
194_63,s-2.93107,s-1.622137,s82.261795
194_64,s1.985035,s-2.445841,s275.447764
194_65,s1.200553,s3.340834,s100.302035
194_66,s-2.291591,s2.711294,s338.119892
194_67,s3.187388,s1.183451,s278.967592
194_68,s-1.447782,s3.131521,s10.710101
194_69,s-2.845785,s2.204883,s111.039982
194_70,s-3.328107,s0.382364,s87.537311
194_71,s2.227809,s2.226963,s330.431299
194_72,s-3.373023,s-2.055533,s83.431494
194_73,s3.579258,s-0.937503,s329.234523
194_74,s0.442226,s3.47195,s10.190142
194_75,s1.722208,s-3.331141,s137.944124
194_76,s-3.621853,s-0.452413,s186.833749
194_77,s1.977097,s3.068157,s345.225682
194_78,s-1.829454,s-3.042302,s93.900732
194_79,s3.253774,s-1.962895,s273.354185
194_80,s-0.325149,s3.786064,s131.920094
194_81,s-2.642866,s3.068837,s62.521798
194_82,s1.630583,s3.597735,s69.101863
194_83,s2.725321,s3.129716,s330.762874
194_84,s2.95204,s2.146616,s7.081862
194_85,s2.410285,s-2.872808,s153.463555
194_86,s3.471528,s2.181397,s335.572071
194_87,s-0.231783,s-3.29185,s231.091314
194_88,s2.879316,s-2.323691,s230.103259
194_89,s4.142602,s-0.247685,s338.630898
194_90,s-3.731807,s1.440005,s254.30311
194_91,s1.18635,s4.133107,s345.164607
194_92,s2.81654,s-2.979447,s229.20729
194_93,s2.077396,s-3.764894,s240.696507
194_94,s3.798107,s1.672389,s289.594995
194_95,s4.266966,s1.073779,s316.595207
194_96,s-0.576484,s4.311632,s139.266225
194_97,s-4.016726,s-1.04327,s38.835671
194_98,s-2.12813,s3.62092,s51.486677
194_99,s-1.605121,s-3.609167,s192.198402
194_100,s-2.057409,s-3.604105,s97.529507
194_101,s3.761321,s-1.501655,s322.282092
194_102,s-3.11213,s2.669204,s69.175553
194_103,s3.612748,s-2.92755,s264.083497
194_104,s0.498426,s-3.968825,s293.549509
194_105,s-0.944496,s-3.938328,s323.950988
194_106,s-3.905641,s2.02632,s347.918465
194_107,s-0.556445,s-4.213415,s160.216844
194_108,s2.546828,s3.709942,s354.774885
194_109,s1.068345,s-4.319854,s314.737555
194_110,s-4.401897,s0.652538,s141.517355
194_111,s-4.280539,s-2.280238,s210.497366
194_112,s-4.138004,s1.495634,s82.519476
194_113,s-3.417892,s-2.927117,s312.781521
194_114,s-2.909704,s-3.627137,s117.572004
194_115,s-4.641877,s-1.221873,s234.093079
194_116,s-2.427069,s-4.02484,s138.071358
194_117,s2.081235,s-4.269773,s189.529959
194_118,s3.980854,s-2.304951,s265.834882
194_119,s-2.96033,s3.714693,s115.258664
194_120,s-1.779767,s4.241748,s234.524682
194_121,s-1.286726,s-4.62432,s76.009566
194_122,s3.264641,s3.311287,s288.730364
194_123,s4.114851,s2.471437,s325.179175
194_124,s4.720079,s0.872271,s221.002385
194_125,s4.384339,s-1.391967,s299.380666
194_126,s1.752158,s4.090531,s286.453023
194_127,s-4.462163,s-1.768926,s154.229839
194_128,s0.734017,s4.541059,s318.775932
194_129,s-4.583828,s1.868428,s34.632312
194_130,s-2.338573,s4.305935,s39.713206
194_131,s1.88746,s4.684015,s270.206685
194_132,s1.262205,s-4.682877,s227.232629
194_133,s-4.334511,s2.492391,s352.874167
194_134,s-3.559659,s3.790624,s78.929621
194_135,s-0.766759,s4.890254,s249.746215
194_136,s-0.294598,s-4.841045,s149.263863
194_137,s-1.969752,s-4.758422,s143.794882
194_138,s-4.381645,s3.487289,s46.265183
194_139,s3.6284,s-3.794366,s69.325057
194_140,s-1.430746,s4.686466,s315.101227
194_141,s4.960701,s1.383455,s233.607032
194_142,s2.603502,s-4.501309,s241.388774
194_143,s1.087243,s-5.187283,s153.455227
194_144,s-5.067011,s1.168504,s273.564415
194_145,s-4.027343,s-3.209829,s97.458321
194_146,s-4.671143,s-2.709322,s128.431303
194_147,s4.792428,s-1.744315,s270.057346
194_148,s-3.338887,s4.180231,s16.404482
194_149,s3.012327,s4.360721,s349.97996
194_150,s4.497803,s-2.803528,s260.32087
194_151,s0.648022,s5.159464,s80.6762
194_152,s5.33706,s-1.103761,s8.069186
194_153,s1.294107,s5.242641,s288.174642
194_154,s-5.188682,s0.342899,s160.028066
194_155,s4.078141,s-3.46284,s295.524053
194_156,s-4.706081,s-0.644441,s83.281673
194_157,s-3.741977,s-3.962336,s152.01871
194_158,s-1.838983,s4.917381,s7.800502
194_159,s-1.054295,s5.448941,s50.331858
194_160,s4.480629,s3.441869,s118.553002
194_161,s-4.968278,s-1.845593,s73.634258
194_162,s3.683805,s-4.283933,s285.667762
194_163,s5.428609,s0.482389,s252.648033
194_164,s-5.573549,s-0.926313,s67.282553
194_165,s3.913991,s3.934866,s81.906352
194_166,s-0.95946,s-5.110718,s107.450386
194_167,s-5.387857,s1.331726,s114.30071
194_168,s5.416485,s1.7753,s56.616553
194_169,s-0.475438,s5.278632,s15.139094
194_170,s-2.812482,s-4.784605,s137.338988
194_171,s2.759988,s-5.044301,s209.866209
194_172,s4.99289,s2.535951,s247.817093
194_173,s0.498591,s5.878895,s226.818233
194_174,s1.892342,s5.746437,s355.038788
194_175,s-1.67392,s-5.605398,s207.38103
194_176,s3.823116,s4.62426,s229.297775
194_177,s5.391681,s-2.269861,s328.283221
194_178,s2.235368,s5.188991,s229.653485
194_179,s1.631875,s-5.565697,s300.30407
194_180,s4.968661,s2.992057,s330.852549
194_181,s-3.226921,s-4.453873,s116.028088
194_182,s-5.164734,s-2.290856,s100.771856
194_183,s-3.934338,s4.329375,s65.38668
194_184,s5.714412,s1.829071,s247.045419
194_185,s-1.042076,s6.010331,s356.831301
194_186,s-4.874886,s2.75599,s111.599446
194_187,s-3.128984,s5.060826,s201.536115
194_188,s-5.511682,s2.839253,s77.156119
194_189,s-2.232041,s5.515478,s82.514438
194_190,s-4.657127,s-4.168173,s346.458414
194_191,s-0.97322,s-5.616301,s188.398432
194_192,s3.374211,s-5.201413,s212.256981
194_193,s-2.22999,s-5.516307,s162.385501
195_0,s0.0,s0.0,s224.07799
195_1,s-0.148662,s0.371349,s324.138907
195_2,s-0.433521,s-0.120664,s43.560215
195_3,s0.190827,s-0.673487,s116.327727
195_4,s-0.913799,s-0.259751,s80.095038
195_5,s-0.447068,s0.663423,s97.607334
195_6,s-0.744268,s-0.590394,s194.56315
195_7,s-0.067394,s1.047835,s63.289603
195_8,s0.44541,s0.540009,s230.223708
195_9,s1.095233,s-0.350664,s121.948796
195_10,s0.734919,s-0.948627,s215.942255
195_11,s1.050575,s0.847816,s64.136372
195_12,s1.373843,s0.46374,s347.862517
195_13,s-1.245248,s-0.63981,s125.561183
195_14,s0.338793,s-1.306797,s194.028876
195_15,s-0.179821,s1.640172,s282.801172
195_16,s1.593643,s0.142487,s235.155091
195_17,s1.541295,s-0.929737,s310.83356
195_18,s-1.250661,s-1.151455,s199.265546
195_19,s0.914429,s1.373433,s12.198963
195_20,s-0.990518,s0.917264,s50.454835
195_21,s-1.575529,s0.490109,s161.451982
195_22,s-1.731787,s0.896333,s41.722179
195_23,s-0.4896,s-1.523251,s233.738856
195_24,s-0.59971,s1.855491,s332.670797
195_25,s2.195039,s0.14766,s276.378481
195_26,s-1.046984,s1.820391,s55.830495
195_27,s1.478226,s1.561201,s231.407036
195_28,s1.009852,s-1.784012,s287.529052
195_29,s-1.799898,s-1.265056,s121.541619
195_30,s-0.69012,s-2.088955,s218.237921
195_31,s0.424488,s-2.158659,s199.060667
195_32,s0.943868,s2.260888,s331.390383
195_33,s-1.284294,s-1.908033,s93.051652
195_34,s-2.436729,s1.041563,s178.101692
195_35,s1.524309,s-1.981535,s193.08367
195_36,s2.128314,s-1.213581,s173.42918
195_37,s2.21165,s1.36697,s351.856848
195_38,s-1.943709,s-0.471164,s76.317652
195_39,s-1.7889,s2.282507,s354.121861
195_40,s-1.783567,s1.605891,s35.245421
195_41,s2.363303,s0.957756,s214.713346
195_42,s-2.218369,s-0.915881,s115.824923
195_43,s-0.865964,s-2.715254,s242.256704
195_44,s-2.023115,s-2.215176,s153.40833
195_45,s1.539398,s2.157024,s334.41392
195_46,s-0.56078,s2.641122,s352.15862
195_47,s2.391934,s-0.883827,s342.58859
195_48,s0.539859,s2.798402,s102.03545
195_49,s3.14502,s0.590636,s36.746496
195_50,s2.864552,s-0.452045,s297.59072
195_51,s2.406737,s-1.790983,s273.36504
195_52,s1.057025,s-2.646733,s184.135559
195_53,s-2.394613,s1.635796,s356.642679
195_54,s-2.905277,s0.747906,s72.500196
195_55,s-1.029026,s-3.345311,s77.506439
195_56,s-1.077656,s2.311095,s6.634927
195_57,s2.682851,s1.650699,s294.589367
195_58,s-2.807388,s1.535765,s66.143347
195_59,s-2.910519,s-0.481016,s52.863442
195_60,s0.539087,s-3.30634,s246.659103
195_61,s3.046104,s-1.26935,s346.454119
195_62,s-2.508949,s-1.986246,s126.411505
195_63,s-2.93107,s-1.622137,s82.261795
195_64,s1.985035,s-2.445841,s275.447764
195_65,s1.200553,s3.340834,s100.302035
195_66,s-2.291591,s2.711294,s338.119892
195_67,s3.187388,s1.183451,s278.967592
195_68,s-1.447782,s3.131521,s10.710101
195_69,s-2.845785,s2.204883,s111.039982
195_70,s-3.328107,s0.382364,s87.537311
195_71,s2.227809,s2.226963,s330.431299
195_72,s-3.373023,s-2.055533,s83.431494
195_73,s3.579258,s-0.937503,s329.234523
195_74,s0.442226,s3.47195,s10.190142
195_75,s1.722208,s-3.331141,s137.944124
195_76,s-3.621853,s-0.452413,s186.833749
195_77,s1.977097,s3.068157,s345.225682
195_78,s-1.829454,s-3.042302,s93.900732
195_79,s3.253774,s-1.962895,s273.354185
195_80,s-0.325149,s3.786064,s131.920094
195_81,s-2.642866,s3.068837,s62.521798
195_82,s1.630583,s3.597735,s69.101863
195_83,s2.725321,s3.129716,s330.762874
195_84,s2.95204,s2.146616,s7.081862
195_85,s2.410285,s-2.872808,s153.463555
195_86,s3.471528,s2.181397,s335.572071
195_87,s-0.231783,s-3.29185,s231.091314
195_88,s2.879316,s-2.323691,s230.103259
195_89,s4.142602,s-0.247685,s338.630898
195_90,s-3.731807,s1.440005,s254.30311
195_91,s1.18635,s4.133107,s345.164607
195_92,s2.81654,s-2.979447,s229.20729
195_93,s2.077396,s-3.764894,s240.696507
195_94,s3.798107,s1.672389,s289.594995
195_95,s4.266966,s1.073779,s316.595207
195_96,s-0.576484,s4.311632,s139.266225
195_97,s-4.016726,s-1.04327,s38.835671
195_98,s-2.12813,s3.62092,s51.486677
195_99,s-1.605121,s-3.609167,s192.198402
195_100,s-2.057409,s-3.604105,s97.529507
195_101,s3.761321,s-1.501655,s322.282092
195_102,s-3.11213,s2.669204,s69.175553
195_103,s3.612748,s-2.92755,s264.083497
195_104,s0.498426,s-3.968825,s293.549509
195_105,s-0.944496,s-3.938328,s323.950988
195_106,s-3.905641,s2.02632,s347.918465
195_107,s-0.556445,s-4.213415,s160.216844
195_108,s2.546828,s3.709942,s354.774885
195_109,s1.068345,s-4.319854,s314.737555
195_110,s-4.401897,s0.652538,s141.517355
195_111,s-4.280539,s-2.280238,s210.497366
195_112,s-4.138004,s1.495634,s82.519476
195_113,s-3.417892,s-2.927117,s312.781521
195_114,s-2.909704,s-3.627137,s117.572004
195_115,s-4.641877,s-1.221873,s234.093079
195_116,s-2.427069,s-4.02484,s138.071358
195_117,s2.081235,s-4.269773,s189.529959
195_118,s3.980854,s-2.304951,s265.834882
195_119,s-2.96033,s3.714693,s115.258664
195_120,s-1.779767,s4.241748,s234.524682
195_121,s-1.286726,s-4.62432,s76.009566
195_122,s3.264641,s3.311287,s288.730364
195_123,s4.114851,s2.471437,s325.179175
195_124,s4.720079,s0.872271,s221.002385
195_125,s4.384339,s-1.391967,s299.380666
195_126,s1.752158,s4.090531,s286.453023
195_127,s-4.462163,s-1.768926,s154.229839
195_128,s0.734017,s4.541059,s318.775932
195_129,s-4.583828,s1.868428,s34.632312
195_130,s-2.338573,s4.305935,s39.713206
195_131,s1.88746,s4.684015,s270.206685
195_132,s1.262205,s-4.682877,s227.232629
195_133,s-4.334511,s2.492391,s352.874167
195_134,s-3.559659,s3.790624,s78.929621
195_135,s-0.766759,s4.890254,s249.746215
195_136,s-0.294598,s-4.841045,s149.263863
195_137,s-1.969752,s-4.758422,s143.794882
195_138,s-4.381645,s3.487289,s46.265183
195_139,s3.6284,s-3.794366,s69.325057
195_140,s-1.430746,s4.686466,s315.101227
195_141,s4.960701,s1.383455,s233.607032
195_142,s2.603502,s-4.501309,s241.388774
195_143,s1.087243,s-5.187283,s153.455227
195_144,s-5.067011,s1.168504,s273.564415
195_145,s-4.027343,s-3.209829,s97.458321
195_146,s-4.671143,s-2.709322,s128.431303
195_147,s4.792428,s-1.744315,s270.057346
195_148,s-3.338887,s4.180231,s16.404482
195_149,s3.012327,s4.360721,s349.97996
195_150,s4.497803,s-2.803528,s260.32087
195_151,s0.648022,s5.159464,s80.6762
195_152,s5.33706,s-1.103761,s8.069186
195_153,s1.294107,s5.242641,s288.174642
195_154,s-5.188682,s0.342899,s160.028066
195_155,s4.078141,s-3.46284,s295.524053
195_156,s-4.706081,s-0.644441,s83.281673
195_157,s-3.741977,s-3.962336,s152.01871
195_158,s-1.838983,s4.917381,s7.800502
195_159,s-1.054295,s5.448941,s50.331858
195_160,s4.480629,s3.441869,s118.553002
195_161,s-4.968278,s-1.845593,s73.634258
195_162,s3.683805,s-4.283933,s285.667762
195_163,s5.428609,s0.482389,s252.648033
195_164,s-5.573549,s-0.926313,s67.282553
195_165,s3.913991,s3.934866,s81.906352
195_166,s-0.95946,s-5.110718,s107.450386
195_167,s-5.387857,s1.331726,s114.30071
195_168,s5.416485,s1.7753,s56.616553
195_169,s-0.475438,s5.278632,s15.139094
195_170,s-2.812482,s-4.784605,s137.338988
195_171,s2.759988,s-5.044301,s209.866209
195_172,s4.99289,s2.535951,s247.817093
195_173,s0.498591,s5.878895,s226.818233
195_174,s1.892342,s5.746437,s355.038788
195_175,s-1.67392,s-5.605398,s207.38103
195_176,s3.823116,s4.62426,s229.297775
195_177,s5.391681,s-2.269861,s328.283221
195_178,s2.235368,s5.188991,s229.653485
195_179,s1.631875,s-5.565697,s300.30407
195_180,s4.968661,s2.992057,s330.852549
195_181,s-3.226921,s-4.453873,s116.028088
195_182,s-5.164734,s-2.290856,s100.771856
195_183,s-3.934338,s4.329375,s65.38668
195_184,s5.714412,s1.829071,s247.045419
195_185,s-1.042076,s6.010331,s356.831301
195_186,s-4.874886,s2.75599,s111.599446
195_187,s-3.128984,s5.060826,s201.536115
195_188,s-5.511682,s2.839253,s77.156119
195_189,s-2.232041,s5.515478,s82.514438
195_190,s-4.657127,s-4.168173,s346.458414
195_191,s-0.97322,s-5.616301,s188.398432
195_192,s3.374211,s-5.201413,s212.256981
195_193,s-2.22999,s-5.516307,s162.385501
195_194,s4.544782,s-3.683403,s235.237894
196_0,s0.0,s0.0,s224.07799
196_1,s-0.148662,s0.371349,s324.138907
196_2,s-0.433521,s-0.120664,s43.560215
196_3,s0.190827,s-0.673487,s116.327727
196_4,s-0.913799,s-0.259751,s80.095038
196_5,s-0.447068,s0.663423,s97.607334
196_6,s-0.744268,s-0.590394,s194.56315
196_7,s-0.067394,s1.047835,s63.289603
196_8,s0.44541,s0.540009,s230.223708
196_9,s1.095233,s-0.350664,s121.948796
196_10,s0.734919,s-0.948627,s215.942255
196_11,s1.050575,s0.847816,s64.136372
196_12,s1.373843,s0.46374,s347.862517
196_13,s-1.245248,s-0.63981,s125.561183
196_14,s0.338793,s-1.306797,s194.028876
196_15,s-0.179821,s1.640172,s282.801172
196_16,s1.593643,s0.142487,s235.155091
196_17,s1.541295,s-0.929737,s310.83356
196_18,s-1.250661,s-1.151455,s199.265546
196_19,s0.914429,s1.373433,s12.198963
196_20,s-0.990518,s0.917264,s50.454835
196_21,s-1.575529,s0.490109,s161.451982
196_22,s-1.731787,s0.896333,s41.722179
196_23,s-0.4896,s-1.523251,s233.738856
196_24,s-0.59971,s1.855491,s332.670797
196_25,s2.195039,s0.14766,s276.378481
196_26,s-1.046984,s1.820391,s55.830495
196_27,s1.478226,s1.561201,s231.407036
196_28,s1.009852,s-1.784012,s287.529052
196_29,s-1.799898,s-1.265056,s121.541619
196_30,s-0.69012,s-2.088955,s218.237921
196_31,s0.424488,s-2.158659,s199.060667
196_32,s0.943868,s2.260888,s331.390383
196_33,s-1.284294,s-1.908033,s93.051652
196_34,s-2.436729,s1.041563,s178.101692
196_35,s1.524309,s-1.981535,s193.08367
196_36,s2.128314,s-1.213581,s173.42918
196_37,s2.21165,s1.36697,s351.856848
196_38,s-1.943709,s-0.471164,s76.317652
196_39,s-1.7889,s2.282507,s354.121861
196_40,s-1.783567,s1.605891,s35.245421
196_41,s2.363303,s0.957756,s214.713346
196_42,s-2.218369,s-0.915881,s115.824923
196_43,s-0.865964,s-2.715254,s242.256704
196_44,s-2.023115,s-2.215176,s153.40833
196_45,s1.539398,s2.157024,s334.41392
196_46,s-0.56078,s2.641122,s352.15862
196_47,s2.391934,s-0.883827,s342.58859
196_48,s0.539859,s2.798402,s102.03545
196_49,s3.14502,s0.590636,s36.746496
196_50,s2.864552,s-0.452045,s297.59072
196_51,s2.406737,s-1.790983,s273.36504
196_52,s1.057025,s-2.646733,s184.135559
196_53,s-2.394613,s1.635796,s356.642679
196_54,s-2.905277,s0.747906,s72.500196
196_55,s-1.029026,s-3.345311,s77.506439
196_56,s-1.077656,s2.311095,s6.634927
196_57,s2.682851,s1.650699,s294.589367
196_58,s-2.807388,s1.535765,s66.143347
196_59,s-2.910519,s-0.481016,s52.863442
196_60,s0.539087,s-3.30634,s246.659103
196_61,s3.046104,s-1.26935,s346.454119
196_62,s-2.508949,s-1.986246,s126.411505
196_63,s-2.93107,s-1.622137,s82.261795
196_64,s1.985035,s-2.445841,s275.447764
196_65,s1.200553,s3.340834,s100.302035
196_66,s-2.291591,s2.711294,s338.119892
196_67,s3.187388,s1.183451,s278.967592
196_68,s-1.447782,s3.131521,s10.710101
196_69,s-2.845785,s2.204883,s111.039982
196_70,s-3.328107,s0.382364,s87.537311
196_71,s2.227809,s2.226963,s330.431299
196_72,s-3.373023,s-2.055533,s83.431494
196_73,s3.579258,s-0.937503,s329.234523
196_74,s0.442226,s3.47195,s10.190142
196_75,s1.722208,s-3.331141,s137.944124
196_76,s-3.621853,s-0.452413,s186.833749
196_77,s1.977097,s3.068157,s345.225682
196_78,s-1.829454,s-3.042302,s93.900732
196_79,s3.253774,s-1.962895,s273.354185
196_80,s-0.325149,s3.786064,s131.920094
196_81,s-2.642866,s3.068837,s62.521798
196_82,s1.630583,s3.597735,s69.101863
196_83,s2.725321,s3.129716,s330.762874
196_84,s2.95204,s2.146616,s7.081862
196_85,s2.410285,s-2.872808,s153.463555
196_86,s3.471528,s2.181397,s335.572071
196_87,s-0.231783,s-3.29185,s231.091314
196_88,s2.879316,s-2.323691,s230.103259
196_89,s4.142602,s-0.247685,s338.630898
196_90,s-3.731807,s1.440005,s254.30311
196_91,s1.18635,s4.133107,s345.164607
196_92,s2.81654,s-2.979447,s229.20729
196_93,s2.077396,s-3.764894,s240.696507
196_94,s3.798107,s1.672389,s289.594995
196_95,s4.266966,s1.073779,s316.595207
196_96,s-0.576484,s4.311632,s139.266225
196_97,s-4.016726,s-1.04327,s38.835671
196_98,s-2.12813,s3.62092,s51.486677
196_99,s-1.605121,s-3.609167,s192.198402
196_100,s-2.057409,s-3.604105,s97.529507
196_101,s3.761321,s-1.501655,s322.282092
196_102,s-3.11213,s2.669204,s69.175553
196_103,s3.612748,s-2.92755,s264.083497
196_104,s0.498426,s-3.968825,s293.549509
196_105,s-0.944496,s-3.938328,s323.950988
196_106,s-3.905641,s2.02632,s347.918465
196_107,s-0.556445,s-4.213415,s160.216844
196_108,s2.546828,s3.709942,s354.774885
196_109,s1.068345,s-4.319854,s314.737555
196_110,s-4.401897,s0.652538,s141.517355
196_111,s-4.280539,s-2.280238,s210.497366
196_112,s-4.138004,s1.495634,s82.519476
196_113,s-3.417892,s-2.927117,s312.781521
196_114,s-2.909704,s-3.627137,s117.572004
196_115,s-4.641877,s-1.221873,s234.093079
196_116,s-2.427069,s-4.02484,s138.071358
196_117,s2.081235,s-4.269773,s189.529959
196_118,s3.980854,s-2.304951,s265.834882
196_119,s-2.96033,s3.714693,s115.258664
196_120,s-1.779767,s4.241748,s234.524682
196_121,s-1.286726,s-4.62432,s76.009566
196_122,s3.264641,s3.311287,s288.730364
196_123,s4.114851,s2.471437,s325.179175
196_124,s4.720079,s0.872271,s221.002385
196_125,s4.384339,s-1.391967,s299.380666
196_126,s1.752158,s4.090531,s286.453023
196_127,s-4.462163,s-1.768926,s154.229839
196_128,s0.734017,s4.541059,s318.775932
196_129,s-4.583828,s1.868428,s34.632312
196_130,s-2.338573,s4.305935,s39.713206
196_131,s1.88746,s4.684015,s270.206685
196_132,s1.262205,s-4.682877,s227.232629
196_133,s-4.334511,s2.492391,s352.874167
196_134,s-3.559659,s3.790624,s78.929621
196_135,s-0.766759,s4.890254,s249.746215
196_136,s-0.294598,s-4.841045,s149.263863
196_137,s-1.969752,s-4.758422,s143.794882
196_138,s-4.381645,s3.487289,s46.265183
196_139,s3.6284,s-3.794366,s69.325057
196_140,s-1.430746,s4.686466,s315.101227
196_141,s4.960701,s1.383455,s233.607032
196_142,s2.603502,s-4.501309,s241.388774
196_143,s1.087243,s-5.187283,s153.455227
196_144,s-5.067011,s1.168504,s273.564415
196_145,s-4.027343,s-3.209829,s97.458321
196_146,s-4.671143,s-2.709322,s128.431303
196_147,s4.792428,s-1.744315,s270.057346
196_148,s-3.338887,s4.180231,s16.404482
196_149,s3.012327,s4.360721,s349.97996
196_150,s4.497803,s-2.803528,s260.32087
196_151,s0.648022,s5.159464,s80.6762
196_152,s5.33706,s-1.103761,s8.069186
196_153,s1.294107,s5.242641,s288.174642
196_154,s-5.188682,s0.342899,s160.028066
196_155,s4.078141,s-3.46284,s295.524053
196_156,s-4.706081,s-0.644441,s83.281673
196_157,s-3.741977,s-3.962336,s152.01871
196_158,s-1.838983,s4.917381,s7.800502
196_159,s-1.054295,s5.448941,s50.331858
196_160,s4.480629,s3.441869,s118.553002
196_161,s-4.968278,s-1.845593,s73.634258
196_162,s3.683805,s-4.283933,s285.667762
196_163,s5.428609,s0.482389,s252.648033
196_164,s-5.573549,s-0.926313,s67.282553
196_165,s3.913991,s3.934866,s81.906352
196_166,s-0.95946,s-5.110718,s107.450386
196_167,s-5.387857,s1.331726,s114.30071
196_168,s5.416485,s1.7753,s56.616553
196_169,s-0.475438,s5.278632,s15.139094
196_170,s-2.812482,s-4.784605,s137.338988
196_171,s2.759988,s-5.044301,s209.866209
196_172,s4.99289,s2.535951,s247.817093
196_173,s0.498591,s5.878895,s226.818233
196_174,s1.892342,s5.746437,s355.038788
196_175,s-1.67392,s-5.605398,s207.38103
196_176,s3.823116,s4.62426,s229.297775
196_177,s5.391681,s-2.269861,s328.283221
196_178,s2.235368,s5.188991,s229.653485
196_179,s1.631875,s-5.565697,s300.30407
196_180,s4.968661,s2.992057,s330.852549
196_181,s-3.226921,s-4.453873,s116.028088
196_182,s-5.164734,s-2.290856,s100.771856
196_183,s-3.934338,s4.329375,s65.38668
196_184,s5.714412,s1.829071,s247.045419
196_185,s-1.042076,s6.010331,s356.831301
196_186,s-4.874886,s2.75599,s111.599446
196_187,s-3.128984,s5.060826,s201.536115
196_188,s-5.511682,s2.839253,s77.156119
196_189,s-2.232041,s5.515478,s82.514438
196_190,s-4.657127,s-4.168173,s346.458414
196_191,s-0.97322,s-5.616301,s188.398432
196_192,s3.374211,s-5.201413,s212.256981
196_193,s-2.22999,s-5.516307,s162.385501
196_194,s4.544782,s-3.683403,s235.237894
196_195,s4.963469,s3.71537,s67.687062
197_0,s0.0,s0.0,s224.07799
197_1,s-0.148662,s0.371349,s324.138907
197_2,s-0.433521,s-0.120664,s43.560215
197_3,s0.190827,s-0.673487,s116.327727
197_4,s-0.913799,s-0.259751,s80.095038
197_5,s-0.447068,s0.663423,s97.607334
197_6,s-0.744268,s-0.590394,s194.56315
197_7,s-0.067394,s1.047835,s63.289603
197_8,s0.44541,s0.540009,s230.223708
197_9,s1.095233,s-0.350664,s121.948796
197_10,s0.734919,s-0.948627,s215.942255
197_11,s1.050575,s0.847816,s64.136372
197_12,s1.373843,s0.46374,s347.862517
197_13,s-1.245248,s-0.63981,s125.561183
197_14,s0.338793,s-1.306797,s194.028876
197_15,s-0.179821,s1.640172,s282.801172
197_16,s1.593643,s0.142487,s235.155091
197_17,s1.541295,s-0.929737,s310.83356
197_18,s-1.250661,s-1.151455,s199.265546
197_19,s0.914429,s1.373433,s12.198963
197_20,s-0.990518,s0.917264,s50.454835
197_21,s-1.575529,s0.490109,s161.451982
197_22,s-1.731787,s0.896333,s41.722179
197_23,s-0.4896,s-1.523251,s233.738856
197_24,s-0.59971,s1.855491,s332.670797
197_25,s2.195039,s0.14766,s276.378481
197_26,s-1.046984,s1.820391,s55.830495
197_27,s1.478226,s1.561201,s231.407036
197_28,s1.009852,s-1.784012,s287.529052
197_29,s-1.799898,s-1.265056,s121.541619
197_30,s-0.69012,s-2.088955,s218.237921
197_31,s0.424488,s-2.158659,s199.060667
197_32,s0.943868,s2.260888,s331.390383
197_33,s-1.284294,s-1.908033,s93.051652
197_34,s-2.436729,s1.041563,s178.101692
197_35,s1.524309,s-1.981535,s193.08367
197_36,s2.128314,s-1.213581,s173.42918
197_37,s2.21165,s1.36697,s351.856848
197_38,s-1.943709,s-0.471164,s76.317652
197_39,s-1.7889,s2.282507,s354.121861
197_40,s-1.783567,s1.605891,s35.245421
197_41,s2.363303,s0.957756,s214.713346
197_42,s-2.218369,s-0.915881,s115.824923
197_43,s-0.865964,s-2.715254,s242.256704
197_44,s-2.023115,s-2.215176,s153.40833
197_45,s1.539398,s2.157024,s334.41392
197_46,s-0.56078,s2.641122,s352.15862
197_47,s2.391934,s-0.883827,s342.58859
197_48,s0.539859,s2.798402,s102.03545
197_49,s3.14502,s0.590636,s36.746496
197_50,s2.864552,s-0.452045,s297.59072
197_51,s2.406737,s-1.790983,s273.36504
197_52,s1.057025,s-2.646733,s184.135559
197_53,s-2.394613,s1.635796,s356.642679
197_54,s-2.905277,s0.747906,s72.500196
197_55,s-1.029026,s-3.345311,s77.506439
197_56,s-1.077656,s2.311095,s6.634927
197_57,s2.682851,s1.650699,s294.589367
197_58,s-2.807388,s1.535765,s66.143347
197_59,s-2.910519,s-0.481016,s52.863442
197_60,s0.539087,s-3.30634,s246.659103
197_61,s3.046104,s-1.26935,s346.454119
197_62,s-2.508949,s-1.986246,s126.411505
197_63,s-2.93107,s-1.622137,s82.261795
197_64,s1.985035,s-2.445841,s275.447764
197_65,s1.200553,s3.340834,s100.302035
197_66,s-2.291591,s2.711294,s338.119892
197_67,s3.187388,s1.183451,s278.967592
197_68,s-1.447782,s3.131521,s10.710101
197_69,s-2.845785,s2.204883,s111.039982
197_70,s-3.328107,s0.382364,s87.537311
197_71,s2.227809,s2.226963,s330.431299
197_72,s-3.373023,s-2.055533,s83.431494
197_73,s3.579258,s-0.937503,s329.234523
197_74,s0.442226,s3.47195,s10.190142
197_75,s1.722208,s-3.331141,s137.944124
197_76,s-3.621853,s-0.452413,s186.833749
197_77,s1.977097,s3.068157,s345.225682
197_78,s-1.829454,s-3.042302,s93.900732
197_79,s3.253774,s-1.962895,s273.354185
197_80,s-0.325149,s3.786064,s131.920094
197_81,s-2.642866,s3.068837,s62.521798
197_82,s1.630583,s3.597735,s69.101863
197_83,s2.725321,s3.129716,s330.762874
197_84,s2.95204,s2.146616,s7.081862
197_85,s2.410285,s-2.872808,s153.463555
197_86,s3.471528,s2.181397,s335.572071
197_87,s-0.231783,s-3.29185,s231.091314
197_88,s2.879316,s-2.323691,s230.103259
197_89,s4.142602,s-0.247685,s338.630898
197_90,s-3.731807,s1.440005,s254.30311
197_91,s1.18635,s4.133107,s345.164607
197_92,s2.81654,s-2.979447,s229.20729
197_93,s2.077396,s-3.764894,s240.696507
197_94,s3.798107,s1.672389,s289.594995
197_95,s4.266966,s1.073779,s316.595207
197_96,s-0.576484,s4.311632,s139.266225
197_97,s-4.016726,s-1.04327,s38.835671
197_98,s-2.12813,s3.62092,s51.486677
197_99,s-1.605121,s-3.609167,s192.198402
197_100,s-2.057409,s-3.604105,s97.529507
197_101,s3.761321,s-1.501655,s322.282092
197_102,s-3.11213,s2.669204,s69.175553
197_103,s3.612748,s-2.92755,s264.083497
197_104,s0.498426,s-3.968825,s293.549509
197_105,s-0.944496,s-3.938328,s323.950988
197_106,s-3.905641,s2.02632,s347.918465
197_107,s-0.556445,s-4.213415,s160.216844
197_108,s2.546828,s3.709942,s354.774885
197_109,s1.068345,s-4.319854,s314.737555
197_110,s-4.401897,s0.652538,s141.517355
197_111,s-4.280539,s-2.280238,s210.497366
197_112,s-4.138004,s1.495634,s82.519476
197_113,s-3.417892,s-2.927117,s312.781521
197_114,s-2.909704,s-3.627137,s117.572004
197_115,s-4.641877,s-1.221873,s234.093079
197_116,s-2.427069,s-4.02484,s138.071358
197_117,s2.081235,s-4.269773,s189.529959
197_118,s3.980854,s-2.304951,s265.834882
197_119,s-2.96033,s3.714693,s115.258664
197_120,s-1.779767,s4.241748,s234.524682
197_121,s-1.286726,s-4.62432,s76.009566
197_122,s3.264641,s3.311287,s288.730364
197_123,s4.114851,s2.471437,s325.179175
197_124,s4.720079,s0.872271,s221.002385
197_125,s4.384339,s-1.391967,s299.380666
197_126,s1.752158,s4.090531,s286.453023
197_127,s-4.462163,s-1.768926,s154.229839
197_128,s0.734017,s4.541059,s318.775932
197_129,s-4.583828,s1.868428,s34.632312
197_130,s-2.338573,s4.305935,s39.713206
197_131,s1.88746,s4.684015,s270.206685
197_132,s1.262205,s-4.682877,s227.232629
197_133,s-4.334511,s2.492391,s352.874167
197_134,s-3.559659,s3.790624,s78.929621
197_135,s-0.766759,s4.890254,s249.746215
197_136,s-0.294598,s-4.841045,s149.263863
197_137,s-1.969752,s-4.758422,s143.794882
197_138,s-4.381645,s3.487289,s46.265183
197_139,s3.6284,s-3.794366,s69.325057
197_140,s-1.430746,s4.686466,s315.101227
197_141,s4.960701,s1.383455,s233.607032
197_142,s2.603502,s-4.501309,s241.388774
197_143,s1.087243,s-5.187283,s153.455227
197_144,s-5.067011,s1.168504,s273.564415
197_145,s-4.027343,s-3.209829,s97.458321
197_146,s-4.671143,s-2.709322,s128.431303
197_147,s4.792428,s-1.744315,s270.057346
197_148,s-3.338887,s4.180231,s16.404482
197_149,s3.012327,s4.360721,s349.97996
197_150,s4.497803,s-2.803528,s260.32087
197_151,s0.648022,s5.159464,s80.6762
197_152,s5.33706,s-1.103761,s8.069186
197_153,s1.294107,s5.242641,s288.174642
197_154,s-5.188682,s0.342899,s160.028066
197_155,s4.078141,s-3.46284,s295.524053
197_156,s-4.706081,s-0.644441,s83.281673
197_157,s-3.741977,s-3.962336,s152.01871
197_158,s-1.838983,s4.917381,s7.800502
197_159,s-1.054295,s5.448941,s50.331858
197_160,s4.480629,s3.441869,s118.553002
197_161,s-4.968278,s-1.845593,s73.634258
197_162,s3.683805,s-4.283933,s285.667762
197_163,s5.428609,s0.482389,s252.648033
197_164,s-5.573549,s-0.926313,s67.282553
197_165,s3.913991,s3.934866,s81.906352
197_166,s-0.95946,s-5.110718,s107.450386
197_167,s-5.387857,s1.331726,s114.30071
197_168,s5.416485,s1.7753,s56.616553
197_169,s-0.475438,s5.278632,s15.139094
197_170,s-2.812482,s-4.784605,s137.338988
197_171,s2.759988,s-5.044301,s209.866209
197_172,s4.99289,s2.535951,s247.817093
197_173,s0.498591,s5.878895,s226.818233
197_174,s1.892342,s5.746437,s355.038788
197_175,s-1.67392,s-5.605398,s207.38103
197_176,s3.823116,s4.62426,s229.297775
197_177,s5.391681,s-2.269861,s328.283221
197_178,s2.235368,s5.188991,s229.653485
197_179,s1.631875,s-5.565697,s300.30407
197_180,s4.968661,s2.992057,s330.852549
197_181,s-3.226921,s-4.453873,s116.028088
197_182,s-5.164734,s-2.290856,s100.771856
197_183,s-3.934338,s4.329375,s65.38668
197_184,s5.714412,s1.829071,s247.045419
197_185,s-1.042076,s6.010331,s356.831301
197_186,s-4.874886,s2.75599,s111.599446
197_187,s-3.128984,s5.060826,s201.536115
197_188,s-5.511682,s2.839253,s77.156119
197_189,s-2.232041,s5.515478,s82.514438
197_190,s-4.657127,s-4.168173,s346.458414
197_191,s-0.97322,s-5.616301,s188.398432
197_192,s3.374211,s-5.201413,s212.256981
197_193,s-2.22999,s-5.516307,s162.385501
197_194,s4.544782,s-3.683403,s235.237894
197_195,s4.963469,s3.71537,s67.687062
197_196,s-5.280895,s-3.435425,s94.681466
198_0,s0.0,s0.0,s224.07799
198_1,s-0.148662,s0.371349,s324.138907
198_2,s-0.433521,s-0.120664,s43.560215
198_3,s0.190827,s-0.673487,s116.327727
198_4,s-0.913799,s-0.259751,s80.095038
198_5,s-0.447068,s0.663423,s97.607334
198_6,s-0.744268,s-0.590394,s194.56315
198_7,s-0.067394,s1.047835,s63.289603
198_8,s0.44541,s0.540009,s230.223708
198_9,s1.095233,s-0.350664,s121.948796
198_10,s0.734919,s-0.948627,s215.942255
198_11,s1.050575,s0.847816,s64.136372
198_12,s1.373843,s0.46374,s347.862517
198_13,s-1.245248,s-0.63981,s125.561183
198_14,s0.338793,s-1.306797,s194.028876
198_15,s-0.179821,s1.640172,s282.801172
198_16,s1.593643,s0.142487,s235.155091
198_17,s1.541295,s-0.929737,s310.83356
198_18,s-1.250661,s-1.151455,s199.265546
198_19,s0.914429,s1.373433,s12.198963
198_20,s-0.990518,s0.917264,s50.454835
198_21,s-1.575529,s0.490109,s161.451982
198_22,s-1.731787,s0.896333,s41.722179
198_23,s-0.4896,s-1.523251,s233.738856
198_24,s-0.59971,s1.855491,s332.670797
198_25,s2.195039,s0.14766,s276.378481
198_26,s-1.046984,s1.820391,s55.830495
198_27,s1.478226,s1.561201,s231.407036
198_28,s1.009852,s-1.784012,s287.529052
198_29,s-1.799898,s-1.265056,s121.541619
198_30,s-0.69012,s-2.088955,s218.237921
198_31,s0.424488,s-2.158659,s199.060667
198_32,s0.943868,s2.260888,s331.390383
198_33,s-1.284294,s-1.908033,s93.051652
198_34,s-2.436729,s1.041563,s178.101692
198_35,s1.524309,s-1.981535,s193.08367
198_36,s2.128314,s-1.213581,s173.42918
198_37,s2.21165,s1.36697,s351.856848
198_38,s-1.943709,s-0.471164,s76.317652
198_39,s-1.7889,s2.282507,s354.121861
198_40,s-1.783567,s1.605891,s35.245421
198_41,s2.363303,s0.957756,s214.713346
198_42,s-2.218369,s-0.915881,s115.824923
198_43,s-0.865964,s-2.715254,s242.256704
198_44,s-2.023115,s-2.215176,s153.40833
198_45,s1.539398,s2.157024,s334.41392
198_46,s-0.56078,s2.641122,s352.15862
198_47,s2.391934,s-0.883827,s342.58859
198_48,s0.539859,s2.798402,s102.03545
198_49,s3.14502,s0.590636,s36.746496
198_50,s2.864552,s-0.452045,s297.59072
198_51,s2.406737,s-1.790983,s273.36504
198_52,s1.057025,s-2.646733,s184.135559
198_53,s-2.394613,s1.635796,s356.642679
198_54,s-2.905277,s0.747906,s72.500196
198_55,s-1.029026,s-3.345311,s77.506439
198_56,s-1.077656,s2.311095,s6.634927
198_57,s2.682851,s1.650699,s294.589367
198_58,s-2.807388,s1.535765,s66.143347
198_59,s-2.910519,s-0.481016,s52.863442
198_60,s0.539087,s-3.30634,s246.659103
198_61,s3.046104,s-1.26935,s346.454119
198_62,s-2.508949,s-1.986246,s126.411505
198_63,s-2.93107,s-1.622137,s82.261795
198_64,s1.985035,s-2.445841,s275.447764
198_65,s1.200553,s3.340834,s100.302035
198_66,s-2.291591,s2.711294,s338.119892
198_67,s3.187388,s1.183451,s278.967592
198_68,s-1.447782,s3.131521,s10.710101
198_69,s-2.845785,s2.204883,s111.039982
198_70,s-3.328107,s0.382364,s87.537311
198_71,s2.227809,s2.226963,s330.431299
198_72,s-3.373023,s-2.055533,s83.431494
198_73,s3.579258,s-0.937503,s329.234523
198_74,s0.442226,s3.47195,s10.190142
198_75,s1.722208,s-3.331141,s137.944124
198_76,s-3.621853,s-0.452413,s186.833749
198_77,s1.977097,s3.068157,s345.225682
198_78,s-1.829454,s-3.042302,s93.900732
198_79,s3.253774,s-1.962895,s273.354185
198_80,s-0.325149,s3.786064,s131.920094
198_81,s-2.642866,s3.068837,s62.521798
198_82,s1.630583,s3.597735,s69.101863
198_83,s2.725321,s3.129716,s330.762874
198_84,s2.95204,s2.146616,s7.081862
198_85,s2.410285,s-2.872808,s153.463555
198_86,s3.471528,s2.181397,s335.572071
198_87,s-0.231783,s-3.29185,s231.091314
198_88,s2.879316,s-2.323691,s230.103259
198_89,s4.142602,s-0.247685,s338.630898
198_90,s-3.731807,s1.440005,s254.30311
198_91,s1.18635,s4.133107,s345.164607
198_92,s2.81654,s-2.979447,s229.20729
198_93,s2.077396,s-3.764894,s240.696507
198_94,s3.798107,s1.672389,s289.594995
198_95,s4.266966,s1.073779,s316.595207
198_96,s-0.576484,s4.311632,s139.266225
198_97,s-4.016726,s-1.04327,s38.835671
198_98,s-2.12813,s3.62092,s51.486677
198_99,s-1.605121,s-3.609167,s192.198402
198_100,s-2.057409,s-3.604105,s97.529507
198_101,s3.761321,s-1.501655,s322.282092
198_102,s-3.11213,s2.669204,s69.175553
198_103,s3.612748,s-2.92755,s264.083497
198_104,s0.498426,s-3.968825,s293.549509
198_105,s-0.944496,s-3.938328,s323.950988
198_106,s-3.905641,s2.02632,s347.918465
198_107,s-0.556445,s-4.213415,s160.216844
198_108,s2.546828,s3.709942,s354.774885
198_109,s1.068345,s-4.319854,s314.737555
198_110,s-4.401897,s0.652538,s141.517355
198_111,s-4.280539,s-2.280238,s210.497366
198_112,s-4.138004,s1.495634,s82.519476
198_113,s-3.417892,s-2.927117,s312.781521
198_114,s-2.909704,s-3.627137,s117.572004
198_115,s-4.641877,s-1.221873,s234.093079
198_116,s-2.427069,s-4.02484,s138.071358
198_117,s2.081235,s-4.269773,s189.529959
198_118,s3.980854,s-2.304951,s265.834882
198_119,s-2.96033,s3.714693,s115.258664
198_120,s-1.779767,s4.241748,s234.524682
198_121,s-1.286726,s-4.62432,s76.009566
198_122,s3.264641,s3.311287,s288.730364
198_123,s4.114851,s2.471437,s325.179175
198_124,s4.720079,s0.872271,s221.002385
198_125,s4.384339,s-1.391967,s299.380666
198_126,s1.752158,s4.090531,s286.453023
198_127,s-4.462163,s-1.768926,s154.229839
198_128,s0.734017,s4.541059,s318.775932
198_129,s-4.583828,s1.868428,s34.632312
198_130,s-2.338573,s4.305935,s39.713206
198_131,s1.88746,s4.684015,s270.206685
198_132,s1.262205,s-4.682877,s227.232629
198_133,s-4.334511,s2.492391,s352.874167
198_134,s-3.559659,s3.790624,s78.929621
198_135,s-0.766759,s4.890254,s249.746215
198_136,s-0.294598,s-4.841045,s149.263863
198_137,s-1.969752,s-4.758422,s143.794882
198_138,s-4.381645,s3.487289,s46.265183
198_139,s3.6284,s-3.794366,s69.325057
198_140,s-1.430746,s4.686466,s315.101227
198_141,s4.960701,s1.383455,s233.607032
198_142,s2.603502,s-4.501309,s241.388774
198_143,s1.087243,s-5.187283,s153.455227
198_144,s-5.067011,s1.168504,s273.564415
198_145,s-4.027343,s-3.209829,s97.458321
198_146,s-4.671143,s-2.709322,s128.431303
198_147,s4.792428,s-1.744315,s270.057346
198_148,s-3.338887,s4.180231,s16.404482
198_149,s3.012327,s4.360721,s349.97996
198_150,s4.497803,s-2.803528,s260.32087
198_151,s0.648022,s5.159464,s80.6762
198_152,s5.33706,s-1.103761,s8.069186
198_153,s1.294107,s5.242641,s288.174642
198_154,s-5.188682,s0.342899,s160.028066
198_155,s4.078141,s-3.46284,s295.524053
198_156,s-4.706081,s-0.644441,s83.281673
198_157,s-3.741977,s-3.962336,s152.01871
198_158,s-1.838983,s4.917381,s7.800502
198_159,s-1.054295,s5.448941,s50.331858
198_160,s4.480629,s3.441869,s118.553002
198_161,s-4.968278,s-1.845593,s73.634258
198_162,s3.683805,s-4.283933,s285.667762
198_163,s5.428609,s0.482389,s252.648033
198_164,s-5.573549,s-0.926313,s67.282553
198_165,s3.913991,s3.934866,s81.906352
198_166,s-0.95946,s-5.110718,s107.450386
198_167,s-5.387857,s1.331726,s114.30071
198_168,s5.416485,s1.7753,s56.616553
198_169,s-0.475438,s5.278632,s15.139094
198_170,s-2.812482,s-4.784605,s137.338988
198_171,s2.759988,s-5.044301,s209.866209
198_172,s4.99289,s2.535951,s247.817093
198_173,s0.498591,s5.878895,s226.818233
198_174,s1.892342,s5.746437,s355.038788
198_175,s-1.67392,s-5.605398,s207.38103
198_176,s3.823116,s4.62426,s229.297775
198_177,s5.391681,s-2.269861,s328.283221
198_178,s2.235368,s5.188991,s229.653485
198_179,s1.631875,s-5.565697,s300.30407
198_180,s4.968661,s2.992057,s330.852549
198_181,s-3.226921,s-4.453873,s116.028088
198_182,s-5.164734,s-2.290856,s100.771856
198_183,s-3.934338,s4.329375,s65.38668
198_184,s5.714412,s1.829071,s247.045419
198_185,s-1.042076,s6.010331,s356.831301
198_186,s-4.874886,s2.75599,s111.599446
198_187,s-3.128984,s5.060826,s201.536115
198_188,s-5.511682,s2.839253,s77.156119
198_189,s-2.232041,s5.515478,s82.514438
198_190,s-4.657127,s-4.168173,s346.458414
198_191,s-0.97322,s-5.616301,s188.398432
198_192,s3.374211,s-5.201413,s212.256981
198_193,s-2.22999,s-5.516307,s162.385501
198_194,s4.544782,s-3.683403,s235.237894
198_195,s4.963469,s3.71537,s67.687062
198_196,s-5.280895,s-3.435425,s94.681466
198_197,s1.307954,s5.701908,s42.78496
199_0,s0.0,s0.0,s224.07799
199_1,s-0.148662,s0.371349,s324.138907
199_2,s-0.433521,s-0.120664,s43.560215
199_3,s0.190827,s-0.673487,s116.327727
199_4,s-0.913799,s-0.259751,s80.095038
199_5,s-0.447068,s0.663423,s97.607334
199_6,s-0.744268,s-0.590394,s194.56315
199_7,s-0.067394,s1.047835,s63.289603
199_8,s0.44541,s0.540009,s230.223708
199_9,s1.095233,s-0.350664,s121.948796
199_10,s0.734919,s-0.948627,s215.942255
199_11,s1.050575,s0.847816,s64.136372
199_12,s1.373843,s0.46374,s347.862517
199_13,s-1.245248,s-0.63981,s125.561183
199_14,s0.338793,s-1.306797,s194.028876
199_15,s-0.179821,s1.640172,s282.801172
199_16,s1.593643,s0.142487,s235.155091
199_17,s1.541295,s-0.929737,s310.83356
199_18,s-1.250661,s-1.151455,s199.265546
199_19,s0.914429,s1.373433,s12.198963
199_20,s-0.990518,s0.917264,s50.454835
199_21,s-1.575529,s0.490109,s161.451982
199_22,s-1.731787,s0.896333,s41.722179
199_23,s-0.4896,s-1.523251,s233.738856
199_24,s-0.59971,s1.855491,s332.670797
199_25,s2.195039,s0.14766,s276.378481
199_26,s-1.046984,s1.820391,s55.830495
199_27,s1.478226,s1.561201,s231.407036
199_28,s1.009852,s-1.784012,s287.529052
199_29,s-1.799898,s-1.265056,s121.541619
199_30,s-0.69012,s-2.088955,s218.237921
199_31,s0.424488,s-2.158659,s199.060667
199_32,s0.943868,s2.260888,s331.390383
199_33,s-1.284294,s-1.908033,s93.051652
199_34,s-2.436729,s1.041563,s178.101692
199_35,s1.524309,s-1.981535,s193.08367
199_36,s2.128314,s-1.213581,s173.42918
199_37,s2.21165,s1.36697,s351.856848
199_38,s-1.943709,s-0.471164,s76.317652
199_39,s-1.7889,s2.282507,s354.121861
199_40,s-1.783567,s1.605891,s35.245421
199_41,s2.363303,s0.957756,s214.713346
199_42,s-2.218369,s-0.915881,s115.824923
199_43,s-0.865964,s-2.715254,s242.256704
199_44,s-2.023115,s-2.215176,s153.40833
199_45,s1.539398,s2.157024,s334.41392
199_46,s-0.56078,s2.641122,s352.15862
199_47,s2.391934,s-0.883827,s342.58859
199_48,s0.539859,s2.798402,s102.03545
199_49,s3.14502,s0.590636,s36.746496
199_50,s2.864552,s-0.452045,s297.59072
199_51,s2.406737,s-1.790983,s273.36504
199_52,s1.057025,s-2.646733,s184.135559
199_53,s-2.394613,s1.635796,s356.642679
199_54,s-2.905277,s0.747906,s72.500196
199_55,s-1.029026,s-3.345311,s77.506439
199_56,s-1.077656,s2.311095,s6.634927
199_57,s2.682851,s1.650699,s294.589367
199_58,s-2.807388,s1.535765,s66.143347
199_59,s-2.910519,s-0.481016,s52.863442
199_60,s0.539087,s-3.30634,s246.659103
199_61,s3.046104,s-1.26935,s346.454119
199_62,s-2.508949,s-1.986246,s126.411505
199_63,s-2.93107,s-1.622137,s82.261795
199_64,s1.985035,s-2.445841,s275.447764
199_65,s1.200553,s3.340834,s100.302035
199_66,s-2.291591,s2.711294,s338.119892
199_67,s3.187388,s1.183451,s278.967592
199_68,s-1.447782,s3.131521,s10.710101
199_69,s-2.845785,s2.204883,s111.039982
199_70,s-3.328107,s0.382364,s87.537311
199_71,s2.227809,s2.226963,s330.431299
199_72,s-3.373023,s-2.055533,s83.431494
199_73,s3.579258,s-0.937503,s329.234523
199_74,s0.442226,s3.47195,s10.190142
199_75,s1.722208,s-3.331141,s137.944124
199_76,s-3.621853,s-0.452413,s186.833749
199_77,s1.977097,s3.068157,s345.225682
199_78,s-1.829454,s-3.042302,s93.900732
199_79,s3.253774,s-1.962895,s273.354185
199_80,s-0.325149,s3.786064,s131.920094
199_81,s-2.642866,s3.068837,s62.521798
199_82,s1.630583,s3.597735,s69.101863
199_83,s2.725321,s3.129716,s330.762874
199_84,s2.95204,s2.146616,s7.081862
199_85,s2.410285,s-2.872808,s153.463555
199_86,s3.471528,s2.181397,s335.572071
199_87,s-0.231783,s-3.29185,s231.091314
199_88,s2.879316,s-2.323691,s230.103259
199_89,s4.142602,s-0.247685,s338.630898
199_90,s-3.731807,s1.440005,s254.30311
199_91,s1.18635,s4.133107,s345.164607
199_92,s2.81654,s-2.979447,s229.20729
199_93,s2.077396,s-3.764894,s240.696507
199_94,s3.798107,s1.672389,s289.594995
199_95,s4.266966,s1.073779,s316.595207
199_96,s-0.576484,s4.311632,s139.266225
199_97,s-4.016726,s-1.04327,s38.835671
199_98,s-2.12813,s3.62092,s51.486677
199_99,s-1.605121,s-3.609167,s192.198402
199_100,s-2.057409,s-3.604105,s97.529507
199_101,s3.761321,s-1.501655,s322.282092
199_102,s-3.11213,s2.669204,s69.175553
199_103,s3.612748,s-2.92755,s264.083497
199_104,s0.498426,s-3.968825,s293.549509
199_105,s-0.944496,s-3.938328,s323.950988
199_106,s-3.905641,s2.02632,s347.918465
199_107,s-0.556445,s-4.213415,s160.216844
199_108,s2.546828,s3.709942,s354.774885
199_109,s1.068345,s-4.319854,s314.737555
199_110,s-4.401897,s0.652538,s141.517355
199_111,s-4.280539,s-2.280238,s210.497366
199_112,s-4.138004,s1.495634,s82.519476
199_113,s-3.417892,s-2.927117,s312.781521
199_114,s-2.909704,s-3.627137,s117.572004
199_115,s-4.641877,s-1.221873,s234.093079
199_116,s-2.427069,s-4.02484,s138.071358
199_117,s2.081235,s-4.269773,s189.529959
199_118,s3.980854,s-2.304951,s265.834882
199_119,s-2.96033,s3.714693,s115.258664
199_120,s-1.779767,s4.241748,s234.524682
199_121,s-1.286726,s-4.62432,s76.009566
199_122,s3.264641,s3.311287,s288.730364
199_123,s4.114851,s2.471437,s325.179175
199_124,s4.720079,s0.872271,s221.002385
199_125,s4.384339,s-1.391967,s299.380666
199_126,s1.752158,s4.090531,s286.453023
199_127,s-4.462163,s-1.768926,s154.229839
199_128,s0.734017,s4.541059,s318.775932
199_129,s-4.583828,s1.868428,s34.632312
199_130,s-2.338573,s4.305935,s39.713206
199_131,s1.88746,s4.684015,s270.206685
199_132,s1.262205,s-4.682877,s227.232629
199_133,s-4.334511,s2.492391,s352.874167
199_134,s-3.559659,s3.790624,s78.929621
199_135,s-0.766759,s4.890254,s249.746215
199_136,s-0.294598,s-4.841045,s149.263863
199_137,s-1.969752,s-4.758422,s143.794882
199_138,s-4.381645,s3.487289,s46.265183
199_139,s3.6284,s-3.794366,s69.325057
199_140,s-1.430746,s4.686466,s315.101227
199_141,s4.960701,s1.383455,s233.607032
199_142,s2.603502,s-4.501309,s241.388774
199_143,s1.087243,s-5.187283,s153.455227
199_144,s-5.067011,s1.168504,s273.564415
199_145,s-4.027343,s-3.209829,s97.458321
199_146,s-4.671143,s-2.709322,s128.431303
199_147,s4.792428,s-1.744315,s270.057346
199_148,s-3.338887,s4.180231,s16.404482
199_149,s3.012327,s4.360721,s349.97996
199_150,s4.497803,s-2.803528,s260.32087
199_151,s0.648022,s5.159464,s80.6762
199_152,s5.33706,s-1.103761,s8.069186
199_153,s1.294107,s5.242641,s288.174642
199_154,s-5.188682,s0.342899,s160.028066
199_155,s4.078141,s-3.46284,s295.524053
199_156,s-4.706081,s-0.644441,s83.281673
199_157,s-3.741977,s-3.962336,s152.01871
199_158,s-1.838983,s4.917381,s7.800502
199_159,s-1.054295,s5.448941,s50.331858
199_160,s4.480629,s3.441869,s118.553002
199_161,s-4.968278,s-1.845593,s73.634258
199_162,s3.683805,s-4.283933,s285.667762
199_163,s5.428609,s0.482389,s252.648033
199_164,s-5.573549,s-0.926313,s67.282553
199_165,s3.913991,s3.934866,s81.906352
199_166,s-0.95946,s-5.110718,s107.450386
199_167,s-5.387857,s1.331726,s114.30071
199_168,s5.416485,s1.7753,s56.616553
199_169,s-0.475438,s5.278632,s15.139094
199_170,s-2.812482,s-4.784605,s137.338988
199_171,s2.759988,s-5.044301,s209.866209
199_172,s4.99289,s2.535951,s247.817093
199_173,s0.498591,s5.878895,s226.818233
199_174,s1.892342,s5.746437,s355.038788
199_175,s-1.67392,s-5.605398,s207.38103
199_176,s3.823116,s4.62426,s229.297775
199_177,s5.391681,s-2.269861,s328.283221
199_178,s2.235368,s5.188991,s229.653485
199_179,s1.631875,s-5.565697,s300.30407
199_180,s4.968661,s2.992057,s330.852549
199_181,s-3.226921,s-4.453873,s116.028088
199_182,s-5.164734,s-2.290856,s100.771856
199_183,s-3.934338,s4.329375,s65.38668
199_184,s5.714412,s1.829071,s247.045419
199_185,s-1.042076,s6.010331,s356.831301
199_186,s-4.874886,s2.75599,s111.599446
199_187,s-3.128984,s5.060826,s201.536115
199_188,s-5.511682,s2.839253,s77.156119
199_189,s-2.232041,s5.515478,s82.514438
199_190,s-4.657127,s-4.168173,s346.458414
199_191,s-0.97322,s-5.616301,s188.398432
199_192,s3.374211,s-5.201413,s212.256981
199_193,s-2.22999,s-5.516307,s162.385501
199_194,s4.544782,s-3.683403,s235.237894
199_195,s4.963469,s3.71537,s67.687062
199_196,s-5.280895,s-3.435425,s94.681466
199_197,s1.307954,s5.701908,s42.78496
199_198,s2.698376,s5.358989,s308.216107
200_0,s0.0,s0.0,s224.07799
200_1,s-0.148662,s0.371349,s324.138907
200_2,s-0.433521,s-0.120664,s43.560215
200_3,s0.190827,s-0.673487,s116.327727
200_4,s-0.913799,s-0.259751,s80.095038
200_5,s-0.447068,s0.663423,s97.607334
200_6,s-0.744268,s-0.590394,s194.56315
200_7,s-0.067394,s1.047835,s63.289603
200_8,s0.44541,s0.540009,s230.223708
200_9,s1.095233,s-0.350664,s121.948796
200_10,s0.734919,s-0.948627,s215.942255
200_11,s1.050575,s0.847816,s64.136372
200_12,s1.373843,s0.46374,s347.862517
200_13,s-1.245248,s-0.63981,s125.561183
200_14,s0.338793,s-1.306797,s194.028876
200_15,s-0.179821,s1.640172,s282.801172
200_16,s1.593643,s0.142487,s235.155091
200_17,s1.541295,s-0.929737,s310.83356
200_18,s-1.250661,s-1.151455,s199.265546
200_19,s0.914429,s1.373433,s12.198963
200_20,s-0.990518,s0.917264,s50.454835
200_21,s-1.575529,s0.490109,s161.451982
200_22,s-1.731787,s0.896333,s41.722179
200_23,s-0.4896,s-1.523251,s233.738856
200_24,s-0.59971,s1.855491,s332.670797
200_25,s2.195039,s0.14766,s276.378481
200_26,s-1.046984,s1.820391,s55.830495
200_27,s1.478226,s1.561201,s231.407036
200_28,s1.009852,s-1.784012,s287.529052
200_29,s-1.799898,s-1.265056,s121.541619
200_30,s-0.69012,s-2.088955,s218.237921
200_31,s0.424488,s-2.158659,s199.060667
200_32,s0.943868,s2.260888,s331.390383
200_33,s-1.284294,s-1.908033,s93.051652
200_34,s-2.436729,s1.041563,s178.101692
200_35,s1.524309,s-1.981535,s193.08367
200_36,s2.128314,s-1.213581,s173.42918
200_37,s2.21165,s1.36697,s351.856848
200_38,s-1.943709,s-0.471164,s76.317652
200_39,s-1.7889,s2.282507,s354.121861
200_40,s-1.783567,s1.605891,s35.245421
200_41,s2.363303,s0.957756,s214.713346
200_42,s-2.218369,s-0.915881,s115.824923
200_43,s-0.865964,s-2.715254,s242.256704
200_44,s-2.023115,s-2.215176,s153.40833
200_45,s1.539398,s2.157024,s334.41392
200_46,s-0.56078,s2.641122,s352.15862
200_47,s2.391934,s-0.883827,s342.58859
200_48,s0.539859,s2.798402,s102.03545
200_49,s3.14502,s0.590636,s36.746496
200_50,s2.864552,s-0.452045,s297.59072
200_51,s2.406737,s-1.790983,s273.36504
200_52,s1.057025,s-2.646733,s184.135559
200_53,s-2.394613,s1.635796,s356.642679
200_54,s-2.905277,s0.747906,s72.500196
200_55,s-1.029026,s-3.345311,s77.506439
200_56,s-1.077656,s2.311095,s6.634927
200_57,s2.682851,s1.650699,s294.589367
200_58,s-2.807388,s1.535765,s66.143347
200_59,s-2.910519,s-0.481016,s52.863442
200_60,s0.539087,s-3.30634,s246.659103
200_61,s3.046104,s-1.26935,s346.454119
200_62,s-2.508949,s-1.986246,s126.411505
200_63,s-2.93107,s-1.622137,s82.261795
200_64,s1.985035,s-2.445841,s275.447764
200_65,s1.200553,s3.340834,s100.302035
200_66,s-2.291591,s2.711294,s338.119892
200_67,s3.187388,s1.183451,s278.967592
200_68,s-1.447782,s3.131521,s10.710101
200_69,s-2.845785,s2.204883,s111.039982
200_70,s-3.328107,s0.382364,s87.537311
200_71,s2.227809,s2.226963,s330.431299
200_72,s-3.373023,s-2.055533,s83.431494
200_73,s3.579258,s-0.937503,s329.234523
200_74,s0.442226,s3.47195,s10.190142
200_75,s1.722208,s-3.331141,s137.944124
200_76,s-3.621853,s-0.452413,s186.833749
200_77,s1.977097,s3.068157,s345.225682
200_78,s-1.829454,s-3.042302,s93.900732
200_79,s3.253774,s-1.962895,s273.354185
200_80,s-0.325149,s3.786064,s131.920094
200_81,s-2.642866,s3.068837,s62.521798
200_82,s1.630583,s3.597735,s69.101863
200_83,s2.725321,s3.129716,s330.762874
200_84,s2.95204,s2.146616,s7.081862
200_85,s2.410285,s-2.872808,s153.463555
200_86,s3.471528,s2.181397,s335.572071
200_87,s-0.231783,s-3.29185,s231.091314
200_88,s2.879316,s-2.323691,s230.103259
200_89,s4.142602,s-0.247685,s338.630898
200_90,s-3.731807,s1.440005,s254.30311
200_91,s1.18635,s4.133107,s345.164607
200_92,s2.81654,s-2.979447,s229.20729
200_93,s2.077396,s-3.764894,s240.696507
200_94,s3.798107,s1.672389,s289.594995
200_95,s4.266966,s1.073779,s316.595207
200_96,s-0.576484,s4.311632,s139.266225
200_97,s-4.016726,s-1.04327,s38.835671
200_98,s-2.12813,s3.62092,s51.486677
200_99,s-1.605121,s-3.609167,s192.198402
200_100,s-2.057409,s-3.604105,s97.529507
200_101,s3.761321,s-1.501655,s322.282092
200_102,s-3.11213,s2.669204,s69.175553
200_103,s3.612748,s-2.92755,s264.083497
200_104,s0.498426,s-3.968825,s293.549509
200_105,s-0.944496,s-3.938328,s323.950988
200_106,s-3.905641,s2.02632,s347.918465
200_107,s-0.556445,s-4.213415,s160.216844
200_108,s2.546828,s3.709942,s354.774885
200_109,s1.068345,s-4.319854,s314.737555
200_110,s-4.401897,s0.652538,s141.517355
200_111,s-4.280539,s-2.280238,s210.497366
200_112,s-4.138004,s1.495634,s82.519476
200_113,s-3.417892,s-2.927117,s312.781521
200_114,s-2.909704,s-3.627137,s117.572004
200_115,s-4.641877,s-1.221873,s234.093079
200_116,s-2.427069,s-4.02484,s138.071358
200_117,s2.081235,s-4.269773,s189.529959
200_118,s3.980854,s-2.304951,s265.834882
200_119,s-2.96033,s3.714693,s115.258664
200_120,s-1.779767,s4.241748,s234.524682
200_121,s-1.286726,s-4.62432,s76.009566
200_122,s3.264641,s3.311287,s288.730364
200_123,s4.114851,s2.471437,s325.179175
200_124,s4.720079,s0.872271,s221.002385
200_125,s4.384339,s-1.391967,s299.380666
200_126,s1.752158,s4.090531,s286.453023
200_127,s-4.462163,s-1.768926,s154.229839
200_128,s0.734017,s4.541059,s318.775932
200_129,s-4.583828,s1.868428,s34.632312
200_130,s-2.338573,s4.305935,s39.713206
200_131,s1.88746,s4.684015,s270.206685
200_132,s1.262205,s-4.682877,s227.232629
200_133,s-4.334511,s2.492391,s352.874167
200_134,s-3.559659,s3.790624,s78.929621
200_135,s-0.766759,s4.890254,s249.746215
200_136,s-0.294598,s-4.841045,s149.263863
200_137,s-1.969752,s-4.758422,s143.794882
200_138,s-4.381645,s3.487289,s46.265183
200_139,s3.6284,s-3.794366,s69.325057
200_140,s-1.430746,s4.686466,s315.101227
200_141,s4.960701,s1.383455,s233.607032
200_142,s2.603502,s-4.501309,s241.388774
200_143,s1.087243,s-5.187283,s153.455227
200_144,s-5.067011,s1.168504,s273.564415
200_145,s-4.027343,s-3.209829,s97.458321
200_146,s-4.671143,s-2.709322,s128.431303
200_147,s4.792428,s-1.744315,s270.057346
200_148,s-3.338887,s4.180231,s16.404482
200_149,s3.012327,s4.360721,s349.97996
200_150,s4.497803,s-2.803528,s260.32087
200_151,s0.648022,s5.159464,s80.6762
200_152,s5.33706,s-1.103761,s8.069186
200_153,s1.294107,s5.242641,s288.174642
200_154,s-5.188682,s0.342899,s160.028066
200_155,s4.078141,s-3.46284,s295.524053
200_156,s-4.706081,s-0.644441,s83.281673
200_157,s-3.741977,s-3.962336,s152.01871
200_158,s-1.838983,s4.917381,s7.800502
200_159,s-1.054295,s5.448941,s50.331858
200_160,s4.480629,s3.441869,s118.553002
200_161,s-4.968278,s-1.845593,s73.634258
200_162,s3.683805,s-4.283933,s285.667762
200_163,s5.428609,s0.482389,s252.648033
200_164,s-5.573549,s-0.926313,s67.282553
200_165,s3.913991,s3.934866,s81.906352
200_166,s-0.95946,s-5.110718,s107.450386
200_167,s-5.387857,s1.331726,s114.30071
200_168,s5.416485,s1.7753,s56.616553
200_169,s-0.475438,s5.278632,s15.139094
200_170,s-2.812482,s-4.784605,s137.338988
200_171,s2.759988,s-5.044301,s209.866209
200_172,s4.99289,s2.535951,s247.817093
200_173,s0.498591,s5.878895,s226.818233
200_174,s1.892342,s5.746437,s355.038788
200_175,s-1.67392,s-5.605398,s207.38103
200_176,s3.823116,s4.62426,s229.297775
200_177,s5.391681,s-2.269861,s328.283221
200_178,s2.235368,s5.188991,s229.653485
200_179,s1.631875,s-5.565697,s300.30407
200_180,s4.968661,s2.992057,s330.852549
200_181,s-3.226921,s-4.453873,s116.028088
200_182,s-5.164734,s-2.290856,s100.771856
200_183,s-3.934338,s4.329375,s65.38668
200_184,s5.714412,s1.829071,s247.045419
200_185,s-1.042076,s6.010331,s356.831301
200_186,s-4.874886,s2.75599,s111.599446
200_187,s-3.128984,s5.060826,s201.536115
200_188,s-5.511682,s2.839253,s77.156119
200_189,s-2.232041,s5.515478,s82.514438
200_190,s-4.657127,s-4.168173,s346.458414
200_191,s-0.97322,s-5.616301,s188.398432
200_192,s3.374211,s-5.201413,s212.256981
200_193,s-2.22999,s-5.516307,s162.385501
200_194,s4.544782,s-3.683403,s235.237894
200_195,s4.963469,s3.71537,s67.687062
200_196,s-5.280895,s-3.435425,s94.681466
200_197,s1.307954,s5.701908,s42.78496
200_198,s2.698376,s5.358989,s308.216107
200_199,s-3.516837,s5.227031,s5.790843
